date,code,short,full,day5,day10,day20,day60,day120,day250,day364
2017/04/27,002099,海翔药业,海翔药业2016年度业绩说明会,0.0022883295194506704,-0.029840388619014672,-0.01064159520611631,-0.006312662458224959,0.010043239332288248,-0.13538131650998175,-0.19446646480136193
2017/05/12,300277,海联讯,海联讯2016年度业绩说明会,0.0,0.0,0.0,0.0,0.0,0.0,0.0
2017/04/18,600387,海越股份,海越股份2016年度业绩说明会,0.0,0.0,0.0,0.0,0.0007084597358718857,-0.09285724225262004,-0.1998962023387803
2017/05/02,300584,海辰药业,海辰药业2016年度业绩网上说明会,0.0,0.0,0.0,0.0,0.0,0.0,0.0
2017/04/13,300320,海达股份,海达股份2016年度业绩网上说明会,0.0,0.0,0.0,0.0,0.0,0.0,0.0
2017/03/10,300501,海顺新材,海顺新材2016年度业绩说明会,0.0,0.0,0.0,0.0,0.0,0.0,0.0
2017/04/05,002084,海鸥卫浴,海鸥卫浴2016年度业绩说明会,-0.006253006253006206,-0.012937230474364928,-0.08549819138441307,-0.13509039650311697,-0.010861618798956,-0.2112185478556731,-0.2441975146294957
2017/04/21,300339,润和软件,润和软件2016年度业绩说明会,0.0,0.0,0.0,0.0,0.0,0.0,0.0
2017/03/14,300493,润欣科技,润欣科技2016年度业绩说明会,0.0,0.0,0.0,0.0,0.0,0.0,0.0
2017/04/26,002483,润邦股份,润邦股份2016年度业绩网上说明会,0.008598452278589823,-0.0353173623116818,-0.03426550948248133,-0.26415831635358794,-0.1766488217655462,-0.19584613260621994,-0.2027919730774019
2017/04/07,002507,涪陵榨菜,涪陵榨菜2016年度业绩说明会,0.015009380863039526,0.03030303030303043,0.01411457715573476,-0.32796419171302926,-0.03557118689342013,0.1680568493560435,0.4453744330961248
2017/04/18,300540,深冷股份,深冷股份2016年度业绩说明会,0.0,0.0,0.0,0.0,0.0,0.0,0.0
2017/03/08,002168,深圳惠程,深圳惠程2016年度业绩说明会,0.0,0.0,0.0,0.0,0.0,0.0,-0.05266781411359717
2017/05/04,002573,清新环境,清新环境2016年度业绩网上说明会,-0.054358013120899884,-0.03890048712595699,-0.07862285028662845,0.005762179151387945,0.07633689079294063,0.07313564851736441,-0.22707903899118279
2017/04/12,300283,温州宏丰,温州宏丰2016年度业绩说明会,0.0,0.0,0.0,0.0,0.0,0.0,0.0
2017/04/12,300498,温氏股份,温氏股份2016年度业绩网上说明会,0.0,0.0,0.0,0.0,0.0,0.0,0.0
2017/04/12,002174,游族网络,游族网络2016年度业绩网上说明会,-0.01970619849516305,0.012315604276627373,0.054821180336155365,0.11882647534141944,-0.0037274344044630754,-0.13467539897882236,-0.15190436474840135
2017/03/22,002155,湖南黄金,湖南黄金2016年度业绩说明会,0.005291005291005251,-0.03956797175199905,0.03753916991750354,-0.14215186720112313,0.00011887496730927587,-0.11212022481062152,-0.10115623729010499
2017/04/14,002125,湘潭电化,湘潭电化2016年度业绩网上说明会,-0.04727272727272724,-0.09031044214487292,0.08734402852049916,-0.04988349422226463,0.1467159668330918,-0.11709353836753361,-0.1443909921215922
2017/04/18,300381,溢多利,溢多利2016年度业绩网上说明会,0.0,0.0,0.0,0.0,0.0,0.0,0.0
2017/04/26,002244,滨江集团,滨江集团2016年度业绩说明会,0.008256435162700337,0.013176858142886456,-0.017160686427457356,0.012106009379430762,0.008727221950708356,0.14565937931794376,-0.0804506190040211
2017/05/04,002351,漫步者,漫步者2016年度业绩网上说明会,-0.026464600769056813,-0.036426026131714626,-0.021560886729426028,0.03777119456303903,0.0023857607751629536,-0.20498928997727153,-0.20225411351071562
2017/05/08,300191,潜能恒信,潜能恒信2016年度业绩网上说明会,-0.03412607196534325,0.13054717794054294,0.10152979278022053,0.005455962587685385,-0.0330080462434306,-0.06833705457240379,-0.10062065926102756
2017/05/03,002345,潮宏基,潮宏基2016年度报告网上说明会,-0.02710280373831768,-0.06801736613603473,-0.028897188912915317,0.0668342309994018,0.07458671896889907,-0.001628195406960901,-0.08963585434173676
2017/03/24,002172,澳洋科技,澳洋科技2016年度业绩说明会,-0.012527634487840776,-0.0044444444444444375,0.006793478260869541,-0.18641086251443012,-0.07435318125501048,-0.22816294411390498,-0.28588116190327867
2017/05/04,300566,激智科技,激智科技2016年度业绩网上说明会,0.0,0.0,0.0,0.0,0.0,0.0,0.0
2017/04/28,002225,濮耐股份,濮耐股份2016年度业绩网上说明会,-0.001742160278745453,0.0008748906386701476,-0.017047607021088696,0.00546849869031753,0.057368715895180486,-0.10839752393463511,-0.20367534456355252
2017/04/10,300481,濮阳惠成,濮阳惠成2016年度业绩说明会,0.0,0.0,0.0,0.0,0.0,0.0,0.0
2017/05/05,300360,炬华科技,炬华科技2016年度业绩网上说明会,0.0,0.0,0.0,0.0,0.0,0.0,0.0
2017/03/27,002315,焦点科技,焦点科技2016年度业绩说明会,-0.035165194635263304,-0.010532241795876328,-0.0152827239886244,-0.5517571723894521,-0.42437639640387137,-0.2780885310104407,-0.34638797142637673
2017/03/17,002695,煌上煌,煌上煌2016年度业绩说明会,-0.018117817579459572,-0.012519837771116241,-0.03722373012795641,-0.16731508193973904,0.10024813895781653,-0.1362284250151362,-0.15752154210983485
2017/04/27,300588,熙菱信息,熙菱信息2016年度业绩网上说明会,0.0,0.0,0.0,0.0,0.0,0.0,0.0
2017/03/09,002732,燕塘乳业,燕塘乳业2016年度业绩说明会,0.014642549526270605,0.002126963350785353,-0.0032942761951110307,-0.11016458714322082,-0.022689738771060602,0.02257671059239997,-0.09864990781308845
2017/05/05,002403,爱仕达,爱仕达2016年度业绩网上说明会,-0.02028319938767704,-0.01636263128800458,-0.026883952667635536,0.028268951331358146,-0.01994322999225882,-0.04419766796224368,-0.11368488507394761
2017/04/26,300521,爱司凯,爱司凯2016年度业绩网上说明会,0.0,0.0,0.0,0.0,0.0,0.0,0.0
2017/04/13,300015,爱尔眼科,爱尔眼科2016年度业绩网上说明会,0.008326064546824292,0.0047846889952154175,-0.004283419596644706,-0.22386732470766083,-0.09067056769383244,0.1344061367553926,0.48402634609077727
2017/05/03,002610,爱康科技,爱康科技2016年度业绩网上说明会,-0.011807447774750138,-0.08172043010752701,-0.08172043010752701,-0.08172043010752701,-0.014713750668806919,-0.03762362542361167,-0.10913969188159935
2017/05/08,002416,爱施德,爱施德2016年度业绩网上说明会,-0.036618098159509005,0.022421524663677223,-0.026531408505657286,0.07899361555402318,0.06446860280822363,-0.09784299520977584,-0.1680111774587918
2017/05/05,002714,牧原股份,牧原股份2016年度业绩网上说明会,-0.030882493546228167,-0.040476588163242636,-0.04968844436124423,0.09095097766301605,0.4903959593754333,0.5771503988956548,0.18223160582328943
2017/04/11,002728,特一药业,特一药业2016年度业绩说明会,-0.007699796442162938,-0.059284726007295306,-0.062368369324085064,-0.11227563700263599,-0.05146182925834251,-0.13337951481732904,-0.05757033992913417
2017/04/27,002213,特尔佳,特尔佳2016年度网上业绩说明会,-0.0034818941504179256,-0.029929951178093897,0.0006725771935186242,-0.01177607874154162,-0.02782753326509687,-0.22111049432025853,-0.39812453499417405
2017/04/24,300001,特锐德,特锐德2016年度业绩网上说明会,0.012153204026516108,0.05589307411907644,-0.03040334523913215,0.040841083704002926,-0.009532748658082759,-0.13698670302443908,-0.15694819792402154
2017/04/17,002684,猛狮科技,猛狮科技2016年度业绩说明会,-0.004372267332917055,-0.004372267332917055,-0.004372267332917055,-0.004372267332917055,-0.004372267332917055,-0.10585143065332536,-0.17482400966384812
2017/04/27,002735,王子新材,王子新材2016年度业绩网上说明会,0.062081815871940234,-0.0190210499619579,0.0034589275474908986,-0.017568488759001778,-0.006317981801672862,-0.12070047390474727,-0.09673207430725558
2017/05/08,002799,环球印务,环球印务2016年度网上业绩说明会,0.012662099339368555,0.025590485417432206,-0.09390137871071919,-0.2742556573320005,-0.14441901856089528,-0.06860706860706856,-0.4238092562254968
2017/04/19,300425,环能科技,环能科技2016年度业绩说明会,0.0,0.0,0.0,0.0,0.0,0.0,0.0
2017/04/05,300317,珈伟股份,珈伟股份2016年度业绩说明会,0.0,0.0,0.0,0.0,0.0,0.0,0.0
2017/04/06,002461,珠江啤酒,珠江啤酒2016年度业绩网上说明会,0.023784167554135538,-0.03480207591330002,-0.07904548844146163,-0.0834210689292128,-0.03545869890429812,-0.0264934936908513,-0.10179907658016171
2017/03/14,300557,理工光科,理工光科2016年度业绩说明会,0.0,0.0,0.0,0.0,0.0,0.0,0.0
2017/05/09,002322,理工环科,理工环科2016年度业绩说明会,0.022212637481130067,0.017670794490051576,-0.009067589333651491,0.002557544757033145,0.04346483479211716,-0.15680072300045184,-0.26958789522979
2017/04/24,300206,理邦仪器,理邦仪器2016年度业绩说明会,0.029011786038077997,0.03045543447890482,0.013157894736842276,-0.03204627168985461,-0.020330487690472885,-0.061996147535136215,-0.17724564729887102
2017/04/05,300241,瑞丰光电,瑞丰光电2016年度业绩说明会,-0.011137484024100903,-0.037494242284661514,-0.08204543097189083,-0.08733793328041366,0.034628893210647514,0.28759993561195446,0.17144044932380836
2017/04/27,300243,瑞丰高材,瑞丰高材2016年度业绩网上说明会,0.007575757575757563,-0.004619907601847939,0.01507476350320401,-0.01036799715213799,-0.033765552800323465,0.039159841507036094,-0.019019907672463105
2017/05/08,300154,瑞凌股份,瑞凌股份2016年度业绩说明会,0.003301108229191284,0.003106796116504719,-0.01334379905808456,0.008870150847318261,0.014631354098314767,-0.18489346368593113,-0.19334168566177506
2017/05/09,002620,瑞和股份,瑞和股份2016年度业绩网上说明会,0.014127529591447108,0.059809398619782995,-0.03916880875770697,0.004426931886964675,-0.48588633462751224,-0.4948890765333539,-0.44623918655794165
2017/04/25,002790,瑞尔特,瑞尔特2016年度业绩网上说明会,0.007785467128027979,-0.022454763461957527,-0.05792391512139178,-0.01380659054120331,-0.04008160459469303,-0.1530122616438995,-0.15974231254196702
2017/04/11,002589,瑞康医药,瑞康医药2016年度业绩说明会,-0.012860082304526748,0.01873297002724798,0.0269153390245228,-0.48374605201263354,-0.3344280952768068,-0.25545231893636056,-0.05293656283796296
2017/04/27,300119,瑞普生物,瑞普生物2016年度业绩网上说明会,-1.1913862101946682e-16,-0.0426184793726561,-0.014801893845003803,0.0025639683951651855,0.0021415504131368328,-0.09422492401215855,-0.08463235583805045
2017/04/07,002066,瑞泰科技,瑞泰科技2016年度业绩说明会,-0.03381389252948884,-0.06688142353121644,-0.13242189039044952,-0.08268351265093941,-0.1024684913118054,-0.20433598793286362,-0.22801740834415643
2017/05/03,300600,瑞特股份,瑞特股份2016年度业绩网上说明会,0.0,0.0,0.0,0.0,0.0,0.0,0.0
2017/05/05,002095,生意宝,生意宝2016年度业绩网上说明会,0.03461481808808358,0.008184741303712398,-0.04089947194588952,0.015585448759673258,0.05646778708480403,-0.037583693638048137,0.18321781824712752
2017/04/28,300461,田中精机,田中精机2016年度业绩网上说明会,0.0,0.0,0.0,0.0,0.0,0.0,0.0
2017/04/24,002468,申通快递,申通快递2016年度网上业绩说明会,0.0026985350809562007,0.002699575780948719,-0.003477588871715742,-0.0009672360525497698,0.031683593859493424,-0.037762782835675905,-0.06753740196561127
2017/05/09,002730,电光科技,电光科技2016年度业绩网上说明会,0.011162630946247736,0.03167320358173621,0.028945879690741215,0.025686753919171454,-0.07160348200020866,-0.1263919418343436,-0.2201498232525195
2017/03/31,300215,电科院,电科院2016年度业绩说明会,0.020346646571213232,-0.05471496255540293,-0.03990753132984545,-0.11519713424173048,0.09608548806821322,-0.170150218058472,-0.22207292591437267
2017/05/10,002715,登云股份,登云股份2016年度网上业绩说明会,-0.00635276532137525,-0.0025692530480683094,-0.0027784938844490244,0.07912266450040634,0.1202767742618765,-0.05941493839442842,-0.2993311432015311
2017/04/28,002041,登海种业,登海种业2016年度业绩说明会,-0.00532043530834334,-0.015123570638140913,-0.011729738336606472,0.012921488956074489,0.015628878490066667,-0.03241564448109384,-0.24205307764247502
2017/04/14,002455,百川股份,百川股份2016年度业绩说明会,-0.03129657228017883,-0.09556164383561655,0.018466703973139344,-0.1441252826396449,0.07858313507798002,-0.12910420586271806,-0.2614394489449138
2017/04/21,002568,百润股份,百润股份2016年度业绩说明会,0.006666666666666616,0.018011894647408582,-0.07462140610139724,-0.06023019331768891,-0.025172647352507876,-0.1941105769230766,-0.08668359393329501
2017/05/12,002329,皇氏集团,皇氏集团2016年度业绩网上说明会,0.00751515151515157,-0.018292682926829444,-0.07673879443585788,0.0004944742502529682,0.01964198827114627,-0.23648205800426006,-0.28069872830194587
2017/03/02,002331,皖通科技,皖通科技2016年度业绩说明会,0.027223758916872974,0.017940910213151386,-0.041891574747711734,-0.10883144264203758,-0.10883144264203758,-0.20352287016661413,-0.25406191160227354
2017/03/31,002458,益生股份,益生股份2016年度业绩说明会,0.003035172290662285,-0.02846622291460128,-0.10421729807004997,-0.18288549847894234,0.18843157135653574,0.07588426644310252,-0.37144151930106695
2017/04/25,002566,益盛药业,益盛药业2016年度业绩网上说明会,0.012531328320802036,-0.006345573702278159,-0.0639261026488041,-0.02404084358372298,-0.055807895629713146,-0.15710337826405701,-0.1505690826254565
2017/03/23,002847,盐津铺子,盐津铺子2016年度业绩说明会,-0.018271066266702947,-0.09098188645902348,-0.08272118024138513,-0.02628089620235951,-0.3135909034785438,-0.23573291811800756,-0.1923610766866603
2017/04/28,300494,盛天网络,盛天网络2016年度业绩说明会,0.0,0.0,0.0,0.0,0.0,0.0,0.0
2017/03/24,300518,盛讯达,盛讯达2016年度业绩说明会,0.0,0.0,0.0,0.0,0.0,0.0,0.0
2017/05/04,002446,盛路通信,盛路通信2016年度业绩网上说明会,-0.011960216542867969,-0.03839325343985795,-0.014969119648277915,-0.24800048108725753,-0.15551184383803715,-0.20310740411818048,-0.21076622530931205
2017/05/09,300090,盛运环保,盛运环保2016年度业绩网上说明会,0.01632208922742095,0.01291172595520408,-0.0174730075002061,-0.02679450634879482,0.0804409963250306,-0.0670099746846397,-0.0670099746846397
2017/05/02,002599,盛通股份,盛通股份2016年度业绩网上说明会,-0.016988238911522853,-0.06485267164810386,0.022975695486304463,-0.39805654744482816,-0.22701228666850512,-0.236966722399008,-0.17344308706929795
2017/04/07,002400,省广股份,省广股份2016年度业绩说明会,0.0,0.0,0.0,-0.05553582001184146,-0.19181705809641553,-0.1747496423462087,-0.28724820368749665
2017/04/12,002771,真视通,真视通2016年度业绩网上说明会,-0.02069618346886968,-0.03553543703120546,-0.02949693754644936,0.04180651898262097,-0.37848857644991213,-0.4277928792998975,-0.32754756152454134
2017/04/14,002692,睿康股份,睿康股份2016年度业绩网上说明会,-0.04110288486086289,-0.041797283176593376,-0.022047124782180547,-0.02847731378174479,-0.0010335719480915689,-0.08299701702053032,-0.04700988553875978
2017/04/18,002153,石基信息,石基信息2016年度业绩网上说明会,-0.00974292757365886,0.004780918356624894,0.006314658067983301,-0.0186334683080207,0.08241734179986845,0.20466213476697254,0.0981479335684235
2017/05/10,300322,硕贝德,硕贝德2016年度业绩说明会,0.0,0.0,0.0,0.0,0.0,0.0,0.0
2017/04/25,300070,碧水源,碧水源2016年度网上业绩说明会,0.02566517541794216,-0.03175805605733941,-0.07225079598334548,-0.047335277989909476,0.0065313238248040995,-0.05945180841159981,-0.014495884305788935
2017/05/09,300189,神农基因,神农基因2016年年度报告网上说明会,-0.023763648041104753,0.006274957216200754,-0.02586046511627916,-0.06142111601766367,0.19150980911982998,-0.00669883355975087,-5.493479240115098e-05
2017/05/08,002361,神剑股份,神剑股份2016年度业绩网上说明会,-0.00421348314606745,0.007462686567164102,-0.05045216563541173,0.13191114590468758,-0.014808247964276228,-0.15698774691492592,-0.24056584870626882
2017/03/30,300563,神宇股份,神宇股份2016年度业绩说明会,0.0,0.0,0.0,0.0,0.0,0.0,0.0
2017/05/05,300002,神州泰岳,神州泰岳2016年度业绩网上说明会,-0.01295496607032701,0.040262657681009034,-0.0066384067823722455,0.011475839571258358,-0.003185626934400449,-0.159528916396907,-0.09350621187132245
2017/04/28,002278,神开股份,神开股份2016年度业绩网上说明会,0.026183844011142,0.04985735633745427,0.05382371446548075,-0.09765848086807535,-0.03209254594645006,0.33493935404353103,0.02902378722032001
2017/04/11,300479,神思电子,神思电子2016年度业绩说明会,0.0,0.0,0.0,0.0,0.0,0.0,0.0
2017/04/06,300156,神雾环保,神雾环保2016年度业绩说明会,-0.036011080332409955,-0.026313562907183227,-0.059699672850669516,-0.05036924985765409,-0.2406189555125727,-0.2406189555125727,-0.4961963363510589
2017/04/06,300194,福安药业,福安药业2016年度业绩说明会,-0.01411031702400605,-0.04974326059050067,-0.03023128756146414,-0.6031375874496503,-0.40811258278145685,-0.37381489841986454,-0.2611257874415771
2017/05/03,002679,福建金森,福建金森2016年度业绩网上说明会,-0.07527801539777594,-0.028725809119479712,-0.12529443739807958,0.07466098497458773,0.009059088848965615,-0.031148490013829473,0.18624671837485718
2017/04/26,002222,福晶科技,福晶科技2016年度业绩网上说明会,0.009358593928326869,-0.0027137042062414622,0.00233192756139908,-0.02648240179726333,0.08283274344903704,0.08728905729221494,0.05223856922885509
2017/04/10,300049,福瑞股份,福瑞股份2016年度业绩网上说明会,0.012377514182568253,-0.03447469907677922,-0.022278117139777065,-0.013879512866902503,-0.11679891756282507,-0.171341211090165,-0.171341211090165
2017/04/28,300160,秀强股份,秀强股份2016年度业绩网上说明会,-0.01498929336188443,-0.04711660905948699,0.009217679035688918,0.0008599406363562351,-0.01057272433692295,-0.08714924936227127,-0.24400571475898622
2017/04/05,002422,科伦药业,科伦药业2016年度业绩说明会,0.005545286506469492,0.008237739625837414,-0.007677229663508683,-0.05475214721999772,0.03405494741678943,0.3801542980939836,0.4833141813717
2017/04/24,300565,科信技术,科信技术2016年度业绩网上说明会,0.0,0.0,0.0,0.0,0.0,0.0,0.0
2017/05/04,002335,科华恒盛,科华恒盛2016年度业绩网上说明会,-0.03223264244621328,-0.010415710746076917,0.07667764512144895,0.04790169888104954,0.04701057162580991,-0.10915170045247813,-0.23648944885519552
2017/04/21,002022,科华生物,科华生物2016年度业绩网上说明会,0.003611971104231181,-0.03914775679889142,-0.05542689516751569,-0.028306341842828733,-0.041246537396121684,-0.1905100698625995,-0.17289926910915857
2017/04/11,002518,科士达,科士达2016年度业绩说明会,-0.029996385977593003,-0.015525412649125664,-0.2863432779169513,-0.08896078276651159,0.004751974821509637,0.02394470857291295,-0.0054825001002284076
2017/03/20,300520,科大国创,科大国创2016年度业绩说明会,0.0,0.0,0.0,0.0,0.0,0.0,0.0
2017/04/07,300222,科大智能,科大智能2016年度业绩说明会,-0.052079284881461324,-0.02462914732193418,-0.029811570978615448,-0.16292716603382837,0.14690015534528983,-0.03166111269575081,-0.04320700568304277
2017/03/22,002230,科大讯飞,科大讯飞2016年度业绩说明会,0.002155022592978813,-0.010535959688502093,-0.05443667682058276,-0.08472171330116099,0.3921469595082104,0.3731149609791646,0.1953552308034594
2017/04/14,300340,科恒股份,科恒股份2016年度业绩网上说明会,0.0,0.0,0.0,0.0,0.0,0.0,0.0
2017/05/05,300192,科斯伍德,科斯伍德2016年度业绩网上说明会,0.0,0.0,0.0,0.0,0.0,-0.03152691171644216,-0.2554054136943286
2017/04/11,300092,科新机电,科新机电2016年度业绩说明会,0.01817210048102604,0.01817210048102604,0.01817210048102604,0.01817210048102604,0.01817210048102604,-0.08342513770655992,-0.12769050148152317
2017/03/15,002499,科林环保,科林环保2016年度业绩说明会,0.00672464807675065,0.009082813891362259,-0.011181716529849752,0.01614248708454687,-0.13106642387776093,-0.12533341788506994,-0.12946539037572394
2017/05/05,300153,科泰电源,科泰电源2016年度业绩网上说明会,-0.02491103202846985,-0.07183143556454182,-0.051768588223162,0.18553855714572912,0.04602293363773102,-0.11347310999604435,-0.2862282744572974
2017/05/09,300152,科融环境,科融环境2016年度业绩网上说明会,-0.02952029520295216,-0.02952029520295216,-0.02952029520295216,-0.02952029520295216,-0.012129380053908454,-0.08071322291875017,-0.28633594429939097
2017/04/17,002770,科迪乳业,科迪乳业2016年度业绩网上说明会,-0.011294027565084257,-0.013738641280830709,0.0005567153792621424,-0.45415015943569426,-0.2882593781122052,-0.24861000794281182,-0.29007746276426283
2017/05/03,002121,科陆电子,科陆电子2016年度业绩说明会,-0.008171315863623333,-0.037396517270910715,-0.025137952176578673,-0.01343033016228337,0.13889328480244764,-0.030446020113773127,-0.07517693523801927
2017/05/03,300405,科隆精化,科隆精化2016年度业绩说明会,0.0,0.0,0.0,0.0,0.0,0.0,0.0
2017/05/09,002339,积成电子,积成电子2016年度业绩说明会,0.0,0.0,0.0,-0.029390681003584117,-0.013489354786282574,-0.10344979097882127,-0.19366993217784492
2017/04/28,300590,移为通信,移为通信2016年度业绩网上说明会,0.0,0.0,0.0,0.0,0.0,0.0,0.0
2017/04/28,300010,立思辰,立思辰2016年度业绩网上说明会,-0.006395614435815467,-0.003914344922864378,-0.008306902280622202,-0.02628527951885799,-0.024838222905229506,-0.11723371722111808,0.14578516944075867
2017/04/19,300603,立昂技术,立昂技术2016年度业绩网上说明会,0.0,0.0,0.0,0.0,0.0,0.0,0.0
2017/04/28,002475,立讯精密,立讯精密2016年度业绩网上说明会,-0.00605760909877614,-0.006203473945409342,0.02005420054200541,0.05171679909194105,-0.18713274069609773,0.0014060040573965534,-0.12174643157010961
2017/04/24,002378,章源钨业,章源钨业2016年度业绩说明会,0.014702606371129391,0.04508922490123965,-0.02173405001168502,0.0001331806195562914,0.1444198592844888,-0.016530086104730224,-0.18679399906930416
2017/04/10,002797,第一创业,第一创业2016年度网上业绩说明会,-0.017194634703196324,-0.04363431060208895,-0.03913260219341987,-0.5178104298710259,-0.23608458627035697,-0.246386129165118,-0.3255680216496591
2017/04/28,002181,粤传媒,粤传媒2016年度业绩网上说明会,0.0010111223458037309,-0.004811344644213668,-0.07620817843866189,-0.038044200363169245,0.0018434797875608846,-0.0720118782479584,0.15038879391165302
2017/04/17,002060,粤水电,粤水电2016年年度报告说明会,-0.0035987404408457076,-0.009574875526618424,-0.02041488310833068,-0.41127109754934676,-0.329493087557604,-0.22235079389695478,-0.2330372743156679
2017/05/05,300099,精准信息,精准信息2016年度业绩网上说明会,-0.039430449069003226,-0.020754119138149427,-0.07354273633343396,0.08348613957501895,-0.04711063659415443,-0.2535724109973791,-0.2135117770687453
2017/04/25,002006,精功科技,精功科技2016年度业绩网上说明会,0.015931372549019485,-0.01334560515416482,-0.043454839288920855,-0.0036993089969988052,-0.0036993089969988052,-0.04885964718609968,-0.022188704897659717
2017/04/10,300567,精测电子,精测电子2016年度业绩说明会,0.0,0.0,0.0,0.0,0.0,0.0,0.0
2017/03/28,002295,精艺股份,精艺股份2016年度业绩说明会,-0.026455026455026478,0.01545857290979361,-0.04359854500742866,-0.09906104119703912,-0.02379125095932434,-0.06794664894626908,-0.2814612166076595
2017/05/02,300258,精锻科技,精锻科技2016年度业绩网上说明会,-0.026173145423571388,-0.018356456776947732,0.007014674871971397,0.05965952504660935,0.029627200174920865,-0.05162169488545154,-0.07826324527667361
2017/05/03,002766,索菱股份,索菱股份2016年度业绩网上说明会,-0.0021543718891614324,-0.012610199754491845,-0.012610199754491845,-0.012610199754491845,-0.2757285927867778,-0.13316928830485728,-0.1844356183324072
2017/03/20,002572,索菲亚,索菲亚2016年度业绩说明会,-0.0018081574579086744,0.0026891477216484097,0.006910111721049844,-0.3176708593543847,-0.15071861158817654,-0.16634508822693317,-0.14975970517194148
2017/03/29,002049,紫光国芯,紫光国芯2016年度业绩说明会,0.0,0.0,0.0,0.0,0.0023734177215190776,0.47883078983877925,0.36123308238456
2017/05/11,002118,紫鑫药业,紫鑫药业2016年度业绩网上说明会,0.013581684128831891,0.004843681197710215,0.006282598387861633,0.019074271826785078,0.05817248096334326,0.13798569942368316,0.2974250406183837
2017/04/18,002809,红墙股份,红墙股份2016年度业绩网上说明会,-0.08895252972316237,-0.013890596189305545,0.03559845258098529,0.07270384883783385,-0.08921387163506042,-0.16662147326578172,-0.2911681412776787
2017/04/14,300345,红宇新材,红宇新材2016年度业绩说明会,0.0,0.0,0.0,0.0,0.0,0.0,0.0
2017/05/12,002165,红宝丽,红宝丽2016年度业绩说明会,0.018662519440124294,-0.013537505548158291,-0.06330828919817709,0.01080332409972311,0.09049858889934151,-0.04813204464260997,-0.22405657151454672
2017/03/29,002697,红旗连锁,红旗连锁2016年度业绩说明会,-0.01912811387900347,-0.007821229050279124,-0.06565114782235563,-0.12773076166109038,-0.018204620720738373,-0.07054745444334695,-0.07904489473832443
2017/04/10,300026,红日药业,红日药业2016年度业绩网上说明会,-0.012112036336109019,-0.0031766200762387018,-0.031326229297727534,-0.06588072122052682,-0.037531191118805894,0.002167427391182331,-0.07757045567797995
2017/03/29,300427,红相电力,红相电力2016年度业绩说明会,0.0,0.0,0.0,0.0,0.0,0.0,0.0
2017/04/28,002825,纳尔股份,纳尔股份2016年度业绩网上说明会,0.00244829041789778,-0.10085855519902866,0.02722528374876811,-0.0470073960512956,-0.09445631071458128,-0.19445107754760937,-0.20222080769502815
2017/04/07,300198,纳川股份,纳川股份2016年度业绩说明会,-0.002391527160915623,-0.07821229050279326,-0.1674963867030673,-0.1674963867030673,-0.1674963867030673,-0.12763348567606705,-0.11360362483957973
2017/04/11,300120,经纬电材,经纬电材2016年度业绩网上说明会,-0.017587548638132337,-0.08941334127456835,-0.05411082216443279,-0.05931943279245328,-0.03407511773334337,-0.06290568743908939,-0.1472957308964104
2017/05/08,300508,维宏股份,维宏股份2016年度业绩说明会,0.0,0.0,0.0,0.0,0.0,0.0,0.0
2017/04/10,300190,维尔利,维尔利2016年度业绩说明会,-0.01011824942094358,-0.03497813866333534,-0.019458222052651387,-0.013097833759469903,-0.06404798761609878,-0.15374378883883333,-0.1662962338478515
2017/04/27,300369,绿盟科技,绿盟科技2016年度业绩网上说明会,0.0,0.0,0.0,0.0,0.0,0.0,0.0
2017/03/16,300017,网宿科技,网宿科技2016年度业绩说明会,-0.013410173999778277,-0.02531645569620258,-0.04200236330432939,-0.6098896673914794,-0.5062835899300926,-0.39472920787416477,-0.025711150357505298
2017/04/07,002114,罗平锌电,罗平锌电2016年度业绩说明会,-0.02280942290913621,-0.04533876719307186,-0.05682869546651488,0.022789841934920736,0.09421554572087473,-0.09471188260558318,-0.19354137832887514
2017/05/10,002333,罗普斯金,罗普斯金2016年度业绩网上说明会,-0.005800464037122846,-0.005263157894736627,-0.05742004363366303,-0.027791772985096743,0.05310916447342551,0.01901744510569975,0.05121210225557325
2017/05/09,002293,罗莱生活,罗莱生活2016年度业绩网上说明会,-0.024574669187145595,-0.02628831735788176,-0.04334790755777638,0.019024472008045617,0.015589035363046542,0.19764292729383,0.1289886416326479
2017/04/14,002690,美亚光电,美亚光电2016年度业绩网上说明会,0.010343506576427049,0.019988412514484393,-0.014366378386105366,-0.01550231528085345,-0.09865394229734786,-0.0058786179982346625,0.06635153642323534
2017/04/06,300188,美亚柏科,美亚柏科2016年度业绩说明会,-0.010116731517509744,-0.021184220375776747,-0.03288549508338443,-0.06600405963463311,-0.05225858730136915,0.1873912474651671,0.5638382603931821
2017/03/31,300611,美力科技,美力科技2016年度业绩说明会,0.0,0.0,0.0,0.0,0.0,0.0,0.0
2017/04/18,300495,美尚生态,美尚生态2016年度业绩网上说明会,0.0,0.0,0.0,0.0,0.0,0.0,0.0
2017/03/30,300495,美尚生态,美尚生态2016年度业绩说明会,0.0,0.0,0.0,0.0,0.0,0.0,0.0
2017/03/24,002044,美年健康,美年健康2016年度业绩说明会,0.02380526221585821,-0.0033365109628217485,0.03180136214940728,0.03889021439040167,0.04977966378325404,0.18443306467610449,0.37039827820366433
2017/05/08,300439,美康生物,美康生物2016年度业绩说明会,0.0,0.0,0.0,0.0,0.0,0.0,0.0
2017/05/09,300237,美晨科技,美晨科技2016年度业绩网上说明会,0.0279261406989165,-0.011606064671944067,-0.0370662806509628,0.03937762166712624,-0.004842777620248598,0.04620307295261531,-0.029617785056657468
2017/03/20,002034,美欣达,美欣达2016年年度业绩说明会,-0.0015913913307063347,0.026690836354544157,0.00805940936042827,0.013675032587017374,-0.07688308572114187,0.18205651315225904,-0.07760014417087079
2017/05/08,002303,美盈森,美盈森2016年度业绩网上说明会,-0.029304029304029432,-0.02672544427607108,-0.06425771262996395,0.05511222690456974,0.06047817813516623,-0.139819452358816,-0.21542971900955174
2017/04/28,002269,美邦服饰,美邦服饰2016年度业绩网上说明会,-0.0008084074373485499,-0.01043338683788114,-0.028561415805151702,-0.03608280458886116,-0.0001572623765488509,-0.10516325586588593,-0.18761611363262218
2017/05/08,002842,翔鹭钨业,翔鹭钨业2016年度业绩网上说明会,0.04059150456530377,0.023625441124969507,-0.09727364523729397,0.2745745491490981,0.25248773529104696,0.00025618085580143027,-0.08047711662494542
2017/05/03,300199,翰宇药业,翰宇药业2016年度业绩网上说明会,-0.04758883248730965,-0.04225814392385333,-0.029040124140988628,0.015254483526772378,0.08322069897663704,0.0803122172960609,0.04749990123391745
2017/04/10,002508,老板电器,老板电器2016年度业绩说明会,0.027565024687998263,0.05798934339560064,0.001298319533584852,-0.06262498580408156,-0.13572223599601224,0.06827422354012017,-0.21051389441082868
2017/05/05,300456,耐威科技,耐威科技2016年度业绩说明会,0.0,0.0,0.0,0.0,0.0,0.0,0.0
2017/05/12,300343,联创互联,联创互联2016年度业绩网上说明会,0.0,0.0,0.0,0.0,0.0,0.0,0.0
2017/04/12,002036,联创电子,联创电子2016年度业绩说明会,-0.023721063160903267,0.023835086965857732,0.010534979423868234,-0.04174657029060352,-0.038539727988547,0.05944657880659381,-0.05058162884259088
2017/04/10,002250,联化科技,联化科技2016年度业绩说明会,-0.021681298217611097,-0.030946464874632956,-0.008982308954951711,0.005021738397761741,-0.06409055227773425,-0.17408963955629597,-0.13636453906343135
2017/04/28,002394,联发股份,联发股份2016年度业绩网上说明会,-0.006159260888693382,-0.012187015289164767,-0.02828115078395934,0.012781328146706994,-0.028718215625865986,-0.10906076551575036,-0.19409882358744174
2017/03/30,300269,联建光电,联建光电2016年度业绩说明会,0.01573033707865175,-0.008751562779067757,-0.029187247418051128,-0.038419042586409595,-0.12306566541109851,-0.18167652241663174,-0.25272331154684047
2017/04/07,300545,联得装备,联得装备2016年度业绩说明会,0.0,0.0,0.0,0.0,0.0,0.0,0.0
2017/05/10,002280,联络互动,联络互动2016年度业绩网上说明会,0.0,0.0,0.0,-0.05632370882472535,-0.01892750237278244,-0.15923188953017958,-0.14826782645450828
2017/05/05,300203,聚光科技,聚光科技2016年度业绩说明会,-0.024433585073300755,-0.010368251698248218,-0.009454080181973211,0.00976811569057798,0.12202127971392504,0.13748225272124878,-0.04690358873397708
2017/04/10,300475,聚隆科技,聚隆科技2016年度业绩说明会,0.0,0.0,0.0,0.0,0.0,0.0,0.0
2017/04/06,300303,聚飞光电,聚飞光电2016年度业绩说明会,0.0,0.0,0.0,0.0,0.0,0.0,0.0
2017/04/28,300202,聚龙股份,聚龙股份2016年度业绩网上说明会,-0.022647113421199162,-0.04152808134562398,0.0072607260726074,-0.014527526224160009,0.0077074833299155595,0.03780970957661441,0.1406060903776667
2017/04/28,002426,胜利精密,胜利精密2016年度网上业绩说明会,0.0,0.0,0.0,0.0,0.0,0.015979112271540936,-0.18072903761787437
2017/03/16,300476,胜宏科技,胜宏科技2016年度业绩说明会,0.0,0.0,0.0,0.0,0.0,0.0,0.0
2017/05/10,300392,腾信股份,腾信股份2016年度业绩网上说明会,0.0,0.0,0.0,0.0,0.0,0.0,0.0
2017/05/05,300178,腾邦国际,腾邦国际2016年度业绩网上说明会,-0.0136986301369863,-0.027012655535467413,-0.031042796865581607,-0.013614179296172691,0.11980892697506884,0.02607168759781678,0.07417793258161678
2017/03/31,300204,舒泰神,舒泰神2016年度业绩说明会,0.011216056670602203,-0.011449480642115149,-0.01161939615736503,-0.08219999675803588,-0.016227736814474102,-0.07989664356807027,-0.11684502205479734
2017/04/12,002608,舜天船舶,舜天船舶2016年度业绩说明会,0.0,-0.020123839009288044,0.004456976532654291,0.08149294321751784,0.0472852474563694,-0.11654592158491386,-0.20355282338716074
2017/04/20,002025,航天电器,航天电器2016年度业绩网上说明会,0.0,0.0,0.0,0.0,0.050894279150399416,0.04878734731982052,0.22947661425725793
2017/04/26,300424,航新科技,航新科技2016年度网上业绩说明会,0.0,0.0,0.0,0.0,0.0,0.0,0.0
2017/03/31,002706,良信电器,良信电器2016年度业绩说明会,0.0009020386072523391,-0.04935543278084714,-0.009041486176120132,-0.3622308117062396,-0.20463391873828285,-0.11085299102184565,-0.15013355203742643
2017/04/12,300389,艾比森,艾比森2016年度业绩说明会,0.0,0.0,0.0,0.0,0.0,0.0,0.0
2017/05/12,002180,艾派克,艾派克2016年度业绩网上说明会,-0.002685078634445734,-0.03149519283898769,-0.023700733046250835,-0.062084748265170464,0.1316845743335691,-0.024657507200308248,0.11654918992793685
2017/05/09,002170,芭田股份,芭田股份2016年度业绩网上说明会,-0.011471648639790279,-0.01678445229681982,-0.02831909378899871,0.01259150805270863,0.008608978870357574,-0.09608339684803223,-0.2461597399869011
2017/04/25,300284,苏交科,苏交科2016年度业绩说明会,0.0,0.0,0.0,0.0,0.0,0.0,0.0
2017/04/19,300331,苏大维格,苏大维格2016年度业绩网上说明会,0.0,0.0,0.0,0.0,0.0,0.0,0.0
2017/03/30,300507,苏奥传感,苏奥传感2016年度业绩说明会,0.0,0.0,0.0,0.0,0.0,0.0,0.0
2017/04/07,002024,苏宁云商,苏宁云商2016年度业绩说明会,-0.004141739530602847,-0.017722523475730792,-0.04148512975942419,-0.0004432624113476243,0.11495791255101927,0.025730824457041064,0.17187473576335147
2017/04/05,000718,苏宁环球,苏宁环球2016年度业绩说明会,-0.0013908205841447392,0.012396694214875766,-0.06684315023163463,-0.0815420831243009,-0.09137164274755818,-0.1832014421461093,-0.2545328018274926
2017/05/05,002808,苏州恒久,苏州恒久2016年度业绩网上说明会,-0.00481996030620909,-0.03797207693258097,-0.143028846153846,-0.3110674343926474,-0.24015214155779724,-0.33246872831732704,-0.14021517706063344
2017/04/12,002032,苏泊尔,苏泊尔2016年度业绩说明会,0.0009110233829337026,0.026445355110705168,0.07150393636880126,-0.08051499396580815,-0.13174585705762792,0.009155083010152363,0.10931521057890325
2017/03/24,002334,英威腾,英威腾2016年度业绩说明会,-0.006376811594202865,-0.02067082683307323,-0.0336157420060126,-0.148010745810413,-0.020155885419252364,0.07297644854319049,-0.025275848697430405
2017/04/24,000411,英特集团,英特集团2016年度业绩说明会,0.019774258465307473,0.013020833333333365,-0.05297762043241863,-0.013487518034363719,-0.024931488536862674,-0.05963932876908083,0.2181986254571759
2017/05/04,002837,英维克,英维克2016年度业绩网上说明会,0.002198607548552667,0.06984167517875385,-0.030032332255591473,-0.3803187507916952,-0.37652108978363086,-0.3575967209583724,-0.31823209819504855
2017/05/04,002528,英飞拓,英飞拓2016年度业绩网上说明会,0.0008136696501221777,-0.009619896762083552,-0.047514779943069727,-0.0022839583073793013,0.03455919395466001,-0.09843053671769042,-0.07287732129849993
2017/05/09,300582,英飞特,英飞特2016年度业绩网上说明会,0.0,0.0,0.0,0.0,0.0,0.0,0.0
2017/04/21,002660,茂硕电源,茂硕电源2016年度业绩网上说明会,-0.02331170391732754,-0.004510309278350362,-0.04779411764705893,0.03266651098829819,-0.04478572623936364,-0.046812696516714124,-0.009181221679634812
2017/04/14,300087,荃银高科,荃银高科2016年度业绩说明会,0.011649755730928309,0.002461736059081803,0.009061556087907464,0.02907266250430923,-0.23940061075207733,-0.04129817313278725,0.004123967764401097
2017/05/03,002642,荣之联,荣之联2016年度业绩网上说明会,0.0,0.0,0.0,0.0,-0.05580353695266043,-0.24267281514654343,-0.2776782120829559
2017/04/27,002146,荣盛发展,荣盛发展2016年度业绩网上说明会,0.03681506849315066,-0.01419878296146035,0.00264270613107805,0.0017566348573325487,0.01619887730553377,0.04825112748807081,-0.004662847875084579
2017/04/27,002493,荣盛石化,荣盛石化2016年度业绩网上说明会,-0.012203876525484561,-0.039182282793867027,0.028565405291451587,-0.11975909196201054,-0.061293599729089134,0.4227893884185428,0.2004610441018956
2017/04/05,300290,荣科科技,荣科科技2016年度业绩说明会,0.0,0.0,0.0,0.0,0.0,0.0,0.0
2017/04/10,002106,莱宝高科,莱宝高科2016年度业绩网上说明会,-0.036286522148916096,-0.056079805877595174,-0.07429445766746023,-0.05337298481765519,0.014976174268208924,0.0024625706095843325,-0.19853696625981165
2017/04/20,300006,莱美药业,莱美药业2016年度业绩说明会,-0.013940836450187016,-0.016892555490080403,-0.04421598961972251,-0.02871783105808578,-0.02398565344093269,-0.01899443343880898,-0.12772165239968147
2017/05/11,002166,莱茵生物,莱茵生物2016年度业绩网上说明会,0.017802041300735816,0.017463729177861473,0.03069292696952262,0.02316636851520583,0.06636445100416405,-0.02104549966648634,-0.08501036619675754
2017/03/28,300395,菲利华,菲利华2016年业绩说明会,0.0,0.0,0.0,0.0,0.0,0.0,0.0
2017/04/27,002731,萃华珠宝,萃华珠宝2016年度业绩说明会,-0.004598662207357984,-0.006619747752769763,-0.012672881252665646,-0.034802784222738005,0.0633373537177692,-0.15269763214968698,-0.29757365793675933
2017/05/04,002737,葵花药业,葵花药业2016年度业绩网上说明会,0.0029802658074909753,-0.01363044287309257,-0.019856770833333204,0.021613660788918816,0.09950347644436139,0.05556730994086931,-0.3149652067648939
2017/04/28,002614,蒙发利,蒙发利2016年度业绩网上说明会,-0.0175864160097028,-0.05966885348328637,0.023685627130809378,0.1182861514919664,-0.029079923255347966,0.13194404133047005,0.22342561850701484
2017/05/09,300355,蒙草生态,蒙草生态2016年度业绩网上说明会,0.0,0.0,0.0,0.0,0.0,0.0,0.0
2017/03/29,002513,蓝丰生化,蓝丰生化2016年度业绩说明会,0.0,0.0,0.0,0.0,-0.02355525259410729,-0.10427000589684055,-0.1541901613844064
2017/03/03,002382,蓝帆医疗,蓝帆医疗2016年度业绩说明会,-0.0020056157240273048,0.008090614886731361,0.03173337585712005,0.05229768843424127,0.0075672047111953016,0.002793535450478811,0.2635406976744188
2017/04/27,300433,蓝思科技,蓝思科技2016年度业绩网上说明会,0.0,0.0,0.0,0.0,0.0,0.0,0.0
2017/04/20,300484,蓝海华腾,蓝海华腾2016年度业绩网上说明会,0.0,0.0,0.0,0.0,0.0,0.0,0.0
2017/05/09,300297,蓝盾股份,蓝盾股份2016年度业绩网上说明会,0.0,0.0,0.0,0.0,0.0,0.0,0.0
2017/04/28,300058,蓝色光标,蓝色光标2016年度业绩说明会,-0.012288135593220452,-0.02229845626072047,-0.002444068433915931,0.01792346197319577,0.002737763629129281,-0.21852225585827983,-0.023991641477491384
2017/04/27,300293,蓝英装备,蓝英装备2016年度业绩说明会,0.0,0.0,0.0,0.0,0.0,0.0,0.0
2017/04/11,002765,蓝黛传动,蓝黛传动2016年度业绩网上说明会,-0.021619766643788573,-0.010249691738594451,0.00776385960560586,-0.4454939271720272,-0.4066765881259773,-0.3042316642247694,-0.23867018823628047
2017/05/05,002192,融捷股份,融捷股份2016年度业绩说明会,-0.017093131668911278,0.04187003822405163,-0.0623966030660636,0.13201674681981104,0.25930874441826934,-0.07921405081662951,0.006775804004691816
2017/05/10,002622,融钰集团,融钰集团2016年度业绩网上说明会,0.0,0.0,0.0,0.0,0.0,-0.05346635968278275,-0.4177847219863454
2017/03/15,300305,裕兴股份,裕兴股份2016年度业绩说明会,0.0,0.0,0.0,0.0,0.0,0.0,0.0
2017/05/04,002831,裕同科技,裕同科技2016年度业绩说明会,0.014116398372545585,-0.004353929726760421,-0.023518451622715895,0.05146978021978022,0.021977966580182046,-0.1332387324294403,-0.2372423115917537
2017/04/07,002265,西仪股份,西仪股份2016年度业绩说明会,0.013703993735317206,-0.10704225352112663,-0.091351686288395,-0.14257495762866876,0.006404150416658888,-0.21229313233882055,-0.09300437077551434
2017/04/21,002536,西泵股份,西泵股份2016年年度业绩网上说明会,-0.01910132799708927,-0.005739406520942585,-0.015827642792864357,-0.005967336683417125,0.1793426549346186,-0.020464536421008643,-0.09412753020241613
2017/04/12,002302,西部建设,西部建设2016年度业绩网上说明会,0.0047236655644781024,0.09207926381753516,0.061338523355097874,-0.20211968204769282,0.09024548317775073,-0.1200590962171347,-0.17187143834055185
2017/04/17,002149,西部材料,西部材料2016年度业绩网上说明会,-0.026134995396274507,-0.06193521766040842,-0.021531679255933994,-0.4608392055010325,-0.3026472493261739,-0.3531457655874449,-0.24163840150974203
2017/05/05,300106,西部牧业,西部牧业2016年度业绩说明会,-0.017008286088094224,-0.005880880880881,-0.044399834681466605,-0.012401403257882105,-0.042707493956486514,-0.1615169809955184,-0.29710114625295586
2017/03/24,002584,西陇科学,西陇科学2016年度业绩说明会,0.005201793721973079,-0.005003573981415317,-0.1342213114754098,-0.014512838280016356,0.0014578066468604375,0.20626003538174298,0.1250764152096839
2017/04/07,002841,视源股份,视源股份2016年度业绩说明会,-0.03685846234279225,-0.009548611111110921,-0.10704671290008909,-0.007632810564434374,-0.08357628604993601,0.009077290979023229,0.16660934870794528
2017/04/28,002437,誉衡药业,誉衡药业2016年度业绩网上说明会,-0.012956964368347916,-0.005602240896358673,0.009547024172252505,0.013540494427705286,-0.0054388176183163255,0.02157726109291342,-0.17683752041689366
2017/05/05,002197,证通电子,证通电子2016年度业绩网上说明会,-0.011526794742163808,-0.010423986882173674,-0.03085507959954041,0.06182598160910398,0.08367863720073647,-0.02692872273217173,-0.17484500162257327
2017/05/04,300430,诚益通,诚益通2016年度业绩网上说明会,0.0,0.0,0.0,0.0,0.0,0.0,0.0
2017/03/24,300598,诚迈科技,诚迈科技2016年度业绩说明会,0.0,0.0,0.0,0.0,0.0,0.0,0.0
2017/04/17,002215,诺普信,诺普信2016年度业绩网上说明会,0.00021349274124686895,-0.0349475190839694,0.0025139026434068145,-0.06787585196868132,0.01914488094899473,-0.11892238984726095,-0.014421057054027965
2017/04/07,002595,豪迈科技,豪迈科技2016年度业绩说明会,-0.0030481609428977562,0.0032546786004881323,-0.05702049721227146,-0.054036258285413204,-0.05346912101078295,-0.13279963441717121,-0.21112192103688468
2017/05/05,300064,豫金刚石,豫金刚石2016年度网上业绩说明会,-0.011422637590861833,-0.007291666666666513,-0.0198804393160017,0.048869794463701786,0.22897124404121183,0.18764748029615472,-0.36557675378864174
2017/05/12,002570,贝因美,贝因美2016年度业绩网上说明会,0.013937929752834045,0.023025969929555076,-0.0144536302795118,-0.11825580768608827,-0.23733917786217376,-0.3418651984830069,-0.41267692872381917
2017/04/27,300580,贝斯特,贝斯特2016年度业绩网上说明会,0.0,0.0,0.0,0.0,0.0,0.0,0.0
2017/04/07,002828,贝肯能源,贝肯能源2016年度业绩说明会,0.0012344953265532863,-0.10467644521138914,-0.15295437546746454,-0.18381661379541203,-0.14233730886591658,-0.21808052454520138,-0.10386103846885672
2017/04/13,300558,贝达药业,贝达药业2016年度业绩网上说明会,0.0,0.0,0.0,0.0,0.0,0.0,0.0
2017/04/13,002141,贤丰控股,贤丰控股2016年度业绩说明会,-0.05016722408026756,-0.033262011281851946,0.0002331545814874384,0.0002331545814874384,0.0002331545814874384,0.04554604932058404,-0.10449766551341924
2017/03/24,002424,贵州百灵,贵州百灵2016年度业绩说明会,-0.014635480782382618,-0.021492482243335408,-0.03409583225023847,-0.0013335308934655386,-0.024597945650389082,-0.06670919063472136,-0.15438478170313236
2017/04/10,300044,赛为智能,赛为智能2016年度业绩网上说明会,-0.05854700854700844,-0.0558625840179238,0.021185540413391216,-0.11868882511484764,-0.07290888560757437,-0.12467782254331326,-0.004824052292197794
2017/05/05,300485,赛升药业,赛升药业2016年度业绩网上说明会,0.0,0.0,0.0,0.0,0.0,0.0,0.0
2017/05/04,300583,赛托生物,赛托生物2016年度业绩网上说明会,0.0,0.0,0.0,0.0,0.0,0.0,0.0
2017/05/05,300466,赛摩电气,赛摩电气2016年度业绩说明会,0.0,0.0,0.0,0.0,0.0,0.0,0.0
2017/05/05,002637,赞宇科技,赞宇科技2016年度业绩网上说明会,-0.056523586910327314,0.0015966592974699188,-0.07037256061502052,-0.007299597960604537,0.020395644839748425,-0.04884688882489988,-0.14362484706756937
2017/03/24,300457,赢合科技,赢合科技2016年度业绩说明会,0.0,0.0,0.0,0.0,0.0,0.0,0.0
2017/05/05,300377,赢时胜,赢时胜2016年度业绩网上说明会,0.0,0.0,0.0,0.0,0.0,0.0,0.0
2017/04/21,002460,赣锋锂业,赣锋锂业2016年度业绩说明会,0.0593900481540931,0.0517649993763252,0.008900025922405535,0.07458798415254103,0.33468496036554934,0.09848560012266751,-0.036134608881352163
2017/05/04,002356,赫美集团,赫美集团2016年度业绩网上说明会,-0.0023707918444760548,-0.007502446449929339,-0.008829067223042029,-0.017246565727464056,-0.017246565727464056,0.14978499417542715,-0.019768408622622125
2017/04/06,300036,超图软件,超图软件2016年度业绩说明会,0.016764345100177044,-0.02808370044052872,-0.0015899400158994174,-0.10766301490543766,-0.044647614176416536,-0.058952040541193955,0.2137359384251045
2017/03/31,002725,跃岭股份,跃岭股份2016年度业绩说明会,0.01039697542533076,-0.017194400075166594,-0.06139824469282121,-0.12265278251963127,-0.0287350113427678,-0.1722573343082365,-0.18523445294313295
2017/03/22,002640,跨境通,跨境通2016年度业绩说明会,-0.018139936654189334,-0.010392609699769037,-0.010392609699769037,0.04976593446164924,0.029761695855122557,-0.042577437779513616,-0.01474183272834977
2017/05/12,002813,路畅科技,路畅科技2016年度业绩网上说明会,0.08120472741136131,-0.04569938440492452,-0.09845783132530088,0.12358519424900603,0.20415239665193502,-0.1237022377835284,-0.10295830866484593
2017/04/28,300555,路通视信,路通视信2016年度业绩网上说明会,0.0,0.0,0.0,0.0,0.0,0.0,0.0
2017/05/11,002073,软控股份,软控股份2016年度业绩说明会,0.025725232621784284,0.005133789670192907,-0.06875490794869542,0.01747516913775735,0.03569117964200994,-0.08613206011610842,-0.1077635446971194
2017/04/07,002046,轴研科技,轴研科技2016年度业绩说明会,-0.02468312208138766,-0.051182251629853154,-0.10424804687500003,-0.16066843456665378,-0.09328319710188114,-0.08671731726486759,-0.137853614728334
2017/05/05,002496,辉丰股份,辉丰股份2016年度业绩网上说明会,-0.004617752693689246,-0.007092198581560186,-0.02214532871972314,0.032949764282455454,0.12320916905444117,0.12014068253008706,-0.3971034823570675
2017/04/19,002296,辉煌科技,辉煌科技2016年度业绩说明会,-0.06522430798600067,-0.06142589756678577,-0.06953759265795961,-0.11121983039791225,-0.1269789983844908,-0.27515902883684257,-0.27702116624489204
2017/05/09,002556,辉隆股份,辉隆股份2016年度业绩网上说明会,-0.020703253368386427,-0.009683098591549285,-0.053395240858966894,0.0223320158102765,0.08081572212654323,-0.05910826235293214,-0.177076886723453
2017/04/18,300523,辰安科技,辰安科技2016年度业绩说明会,0.0,0.0,0.0,0.0,0.0,0.0,0.0
2017/04/06,300103,达刚路机,达刚路机2016年度业绩说明会,0.05643340857787825,-0.00016810489745615827,-0.16268262065649955,-0.19207992816467553,-0.1243440431145927,-0.03888594593138688,-0.0830185271586172
2017/05/03,002512,达华智能,达华智能2016年度业绩网上说明会,-0.01570330771800865,-0.012519956306192714,-0.01621718484006798,0.05661672012382912,0.07116860080823965,0.030846947549440628,-0.3236523775015333
2017/04/14,300535,达威股份,达威股份2016年度业绩网上说明会,0.0,0.0,0.0,0.0,0.0,0.0,0.0
2017/04/13,002030,达安基因,达安基因2016年度业绩网上说明会,-0.021444830478015958,-0.014972965478996136,0.014243614931237856,-0.013510068824878768,-0.04638161790832611,-0.07209496837811251,-0.12281884742046466
2017/04/24,002421,达实智能,达实智能2016年度业绩网上说明会,-0.009609423434593967,0.017278198408076255,-0.07333106653065838,0.03228617834647215,0.044999605957916376,-0.01793086623630114,-0.07362745905012719
2017/05/03,300530,达志科技,达志科技2016年度业绩网上说明会,0.0,0.0,0.0,0.0,0.0,0.0,0.0
2017/04/26,002209,达意隆,达意隆2016年度业绩网上说明会,-0.021449275362318897,-0.06082395736401312,-0.12291781072670696,0.0293434361485399,0.07623271769638587,-0.2461845954281331,-0.1846698744568842
2017/04/10,300467,迅游科技,迅游科技2016年度业绩说明会,0.0,0.0,0.0,0.0,0.0,0.0,0.0
2017/04/21,300463,迈克生物,迈克生物2016年度业绩网上说明会,0.0,0.0,0.0,0.0,0.0,0.0,0.0
2017/04/12,300440,运达科技,运达科技2016年度业绩说明会,0.0,0.0,0.0,0.0,0.0,0.0,0.0
2017/04/27,002406,远东传动,远东传动2016年度业绩网上说明会,0.0019394879751744435,-0.030053034767236184,0.00635520439711435,0.0070997404059675445,0.05018686599038989,-0.08810040675404376,-0.15875766533791882
2017/04/26,002063,远光软件,远光软件2016年度业绩说明会,0.0008312551953449532,-0.05543014798093822,-0.04622871046228712,-0.02094922476032662,0.028637272511607376,-0.013435532917328694,0.09199747241091372
2017/04/21,002689,远大智能,远大智能2016年度业绩网上说明会,-0.012797074954296212,0.002435460301997069,0.00580551523947738,-0.05349794238683102,0.006254944165425037,-0.13071895424836577,-0.26426928563141083
2017/04/19,300306,远方光电,远方光电2016年度业绩说明会,0.0,0.0,0.0,0.0,0.0,0.0,0.0
2017/05/08,002161,远望谷,远望谷2016年度业绩网上说明会,-0.043468417477926236,-0.008815638175546339,-0.06856556730314049,0.32479228238443036,0.2616120695676466,-0.12255951631187798,-0.32601998045738256
2017/04/24,300412,迦南科技,迦南科技2016年度业绩说明会,0.0,0.0,0.0,0.0,0.0,0.0,0.0
2017/04/20,300167,迪威视讯,迪威视讯2016年度业绩网上说明会,0.018979333614508768,0.05785123966942173,-0.003968482199344203,-0.005183045500174136,0.017903930131003984,-0.22185978658186833,-0.3578571694115028
2017/04/10,300244,迪安诊断,迪安诊断2016年度业绩说明会,-0.020485282418456596,-0.024618859401468213,0.006617227609811446,0.04102389410676904,-0.1195680123425042,-0.12331938515886219,-0.08719576521408057
2017/04/06,300335,迪森股份,迪森股份2016年度业绩说明会,0.0,0.0,0.0,0.0,0.0,0.0,0.0
2017/04/06,300396,迪瑞医疗,迪瑞医疗2016年度业绩说明会,0.0,0.0,0.0,0.0,0.0,0.0,0.0
2017/03/29,002243,通产丽星,通产丽星2016年度业绩说明会,-0.002972169683869257,0.024078754822402487,-0.05242455903140578,-0.1730634241333243,-0.08289084836981366,-0.1648547143704287,-0.18995435419892318
2017/04/14,300265,通光线缆,通光线缆2016年度业绩说明会,0.0,0.0,0.0,-0.015405777166437476,-0.06807843736860207,-0.16655718860333404,-0.2589589925295156
2017/03/27,300491,通合科技,通合科技2016年度业绩说明会,0.0,0.0,0.0,0.0,0.0,0.0,0.0
2017/04/28,002792,通宇通讯,通宇通讯2016年度业绩网上说明会,-0.0002119991520034251,-0.018425104869112835,0.04166761590158336,0.07053419164528558,0.0924914902082136,0.03458903653156726,-0.1143890274009886
2017/03/28,002156,通富微电,通富微电2016年度业绩说明会,-0.008547008547008446,0.007555384812396135,-0.05133412703970847,-0.0495795950960589,-0.0707139636620638,0.32613145707957697,0.041208578006570226
2017/04/28,002150,通润装备,通润装备2016年度业绩网上说明会,0.0022255192878339125,-0.06488549618320608,-0.019392185238784197,-0.0006763611768683732,-0.03335281349140052,-0.18835993923872896,-0.2441457875730617
2017/04/10,300164,通源石油,通源石油2016年度业绩网上说明会,0.040537611099067714,-0.1128952569169961,-0.11421541392173991,-0.11646261885526078,-0.17153291799308656,-0.13791010349327754,0.03183072677092857
2017/05/08,300185,通裕重工,通裕重工2016年度业绩说明会,-0.017094017094017266,-0.003175863437872034,-0.021189501565133554,-0.013285024154589304,0.012259194395796601,-0.08283108910447437,-0.12526106332944112
2017/05/05,002576,通达动力,通达动力2016年度业绩网上说明会,0.0,0.0,0.0,0.0,0.0,-0.13667671114937566,-0.1549140792634843
2017/05/08,002560,通达股份,通达股份2016年度业绩说明会,-0.01153760816507646,0.004568465242622272,-0.06520090978013636,0.047355096602265015,-0.039775738473125204,-0.10692331984459805,-0.04645371469589472
2017/04/14,002491,通鼎互联,通鼎互联2016年度业绩说明会,-0.028323197219808784,0.01588246972404203,-0.05610730009214691,-0.016741155973032218,-0.06781956549779769,-0.0941191813533484,0.09838623269453149
2017/05/09,002838,道恩股份,道恩股份2016年度业绩说明会,0.025724519700423287,0.0065508702295439675,-0.0027274698437695665,-0.334370179948586,-0.14764012445768876,-0.0047225933250224245,-0.4605178572107829
2017/04/14,300312,邦讯技术,邦讯技术2016年度业绩说明会,0.0,0.0,0.0,0.0,0.0,0.0,0.0
2017/03/15,300149,量子高科,量子高科2016年度业绩说明会,0.0,0.0,0.0,0.0,0.0,0.06942844127656156,0.05960551615244572
2017/05/09,002721,金一文化,金一文化2016年年度业绩网上说明会,-0.010289389067524125,-0.01394550525638287,-0.03382861414821049,-0.025303976339138765,-0.03577311097385222,0.12593301108511024,-0.05034201205829141
2017/05/10,300028,金亚科技,金亚科技2016年度业绩网上说明会,0.044645462503647544,0.0025810151993118273,-0.0659824046920821,0.004056674123788439,-0.0008819548986511269,-0.29649950903546995,-0.2878775598422218
2017/04/07,300252,金信诺,金信诺2016年度业绩说明会,0.025234849880272563,-0.0346104995766301,-0.13341681370595948,-0.13341681370595948,-0.1557201204670163,-0.10866975983503128,-0.16716519598028987
2017/02/24,300510,金冠电气,金冠电气2016年度业绩说明会,0.0,0.0,0.0,0.0,0.0,0.0,0.0
2017/05/08,300093,金刚玻璃,金刚玻璃2016年度业绩网上说明会,-0.05068477115767313,0.049408264890383566,-0.004725454971491213,-0.08919115356660841,0.00670545529819637,-0.24108479490694804,-0.23507433073765743
2017/03/23,300069,金利华电,金利华电2016年度业绩说明会,-0.013809910641754807,0.010242085661079882,-0.037686535705252586,-0.048690388927998624,-0.0213511442023435,0.0286292051595636,-0.16463839623115312
2017/04/10,002464,金利科技,金利科技2016年度业绩说明会,0.0,0.0,0.0,0.0,-0.0419232943556783,-0.13828616192926604,-0.08937634910448573
2017/04/06,300225,金力泰,金力泰2016年度业绩说明会,0.0028490028490028773,-0.057273434461299066,-0.08534864025595171,0.05580411464085815,-0.0033381185464477305,0.009290863163083236,-0.23516550677924764
2017/04/21,300349,金卡智能,金卡智能2016年度业绩说明会,0.0,0.0,0.0,0.0,0.0,0.0,0.0
2017/05/15,002762,金发拉比,金发拉比2016年度业绩说明会,-0.01805869074492101,-0.06938775510204098,-0.06372993774051267,-0.06348050952973854,-0.02272248565395852,-0.1810096658227137,-0.16324088714157475
2017/05/05,002488,金固股份,金固股份2016年度业绩网上说明会,-0.020526643168152642,-0.025498489425981888,-0.06325893373424306,-0.0057577540556444,0.031840669795762874,0.07826312655541497,0.2893959513292322
2017/04/20,000546,金圆股份,金圆股份2016年度业绩网上说明会,-0.038453276047260995,-0.010162349733548173,-0.07159469482682773,-0.053524804177545834,0.1454099769729508,0.29730654200689266,0.04681217690982162
2017/04/14,300233,金城医药,金城医药2016年度网上业绩说明会,-0.0029313232830822373,-0.022376867238586746,0.005764034824376833,-0.08547169185525859,-0.09392609039376927,-0.06841328517014122,0.01368339819601495
2017/05/05,300606,金太阳,金太阳2016年度业绩说明会,0.0,0.0,0.0,0.0,0.0,0.0,0.0
2017/04/25,002515,金字火腿,金字火腿2016年度业绩说明会,-0.0017452006980801802,-0.019372773868473667,-0.05828640998325972,-0.1452710116304584,-0.09944547134935271,-0.14663037968572762,-0.1611529177907143
2017/05/05,002636,金安国纪,金安国纪2016年度业绩网上说明会,-0.008400884303610806,0.01276595744680837,-0.06250000000000001,0.07323421186466038,0.03669131804358328,-0.040043140399878496,-0.32074208368528395
2017/05/04,002548,金新农,金新农2016年度业绩说明会,-0.012710127101271106,-0.024780649751007928,0.01734760051880663,-0.01472742388851514,-0.05044152660712654,-0.03607072449482532,-0.2175159018369566
2017/05/09,300281,金明精机,金明精机2016年度业绩网上说明会,0.0,0.0,0.0,0.0,0.0,0.0,0.0
2017/03/31,002090,金智科技,金智科技2016年度业绩说明会,0.00877577885037294,0.007523998962207172,-0.017401928411042007,0.0027622433038241518,-0.07036408632595932,-0.054385494477430886,-0.08461793620301804
2017/04/07,002533,金杯电工,金杯电工2016年度业绩说明会,-0.005923255215039837,-0.021974758723088194,-0.08608835576360442,-0.09893455098934531,-0.05116001469147869,-0.12472429686192767,-0.18107772955301224
2017/05/09,002470,金正大,金正大2016年度业绩说明会,-0.0072358900144717546,0.014488138831396248,-0.0027712203633375038,0.036385287112992847,0.060834200027941265,0.17836445589182265,0.14396524287797183
2017/04/21,002688,金河生物,金河生物2016年度业绩网上说明会,-0.03204306588054345,-0.026521060842433778,-0.09483699890812682,-0.033771106941838276,-0.05650643098368852,-0.21326972151336976,-0.1581258753406371
2017/04/28,002443,金洲管道,金洲管道2016年度业绩网上说明会,0.0016191709844558663,-0.029623698959167357,-0.18519639748732317,-0.01717054671863481,-0.024279428229228885,0.00846615163702806,-0.0738170462224007
2017/04/07,300434,金石东方,金石东方2016年度业绩说明会,0.0,0.0,0.0,0.0,0.0,0.0,0.0
2017/03/31,002597,金禾实业,金禾实业2016年度业绩说明会,0.01755253399258328,0.008539458186101447,0.014252056699239221,-0.04528992770182652,0.05418497102782679,0.12403177920419317,0.08654144980549446
2017/04/17,300459,金科娱乐,金科娱乐2016年度业绩网上说明会,0.0,0.0,0.0,0.0,0.0,0.0,0.0
2017/03/31,002723,金莱特,金莱特2016年度业绩说明会,0.002186444046909152,-0.008333333333333368,-0.04706066781627235,-0.13904103714051144,-0.03702562056898293,-0.004843695907000475,-0.08625780398584085
2017/05/10,002081,金螳螂,金螳螂2016年度业绩网上说明会,0.0007490636704120135,-0.006951340615690197,7.692899453791675e-05,0.03871800892228189,0.027491105168946327,0.2846328357061152,0.020334730474866367
2017/05/05,002716,金贵银业,金贵银业2016年度业绩网上说明会,-0.048696947133283736,-0.012002803574557509,-0.06300686213349999,0.11773206012483813,0.10980999408516015,0.09411053453574489,-0.10708542030928862
2017/05/09,002722,金轮股份,金轮股份2016年度业绩网上说明会,0.003924366749910917,0.0027307482250137067,-0.040697525323759344,0.11417560477318131,-0.02182191791690125,-0.09883394197708148,-0.3158846474575344
2017/04/12,002626,金达威,金达威2016年度业绩网上说明会,-0.029957203994293986,-0.019182048498009325,0.005019345393704965,-0.008022215365628103,0.11984062752910425,0.23153052690270398,0.10074730002060414
2017/05/05,300220,金运激光,金运激光2016年度业绩网上说明会,-0.012458073790129446,-0.049103060147731324,-0.052351997861820355,-0.00011491464395602363,0.028932551395914552,-0.023864348748612978,-0.10891718144026834
2017/04/27,300091,金通灵,金通灵2016年度业绩说明会,0.0,-0.007168458781362109,0.009489051094890438,0.012573093952584711,0.10588866053078361,0.17862898401818492,0.06116547308669662
2017/04/10,300443,金雷风电,金雷风电2016年度业绩说明会,0.0,0.0,0.0,0.0,0.0,0.0,0.0
2017/03/30,002202,金风科技,金风科技2016年度业绩说明会,-0.0024844720496896085,-0.005212858384013878,-0.016738218127442167,-0.033529609690444065,-0.0201142050558196,0.131255894215141,0.13213557594291486
2017/05/05,300032,金龙机电,金龙机电2016年度业绩网上说明会,-0.01051466519092432,-0.002535122002746347,0.011276916346667755,0.012417101735572056,0.0652904738260175,-0.046454659047694254,-0.046454659047694254
2017/03/24,300034,钢研高纳,钢研高纳2016年度业绩说明会,-0.02124678963343443,-0.004930734914298985,-0.01675916857111763,-0.18392432461320568,-0.15523395836917242,-0.05338240082571011,-0.2936534655904357
2017/04/21,300197,铁汉生态,铁汉生态2016年度业绩网上说明会,0.004237288135593255,0.0460434983803795,-0.05485822873431019,0.011349589841555128,-0.0722406417671607,-0.08812653591134603,-0.19191899183500458
2017/04/24,300085,银之杰,银之杰2016年度业绩网上说明会,0.04126883089327405,0.04188721165784484,-0.09744016334555915,-0.016420818257723055,-0.06457178247021324,-0.19227669129188393,-0.022717709861658743
2017/04/14,300231,银信科技,银信科技2016年度网上业绩说明会,-0.041151619464872516,-0.08105841796329094,-0.030197780993729037,-0.042534001948122055,-0.08298626049227863,0.046454722658716134,-0.13481617863359924
2017/04/10,002786,银宝山新,银宝山新2016年度业绩说明会,-0.013143362049922468,-0.08865134737246362,-0.0513905683192261,-0.09567954670653989,-0.1301775147928995,-0.2871407894793355,-0.308089199235666
2017/04/28,300020,银江股份,银江股份2016年度业绩网上说明会,-0.0052559414990858925,0.03935971932902102,0.020805239838181538,-0.030579164111101693,-0.06941871747375884,-0.08917423316318485,-0.03898667433932178
2017/03/29,002519,银河电子,银河电子2016年度业绩说明会,-0.005352960856473682,0.00599101347978038,-0.03912824291309576,-0.48069757042778344,-0.39797197677100976,-0.33770781298192304,-0.2737324210792507
2017/04/07,300127,银河磁体,银河磁体2016年度业绩说明会,-0.02839812517231875,-0.005491881566380143,-0.019869858238438228,-0.09462209086453532,0.10524953116690464,-0.07145258426102893,-0.11190715167456908
2017/03/21,300221,银禧科技,银禧科技2016年度业绩说明会,-0.03541012998655318,-0.01781326781326787,-0.05659657655080344,-0.09357504215851603,-0.14072724700222836,0.06272554566496084,0.11821704890280527
2017/04/19,002126,银轮股份,银轮股份2016年度业绩说明会,0.007712082262210723,0.03422053231939149,-0.03876080691642644,0.006052031753517483,0.061162849232318524,-0.05209747688820168,-0.05959595959595993
2017/05/05,300337,银邦股份,银邦股份2016年度业绩说明会,0.0,0.0,0.0,0.0,0.0,0.0,0.0
2017/04/28,300126,锐奇股份,锐奇股份2016年度业绩网上说明会,0.0003558718861208624,-0.030860855441256108,-0.012877583465818852,0.0051246214768225825,-0.029816979435565872,-0.12629411851829914,-0.2300864464340849
2017/03/10,300128,锦富技术,锦富技术2016年度业绩说明会,0.004662283323371196,-0.0019595918643151747,-0.03694472488642092,-0.15830987377242717,-0.37850098950122396,-0.09009978762400751,-0.24012417249504464
2017/05/10,002316,键桥通讯,键桥通讯2016年度业绩网上说明会,0.0,0.0,-0.02323838080959524,0.06951512908300173,0.0188157920339346,-0.16458703555570392,-0.11735899794777428
2017/04/25,300348,长亮科技,长亮科技2016年度业绩网上说明会,0.0,0.0,0.0,0.0,0.0,0.0,0.0
2017/04/18,300088,长信科技,长信科技2016年度业绩说明会,0.0,0.0,0.0,0.0,0.11699000587889466,-0.3411982896295914,-0.34898912445417385
2017/05/09,002071,长城影视,长城影视2016年度业绩网上说明会,0.0002500625156288575,0.0004441976679623127,0.005885730691932347,-0.008132003214977776,0.01686840526520105,-0.0007059388987358629,-0.08910342398707327
2017/05/05,300301,长方集团,长方集团2016年度业绩网上说明会,0.0,0.0,0.0,0.0,0.0,0.0,0.0
2017/05/05,002435,长江润发,长江润发2016年度业绩网上说明会,0.010968638961841398,0.026723911329185866,-0.02321906151227823,0.046868045458591905,0.16193769664673063,-0.007852375343541725,0.018652175143641238
2017/04/20,300196,长海股份,长海股份2016年度业绩网上说明会,0.00948293763411092,0.0060393147548747075,-0.0459028756276171,-0.060146572035674556,-0.11883886794167091,-0.4761330035828358,-0.4950892646851007
2017/04/14,002680,长生生物,长生生物2016年业绩网上说明会,-0.012270868050295444,0.0020486555697821953,0.007257257257257116,-0.0832701443803097,-0.10073400351045184,-0.04122182331822739,0.5042042682844484
2017/04/07,300115,长盈精密,长盈精密2016年度业绩说明会,0.0060044604563391415,-0.011966650318783602,0.008944054029387716,-0.009878702348897457,0.04098762828908724,-0.2181202924193383,-0.3752992721700823
2017/05/04,300195,长荣股份,长荣股份2016年度业绩说明会,0.0063323635118944085,-0.020858046658758535,-0.009808934963507016,0.005472374704713172,0.04738154613466329,-0.017924071082390147,-0.1864893092010876
2017/04/26,002391,长青股份,长青股份2016年年度业绩网上说明会,0.009465855307640337,-0.02093180283592159,0.0004914971001671684,-0.017344125233478384,0.052110076692777486,-0.03524592428302523,-0.0379935847804454
2017/04/14,002616,长青集团,长青集团2016年度业绩说明会,-0.008322544849269519,-0.13707199910629508,-0.01683677920265193,-0.2987794267531758,-0.3095443421512646,-0.28434899523965323,-0.307780522854534
2017/04/21,002452,长高集团,长高集团2016年度业绩说明会,-0.004117833386126038,-0.026541095890410888,-0.10023980815347727,-0.005772005772005777,0.13459667894115238,-0.11440813778909871,-0.19583250914845188
2017/05/12,002440,闰土股份,闰土股份2016年度业绩网上说明会,0.009326776326945856,-0.018284380470725666,-0.009354635274332578,0.04935162013715125,0.18191371564388828,0.06643627480188277,0.1895528586991741
2017/04/24,300274,阳光电源,阳光电源2016年度业绩说明会,0.005794701986755249,0.007231404958677716,-0.05772254248708538,0.08420901108392147,0.15274962618375157,0.3483181730857584,0.21161780226708948
2017/04/12,300030,阳普医疗,阳普医疗2016年度业绩说明会,-0.020374898125509373,-0.004032675007755297,0.012586420847367524,-0.02987404261497706,-0.02987404261497706,-0.1918636894960022,-0.1431453872884203
2017/03/06,300121,阳谷华泰,阳谷华泰2016年度业绩说明会,-0.011315912272515317,-0.016791898072525437,-0.039443982416537834,-0.12385251151300741,-0.005648762007847295,-0.08869762739988582,-0.14409026649381396
2017/03/31,300534,陇神戎发,陇神戎发2016年度业绩说明会,0.0,0.0,0.0,0.0,0.0,0.0,0.0
2017/03/14,002363,隆基机械,隆基机械2016年度业绩说明会,0.0006176652254478306,-0.0005479452054792458,-0.041050317828075784,-0.1930953894093771,-0.14026182820395044,-0.11972914742997867,-0.18852536584106874
2017/03/22,601012,隆基股份,隆基股份2016年度业绩说明会,0.003754693366708305,-0.006125333752159581,0.024914253048780383,-0.051439285659397156,0.2091726430988984,0.5857890631909888,0.3659008531930306
2017/05/02,300599,雄塑科技,雄塑科技2016年度业绩网上说明会,0.0,0.0,0.0,0.0,0.0,0.0,0.0
2017/04/17,300546,雄帝科技,雄帝科技2016年度业绩网上说明会,0.0,0.0,0.0,0.0,0.0,0.0,0.0
2017/04/11,002733,雄韬股份,雄韬股份2016年度业绩说明会,-0.012993831211445005,-0.03138534559477897,-0.067290675266449,-0.07195545270465718,0.013611467360112425,-0.020949832033863573,-0.20640510730128306
2017/04/13,002497,雅化集团,雅化集团2016年度业绩网上说明会,-0.010892236384704657,-0.06692371247590209,0.05540597987813529,-0.1300122124974557,0.2362294972514633,-0.01034393586759751,-0.06259299305959874
2017/05/03,300261,雅本化学,雅本化学2016年度业绩说明会,0.0002781641168288737,-0.02189781021897813,0.005811354492623806,0.03251017639077308,0.021821938149654833,-0.05945931799743492,-0.09761331766846049
2017/05/09,002323,雅百特,雅百特2016年度业绩说明会,-0.02130648560056218,-0.037222395996246466,-0.09348962011015385,0.03600000000000013,-0.17456527063433724,-0.2520852820694771,-0.25088514199410733
2017/04/20,300553,集智股份,集智股份2016年度业绩网上说明会,0.0,0.0,0.0,0.0,0.0,0.0,0.0
2017/05/04,002477,雏鹰农牧,雏鹰农牧2016年度业绩说明会,-0.03283582089552222,-0.048443922489724026,-0.043900379907133844,-0.02303415409054793,0.03058269996380759,0.026743124574102703,-0.18073830237479377
2017/05/10,002639,雪人股份,雪人股份2016年度业绩说明会,-0.007262709742048387,-0.01816347124117033,-0.08389616730409304,0.05777897719606004,0.04743187974717209,-0.0783242736398975,-0.18150008193481793
2017/03/27,300511,雪榕生物,雪榕生物2016年度业绩说明会,0.0,0.0,0.0,0.0,0.0,0.0,0.0
2017/03/31,002076,雪莱特,雪莱特2016年度业绩说明会,0.0,0.0,0.0,0.0,0.0,-0.1561181434599159,-0.10143026779859281
2017/03/20,002658,雪迪龙,雪迪龙2016年度业绩说明会,-0.007188894397620207,-0.02863298352908464,0.06279915757227666,0.08880934117446523,-0.17723033783448874,-0.17533396681961544,-0.21752271703784817
2017/05/09,300162,雷曼股份,雷曼股份2016年度业绩网上说明会,-0.026049515608180855,-0.00233372228704805,-0.0670901665910418,0.02174815851019654,0.012109366224079212,-0.19043098652864776,0.07529755991836246
2017/03/27,002577,雷柏科技,雷柏科技2016年度业绩说明会,-0.044866155586276366,-0.008598568405888508,-0.06560164004100087,-0.20164792936424217,-0.14617573959753058,-0.2274040661567626,-0.3186835945982895
2017/05/05,002413,雷科防务,雷科防务2016年度业绩说明会,-0.042847108405525594,-0.028689655172413793,-0.01239722507708128,0.09924966690820687,0.047307124379656,-0.07359752959341223,-0.16562225533636624
2017/04/19,002015,霞客环保,霞客环保2016年度业绩说明会,0.022426682001150118,0.00910125142207034,-0.0752164047398942,-0.04824520209135627,0.06611854615259231,0.06611854615259231,-0.15535914353292682
2017/04/07,002128,露天煤业,露天煤业2016年度业绩网上说明会,0.0,0.0,0.0,0.0,0.0,-0.1471127002008129,-0.21491427970409832
2017/05/04,002094,青岛金王,青岛金王2016年度业绩网上说明会,-1.4176830322428174e-16,-0.014647367510524126,-0.07418080026346108,-0.0442380558338052,0.03327945127678678,-0.14410106704247957,0.028877668002518793
2017/04/18,300132,青松股份,青松股份2016年度业绩网上说明会,-0.021403091557669406,-0.009586821496084244,-0.029259002770083274,-0.014370620065643637,0.010535481062255155,-0.055707945853125426,0.1725128515270635
2017/05/03,002646,青青稞酒,青青稞酒2016年度业绩说明会,-0.009791752861674361,-0.0502077318498697,-0.03207352885092079,0.009348166321221523,0.028172978334148634,-0.09608498529571968,-0.19887955182072822
2017/04/07,002457,青龙管业,青龙管业2016年度业绩说明会,0.11470454888922477,0.1548361934477377,0.11640725205393958,-0.17726194642093424,-0.13017598167226957,-0.2737878314906102,-0.23943385044834473
2017/05/04,002667,鞍重股份,鞍重股份2016年度业绩说明会,0.00458097547830778,-0.009909421692343542,-0.025010827197920974,0.01945177719115822,-0.00538632986627038,-0.08134907341649976,-0.48046457248412633
2017/04/28,002120,韵达股份,韵达股份2016年度业绩网上说明会,0.016275130716547723,0.0012736072195334233,0.005758335655242782,0.08041140220653428,-0.008112430205453582,0.015730488792870673,0.1022622376581224
2017/03/22,002352,顺丰控股,顺丰控股2016年度业绩说明会,0.026579886626075935,-0.04589981605851913,-0.020855057351407642,-0.002950798035315324,-0.05478017584099594,-0.03922947568318192,-0.04162363485973473
2017/05/04,002676,顺威股份,顺威股份2016年度业绩说明会,-0.002017978352595974,-0.005736238290706502,-0.01210868281157719,-0.2818639595312447,-0.2818639595312447,-0.2818639595312447,-0.6294165981922762
2017/04/27,002565,顺灏股份,顺灏股份2016年度业绩说明会,-0.009779951100244507,0.002254560360729792,0.005614472863381374,-0.05592094911413929,-0.06937663222436727,-0.06285082354518183,-0.16420661946642534
2017/04/06,002138,顺络电子,顺络电子2016年度业绩说明会,0.0018994554894264364,-0.022697416435556925,0.0449483976099945,-0.05550056094502701,0.03543009557679504,-0.050701068685598885,0.0053548233173389284
2017/03/28,300113,顺网科技,顺网科技2016年度业绩说明会,-0.0208750357449242,-0.00813585235339084,-0.0033410206374549604,-0.013588939150737162,-0.23328749458738018,-0.10491937451305987,-0.003551766673675349
2017/03/24,002694,顾地科技,顾地科技2016年度业绩说明会,-0.00865249178348643,-0.018211323476379528,0.0036975566713586677,-0.3931022636999293,-0.36986639231051127,-0.36986639231051127,-0.5972999768467673
2017/02/28,300398,飞凯材料,飞凯材料2016年度业绩说明会,0.0,0.0,0.0,0.0,0.0,0.0,0.0
2017/05/05,300287,飞利信,飞利信2016年度业绩网上说明会,0.0,0.0,0.0,0.0,0.0,0.0,0.0
2017/04/21,300240,飞力达,飞力达2016年度业绩网上说明会,-0.010577705451586672,0.019375672766415664,-0.020971635485817725,-0.005866666666666636,0.017033016851676974,0.1444293433221733,0.1444293433221733
2017/04/26,300602,飞荣达,飞荣达2016年度业绩说明会,0.0,0.0,0.0,0.0,0.0,0.0,0.0
2017/05/05,002210,飞马国际,飞马国际2016年度业绩说明会,0.011137741435217707,-0.006987325316867073,-0.0045248868778279576,0.006796252272409793,-0.2192902638762511,-0.023670486025309252,-0.0777429760179517
2017/05/09,002665,首航节能,首航节能2016年度业绩说明会,0.0006752194463200396,0.040485238234434395,0.12153987167736027,-0.0417607912570976,0.07595479464641187,-0.10440853164654662,-0.07426728100203724
2017/04/07,300147,香雪制药,香雪制药2016年度业绩说明会,-0.008373732921991967,-0.005686844433210917,-0.04122956818736247,-0.03751222187775689,-0.05912120318490106,-0.14058200715283148,-0.0660022524915528
2017/04/07,002502,骅威文化,骅威文化2016年度业绩网上说明会,-0.025254762959681005,-0.06092028515878154,-0.03949277648097897,-0.05965817478232832,-0.14997778929443975,-0.042677824267782286,-0.1858579322796269
2017/04/18,002348,高乐股份,高乐股份2016年度业绩网上说明会,-0.010958904109589052,0.029748283752860427,-0.028464860620337554,-0.030261229416328916,-0.01499312242090784,-0.14508942658437166,-0.30804185455368543
2017/04/24,002827,高争民爆,高争民爆2016年度业绩网上说明会,0.026147015293537405,-0.0052049162402134355,0.0007591093117409194,-0.09385609462271365,-0.06276466621712758,-0.26856473606424786,-0.29065380827579496
2017/04/28,300465,高伟达,高伟达2016年度业绩网上说明会,0.0,0.0,0.0,0.0,0.0,0.0,0.0
2017/04/13,002414,高德红外,高德红外2016年度业绩网上说明会,-0.028154795288838935,-0.021961550993808972,-0.042067916877851066,-0.10240995347378307,-0.07857073313211946,-0.0870452194870467,-0.08559967238137814
2017/04/27,002848,高斯贝尔,高斯贝尔2016年度业绩网上说明会,-0.012265711135611914,-0.015216489140959896,0.041784234856216546,0.10422396453347571,0.048177293175612784,-0.33652190549072086,-0.2638970635021626
2017/04/25,300098,高新兴,高新兴2016年度业绩说明会,0.017218543046357643,-0.008764241893076063,0.06915057676886077,0.0630407911001235,0.039097632979567545,0.024066525825437245,0.08126182757656031
2017/04/13,300499,高澜股份,高澜股份2016年度业绩网上说明会,0.0,0.0,0.0,0.0,0.0,0.0,0.0
2017/04/28,300200,高盟新材,高盟新材2016年度业绩说明会,0.001119820828667469,-0.04469464346639368,0.03450704225352114,0.002807431647086109,-0.09407015892553311,-0.19789862114618095,-0.18000746918959293
2017/04/26,002778,高科石化,高科石化2016年度业绩网上说明会,0.006286627597229582,-0.04138280243049166,-0.010289509377484646,-0.04393696693196022,-0.04481012658227866,-0.134794528847756,-0.24829801358985723
2017/04/12,002223,鱼跃医疗,鱼跃医疗2016年度业绩说明会,-0.011104441776710819,0.007331653945933709,0.028522557194782708,-0.2459392038483105,-0.1834736798440291,-0.15198080189985402,0.029321815980327324
2017/03/15,300423,鲁亿通,鲁亿通2016年度业绩说明会,0.0,0.0,0.0,0.0,0.0,0.0,0.0
2017/05/05,002088,鲁阳节能,鲁阳节能2016年度业绩网上说明会,-0.015550239234449642,-0.016683955739972396,-0.041631058478818345,-0.18891593638429094,-0.046154117844434024,0.024694485451480667,0.14204926588477407
2017/04/27,300441,鲍斯股份,鲍斯股份2016年度业绩网上说明会,0.0,0.0,0.0,0.0,0.0,0.0,0.0
2017/05/08,300219,鸿利智汇,鸿利智汇2016年年度业绩网上说明会,-0.013566525008172636,0.004715697832592885,-0.01825726141078829,0.09333607338352605,0.06640606822095028,-0.07633657740877128,-0.029126469850738128
2017/04/20,002229,鸿博股份,鸿博股份2016年度业绩网上说明会,-0.08571428571428581,-0.03733507322024077,-0.05560524746571241,-0.20536582868260705,-0.15030517369231652,-0.21367854867309102,0.10037356719420092
2017/03/31,300176,鸿特精密,鸿特精密2016年度业绩说明会,0.012544802867383563,-0.017625432525951584,0.006397834140780751,0.14511508262640085,0.08775480699725312,0.55925155390073,0.4860167503385471
2017/04/07,002541,鸿路钢构,鸿路钢构2016年度业绩说明会,-0.013111447302067475,-0.046012269938650235,-0.07529411764705882,-0.024891527746060942,-0.04183614177803676,-0.18221600163927043,-0.1412229010667928
2017/05/08,002002,鸿达兴业,鸿达兴业2016年度业绩网上说明会,-0.03820642080127347,0.008837825894829959,-0.003561887800534247,0.07668645605832242,0.023927812528058513,-0.06562278879733385,-0.1514176602772693
2017/03/24,300375,鹏翎股份,鹏翎股份2016年度业绩说明会,0.0,0.0,0.0,0.0,0.0,0.0,0.0
2017/05/09,300438,鹏辉能源,鹏辉能源2016年度业绩网上说明会,0.0,0.0,0.0,0.0,0.0,0.0,0.0
2017/04/21,002788,鹭燕医药,鹭燕医药2016年度网上业绩说明会,0.011764705882353028,0.02066892145809853,-0.030057719533887414,-0.03454777731474218,-0.026571586818056128,-0.14886678623838254,-0.14540300736541348
2017/04/11,300319,麦捷科技,麦捷科技2016年度业绩说明会,0.0,0.0,0.0,0.0,0.0,0.0,0.0
2017/05/05,002719,麦趣尔,麦趣尔2016年度业绩网上说明会,-0.022360248447204828,-0.01497100211302422,-0.06521461420541629,0.04981407477125771,-0.0016318366057803948,-0.10668453449019925,-0.04636074018843646
2017/04/06,002137,麦达数字,麦达数字2016年度业绩说明会,-0.0046669495120916175,-0.03783319002579532,-0.15254237288135586,-0.14295184431080996,-0.1343960167948578,-0.20455710174636402,0.47440841283358887
2017/04/10,300341,麦迪电气,麦迪电气2016年度业绩网上说明会,0.0,0.0,0.0,0.0,0.0,0.0,0.0
2017/04/17,002817,黄山胶囊,黄山胶囊2016年度业绩网上说明会,-0.004448163481018193,0.0024120952901972637,-0.013455774504177115,-0.08331394807853369,-0.13509050134649495,-0.17421884304756638,-0.17222763289206314
2017/04/14,002387,黑牛食品,黑牛食品2016年度业绩网上说明会,-0.01617212768949523,-0.05898411647915279,-0.033423362592842884,-0.019331634946800423,0.030942365714537807,0.014492753623188196,-0.09796853417781204
2017/05/10,002068,黑猫股份,黑猫股份2016年度业绩网上说明会,-0.016035482770385495,0.01600134748189326,0.008003326057582609,0.10739718996599702,0.3011308644490859,-0.03146941253278636,-0.07820744667674136
2017/04/07,002039,黔源电力,黔源电力2016年度业绩说明会,0.0042260134606355165,-0.006536532951289276,-0.04687904687904667,-0.04629472613193121,0.08524582273810241,0.013582170437610109,-0.04650459523778215
2017/03/30,300378,鼎捷软件,鼎捷软件2016年度业绩说明会,0.0,0.0,0.0,0.0,0.0,0.0,0.0
2017/04/28,300011,鼎汉技术,鼎汉技术2016年度业绩网上说明会,0.013148414985590915,-0.044665461121157365,-0.011419117943751928,-0.05231984205330702,-0.12689920653625633,-0.2167421885567425,-0.2725313021502307
2017/04/18,300054,鼎龙股份,鼎龙股份2016年度业绩说明会,0.002417794970986495,0.016261032361593986,-0.04057709648331812,-0.32646625035302973,-0.18135991934580473,0.06315024192133156,-0.08727298804209498
2017/04/05,002521,齐峰新材,齐峰新材2016年度业绩说明会,-0.03287197231833917,-0.02864093774189985,-0.009171012407840662,-0.07376685281678615,-0.05143926010599611,-0.11002987132352929,-0.14386158463039428
2017/03/24,002301,齐心集团,齐心集团2016年度业绩说明会,0.012068600465805487,-0.0010617965597792367,-0.02183646982478894,-0.06522833198398302,-0.14711301516966965,-0.13711339289155874,-0.18791625536493556
2017/03/27,002408,齐翔腾达,齐翔腾达2016年度业绩说明会,0.00041084634346749785,0.019833746536386324,-0.008457479826194826,0.01879927228623415,0.0894850017418878,0.16925730391435073,0.09391354543020403
2017/04/11,002604,龙力生物,龙力生物2016年度业绩网上说明会,-0.01655306718597857,-0.037045327364297595,-0.03057090239410675,-0.037356698759148835,0.004421003645389333,-0.08847658715133147,-0.08847658715133147
2017/04/28,002726,龙大肉食,龙大肉食2016年度业绩网上说明会,-0.07772885987551238,-0.04353302369519012,-0.03044215284644728,-0.05591428833383566,-0.4260591626194727,-0.2480561203110209,-0.2933055654698996
2017/05/08,002442,龙星化工,龙星化工2016年度业绩网上说明会,0.007279632853299473,0.007279632853299473,0.007279632853299473,0.007279632853299473,0.007279632853299473,-0.008804144271226132,-0.048326393838228475
2017/05/08,002671,龙泉股份,龙泉股份2016年度业绩说明会,-0.01620773788776592,-0.03090464547677275,0.023725834797890838,-0.055623094246368125,-0.13339321805524387,-0.23455553747355481,-0.3110723319150601
2017/04/17,002750,龙津药业,龙津药业2016年度业绩说明会,0.00951086956521743,-0.06668749023895056,-0.04150559511698862,-0.06394061726787328,-0.11279643435015237,-0.16224946249707006,-0.1904571847428552
2017/05/03,002682,龙洲股份,龙洲股份2016年度业绩说明会,-0.043255131964809374,-0.029520645467489316,0.04933130847989025,-0.05948760245373457,-0.011549954869296383,-0.09311287688326912,-0.18069694059541744
2017/03/28,300105,龙源技术,龙源技术2016年度业绩说明会,-0.02528175449284186,0.002788428023701889,-0.022492000752870174,-0.13311170212765935,-0.039023455865708025,-0.14696510056848572,-0.1690107165555993
2017/04/17,002601,龙蟒佰利,龙蟒佰利2016年度业绩说明会,-0.0012901712409100672,0.02194994103000904,-0.01266247379454919,-0.036348115199712344,0.047805838260360646,-0.11288793074041995,0.07297559919480212
