code,short,tfidf0,lsi0
002069,ST獐岛,0.06917394422463576,0.10643325062433526
002029,七匹狼,0.18215342284549202,0.18188241739803657
002085,万丰奥威,0.13587675815835196,0.15499007150635355
002543,万和电气,0.14481012894536918,0.14597863315333456
300482,万孚生物,0.215382552574639,0.23202890474390625
002590,万安科技,,
002654,万润科技,0.2060343753529634,0.2055899499303952
002643,万润股份,0.0645471005699897,0.10838273008666598
300268,万福生科,0.09793340167246546,0.10332036149628201
000002,万科A,0.14683031358923915,0.20158190620350494
300168,万达信息,0.15630095019411674,0.1658395610340547
002739,万达院线,0.16122249445781064,0.1910275567554728
300055,万邦达,0.21716817851360792,0.2416735091138474
002434,万里扬,0.141753427546121,0.1296992807068492
002785,万里石,0.17577953325727513,0.1958517328179271
300591,万里马,0.11970739534763696,0.15884930730281036
300552,万集科技,0.16097644351406176,0.1801930687904326
300057,万顺股份,0.14188508272770647,0.17613831569327135
002276,万马股份,0.11582601273964327,0.14312958308013274
002555,三七互娱,0.1366019367014451,0.1584403079127173
300276,三丰智能,0.15768750023388484,0.16389346283405087
300051,三五互联,,
002417,三元达,0.1394376986118131,0.1554565089365579
002216,三全食品,0.18470646869078347,0.1843811781760163
300295,三六五网,0.1484611266168889,0.16449474037018236
002224,三力士,0.0469256449225254,0.08326020063038493
002112,三变科技,0.16621158001519243,0.17968839378304682
002621,三垒股份,0.09295419657249838,0.11031203782177165
002780,三夫户外,0.13068769052369433,0.1440033875405221
300066,三川智慧,0.16319005490680236,0.19293029654545743
300515,三德科技,0.17543147675035764,0.18007418232736705
002857,三晖电气,0.5934986040984996,0.596557538623387
002312,三泰控股,0.14226399488141792,0.1606812728283413
002159,三特索道,0.2082781773110765,0.24902208695044795
300408,三环集团,0.2015518572682014,0.24331370559010543
300056,三维丝,0.14563145712813821,0.15488151759791968
002469,三维工程,0.07582022183017302,0.10326035644930594
002115,三维通信,0.1099867491118139,0.14005875833890852
300384,三联虹普,0.14406937373140605,0.14749960306983317
300072,三聚环保,0.15902560134077048,0.19656416955350312
002050,三花智控,0.127376799639937,0.16510116701451721
300298,三诺生物,0.1364175616964489,0.16287424914739948
002110,三钢闽光,0.1796882078440439,0.1972161959074822
300236,上海新阳,0.22606092801959268,0.2630828990074352
002252,上海莱士,0.1369995409515609,0.1295803939012863
300226,上海钢联,0.1935992537725229,0.22218648898332796
300522,世名科技,0.09668683755169158,0.1128540984476947
002796,世嘉科技,0.09601883390069278,0.14217911439123124
002558,世纪游轮,0.10513080093737577,0.1403061442377901
300150,世纪瑞尔,0.10330792147455851,0.13515218097793386
300050,世纪鼎利,0.16871940286121026,0.21428502684342277
002285,世联行,0.11670932598248468,0.15134333784374762
002016,世荣兆业,0.14953020048757182,0.14521115906921156
002748,世龙实业,0.24002248623264655,0.25442553151991043
002017,东信和平,0.1656318940355845,0.16871141749623994
300354,东华测试,0.18089189740862238,0.1799717416730893
002140,东华科技,0.13377102562550194,0.14327904999401697
002221,东华能源,0.10616802351920485,0.14117308446500385
002065,东华软件,0.15885368545610026,0.20128704529602306
300353,东土科技,0.12503927404835313,0.14575997198746032
300239,东宝生物,0.13059465311767154,0.13434621850308012
300171,东富龙,0.0865302301048468,0.11142443844344847
002384,东山精密,0.13264864012717917,0.13775075275158508
002819,东方中科,0.17327429028302993,0.18805977225944148
002310,东方园林,,
300166,东方国信,0.14742929535005406,0.1758188983597178
002755,东方新星,0.16965882486504152,0.18286792884697772
300118,东方日升,0.15710950199705873,0.1666984784141443
002086,东方海洋,0.12649576861907003,0.16944349266795655
300217,东方电热,0.12975093653426806,0.1543242511802926
002611,东方精工,0.12900591661923777,0.1775129067378933
300367,东方网力,0.08516738894134124,0.14290549994058635
002175,东方网络,0.06298674076837113,0.08254276288862815
300059,东方财富,0.11838680116830963,0.16458822000088114
300379,东方通,0.10505756024452931,0.12851789224413146
002545,东方铁塔,0.13215704811579765,0.14454889541635482
002167,东方锆业,0.1892299224292261,0.2198516431506224
002271,东方雨虹,0.16471705932339323,0.18779051036650019
002713,东易日盛,0.10676079454601647,0.1358552080874018
002199,东晶电子,0.14636689482357576,0.15572574605177864
300486,东杰智能,0.12508989200235962,0.14736230225549232
002672,东江环保,0.12132327883882783,0.1553637266650358
002117,东港股份,0.14856133018731207,0.14137829770080926
002675,东诚药业,0.15907552869103259,0.18480076938376117
300183,东软载波,0.1259672618027804,0.13322044862776758
002793,东音股份,0.1323983639518602,0.17673325770324852
002793,东音股份,0.23450217995824008,0.2373703620855162
300512,中亚股份,0.2030898669808118,0.22705273902310544
002579,中京电子,0.12938902996336016,0.14866396792325468
300018,中元股份,0.0899758681386926,0.10376686832263671
300414,中光防雷,0.159455507338316,0.18022322046975175
002309,中利集团,0.16621890673419187,0.1768619905668326
002542,中化岩土,0.09370035747093639,0.09469033398090976
002445,中南文化,0.07723157419864252,0.09795763241097598
601985,中国核电,0.2064983118425172,0.24215521816838498
002116,中国海诚,0.17468270036936046,0.20503724735723652
002779,中坚科技,0.1769040962103705,0.16723491552505787
300270,中威电子,0.20464368378585077,0.20861527493182155
300560,中富通,0.15713435880267138,0.1907462269721407
002051,中工国际,,
002364,中恒电气,,
002021,中捷资源,0.16793759902506433,0.19070567537831615
300364,中文在线,0.12994230550649283,0.16751169055845652
300575,中旗股份,0.1503837713632356,0.1871173509013203
002080,中材科技,0.10659197653034903,0.13601799980320584
300393,中来股份,0.14345691468773789,0.16887890672554962
002145,中核钛白,0.2045692301421676,0.22095495351689293
002092,中泰化学,0.15145015868498427,0.16576026570471736
002659,中泰桥梁,0.17300315032559008,0.21703600289731487
300435,中泰股份,0.1561380537974615,0.17307324490048903
002401,中海科技,0.16954683868565673,0.19447590499070347
300177,中海达,0.15729655573088835,0.20981574142228315
300526,中潜股份,0.10495433327450955,0.12759211529971196
002129,中环股份,0.04058675233116766,0.07410156172066802
300140,中环装备,0.17169618237677253,0.19643477218920838
002298,中电鑫龙,0.15605399604540787,0.19317715450436318
002738,中矿资源,0.1324126883193549,0.15265930124769625
002306,中科云网,0.12509332066740028,0.15414531671184573
002290,中科新材,0.12269882727312294,0.1435838444369573
300035,中科电气,0.2211302869624523,0.23639194929735086
002657,中科金财,0.10742834155119745,0.1404996735830094
300062,中能电气,0.10382678641446606,0.1179704969094919
002163,中航三鑫,0.13853951690879407,0.16495224313704626
002179,中航光电,0.1442449353437737,0.1799986640102394
300114,中航电测,0.14438410314027697,0.16143895685973275
002822,中装建设,0.21104923198720088,0.23515080746380912
002471,中超控股,0.17207866442582306,0.18761352632905842
300145,中金环境,0.13083851432561316,0.14194945024230837
002057,中钢天源,0.20148496749835282,0.22143702128581189
300308,中际装备,0.10348531264314945,0.12215333300863895
002511,中顺洁柔,0.1645899428066634,0.17464535041740312
300327,中颖电子,0.07250218289127365,0.10021052037731285
300489,中飞股份,,
002530,丰东股份,0.15088173849224898,0.17378840786181765
002805,丰元股份,0.1237108977263596,0.15955200602406105
002618,丹邦科技,,
002374,丽鹏股份,0.13797577888670862,0.14807837700408485
300516,久之洋,0.13392890436179108,0.1430037703888325
002279,久其软件,0.13117326362935725,0.16008167763068645
300631,久吾高科,0.18950982562718585,0.20738061151343154
002037,久联发展,0.21077095527373607,0.2311040890164051
002777,久远银海,0.13047866328451302,0.1382959273376922
300446,乐凯新材,0.16858814625266674,0.1723797356145114
300562,乐心医疗,0.22600180213610363,0.2552328221547582
300003,乐普医疗,0.13044505473090579,0.16221666827552245
300104,乐视网,0.10917885769185923,0.1404380998793874
002319,乐通股份,,
300247,乐金健康,0.1802535775855788,0.19584121590699585
002687,乔治白,0.09962363106204834,0.12261381306383509
300040,九洲电气,0.2765321777411068,0.29319920404573635
002242,九阳股份,0.08801662692764214,0.13661759311481378
002201,九鼎新材,0.1759481069751516,0.2451053461922184
002195,二三四五,0.1491790443026814,0.20947325000385683
002467,二六三,0.15282201465787573,0.17377418400001743
002059,云南旅游,0.21106498866190462,0.23245651935276002
002053,云南能投,0.19561288481440534,0.23713339999066066
002428,云南锗业,0.11257117039832465,0.14376220140116885
002539,云图控股,0.13778989556421545,0.18664190238906747
002200,云投生态,0.2196972790041859,0.24062069797933278
002182,云海金属,0.18474830736720313,0.21261943924496585
300420,五洋科技,0.1408512987696191,0.14857613458108115
002375,亚厦股份,0.1548381937089023,0.17033226501548768
002607,亚夏汽车,0.2548206065890992,0.2733559094621094
002540,亚太科技,0.08998576961377559,0.12473205666447881
002284,亚太股份,0.1403393344868877,0.16419386792491866
002370,亚太药业,0.16280602199300695,0.16482163908007916
002559,亚威股份,0.1745131520995706,0.17708110222385096
002811,亚泰国际,0.07468814638308643,0.08614466483047138
002623,亚玛顿,0.12838822593796637,0.15672557315510846
300399,京天利,0.13681479476171646,0.13405743045718696
002662,京威股份,0.20914037083349357,0.25520924412071627
002020,京新药业,0.16810614688543551,0.19547628122884228
002686,亿利达,0.22008017843389274,0.20021269634502872
002019,亿帆医药,0.11518151959153519,0.13038498105819818
300014,亿纬锂能,0.13521199775351506,0.17664646782499463
300211,亿通科技,0.10528225283968333,0.11673109838759885
002629,仁智股份,0.1350760375004241,0.1476257912693009
300532,今天国际,0.17196999317604475,0.19018467064769803
002746,仙坛股份,0.10387008101540153,0.12050903357409448
002332,仙琚制药,0.18924035635985884,0.20945662030019935
300254,仟源医药,0.16439371361867544,0.21077305261055368
002603,以岭药业,0.10728206089004058,0.140620451780254
300311,任子行,0.09574495361336974,0.1134904535869773
300415,伊之密,0.2353585239776213,0.24879797208658536
002441,众业达,0.08269306022421823,0.10757709277592907
002707,众信旅游,0.09607972824053514,0.11397262755021542
,众和股份,,
002317,众生药业,0.14768138261098068,0.16246672314812505
300531,优博讯,0.1047984533008901,0.12076865877453989
300549,优德精密,0.15485558062264634,0.15852789255596117
300578,会畅通讯,0.1866660761504576,0.18663008697001687
002372,伟星新材,0.17051680981075865,0.1789163023404026
002003,伟星股份,0.22668361924357233,0.24696327579125307
002010,传化智联,0.1294840533889274,0.15773971490497188
300181,佐力药业,0.07582178593247782,0.12288268944056134
002644,佛慈制药,0.1760096428568388,0.17550655576546034
300264,佳创视讯,0.11275346404062887,0.11937885579948244
300559,佳发安泰,0.13222677166618227,0.1604038467631946
300193,佳士科技,0.19364764045889518,0.21312943065734377
300213,佳讯飞鸿,0.14058161823183848,0.17971209191820403
002495,佳隆股份,0.11679308428763033,0.14022920538961706
300249,依米康,0.1315119564105943,0.14276496862417512
002286,保龄宝,0.09569906043789277,0.10822497906807314
300469,信息发展,0.22221216724542356,0.2473675643627598
002294,信立泰,0.14330369830989015,0.16164611712226823
300136,信维通信,0.1257186833408134,0.17134753357146634
002664,信质电机,0.1299743201372095,0.13933559805521922
002390,信邦制药,0.1653165679114815,0.18500284087831093
002105,信隆健康,0.1812925940478063,0.19718024219236577
300529,健帆生物,0.22667755963053776,0.22058257077683335
300174,元力股份,0.13836376747800377,0.12587411220049094
002562,兄弟科技,0.11546563956942277,0.14546747389649112
002256,兆新股份,0.2066748745341121,0.19520002561496533
300333,兆日科技,0.14145288641004827,0.1633279514967134
002429,兆驰股份,0.1665011082032705,0.18241288763793778
300450,先导智能,0.13780638060571712,0.15321359871322407
300137,先河环保,,
300541,先进数通,0.12181943501797773,0.13904829796490342
300163,先锋新材,,
002767,先锋电子,0.13164936885825004,0.14086908713027213
300356,光一科技,0.10937059206169175,0.14387985390714406
002741,光华科技,0.1371337729243931,0.13360613109245467
002524,光正集团,0.15740314338833528,0.17757591542632553
002708,光洋股份,0.2523352654644729,0.27126678630235823
300383,光环新网,0.12285536533889756,0.1608174358299054
300251,光线传媒,,
002281,光迅科技,0.1991986372092309,0.18338833924793937
300227,光韵达,0.1960059901998265,0.22024841769147538
002661,克明面业,0.19759226163234025,0.20523426929960478
002043,兔宝宝,0.15709270927432506,0.17144062924174738
300458,全志科技,0.13595391557524275,0.16381409939558916
002186,全聚德,0.17495804247791563,0.21010759290700037
300359,全通教育,0.12398251993307341,0.150009152025929
002592,八菱科技,0.2125227603494676,0.24968900711658215
002655,共达电声,0.07496373732739836,0.11132176261097813
002436,兴森科技,0.13109848317896625,0.1448331622645976
002355,兴民智通,0.24864082516202302,0.26915216384307317
300266,兴源环境,0.1961118673324521,0.21298646807296825
300573,兴齐眼药,0.1435392442625814,0.1745894774266434
002691,冀凯股份,0.14854172513563826,0.16331447140454575
300536,农尚环境,0.0858934545866964,0.10244939263774298
300238,冠昊生物,0.08665388261036784,0.0988188230589046
002102,冠福股份,0.14681204601910308,0.18218381919537105
300533,冰川网络,0.13425187458065058,0.1690350601157102
002207,准油股份,,
002760,凤形股份,,
002823,凯中精密,0.1398376864425096,0.18570245556531378
300326,凯利泰,0.23818536641390467,0.256946664595308
300407,凯发电气,0.12933962253382392,0.15599172325557445
002012,凯恩股份,0.15386344677057803,0.16372502216284257
002425,凯撒文化,0.14937254106497658,0.16738084200346268
002072,凯瑞德,0.18056275192614699,0.19909554865105888
002549,凯美特气,0.09934160034784185,0.09088091083289093
002821,凯莱英,0.130505647257462,0.1744490302821497
002783,凯龙股份,0.15887853074657193,0.19073704566141494
002027,分众传媒,,
300451,创业软件,0.21793602628725292,0.2166587315735365
300366,创意信息,0.12868073619527032,0.16338163133466754
002173,创新医疗,0.18982492513693866,0.2128669767967697
300250,初灵信息,0.1800888198160227,0.21141640839621634
300296,利亚德,0.1546646757997313,0.1778455447187046
002651,利君股份,0.15717514868655372,0.16156005154785824
300596,利安隆,0.2516687493524709,0.2580506327771951
002258,利尔化学,0.15474026232482013,0.18643893026486352
300289,利德曼,0.10535529384865842,0.1365877563655015
002131,利欧股份,0.12267488046766269,0.14044151777755406
002734,利民股份,0.23797761545186907,0.25003855123543284
002501,利源精制,0.14902741438600312,0.21018328578140388
601366,利群股份,0.1301796996960657,0.15865371078107957
002189,利达光电,0.15881110625036382,0.1717025140821045
300421,力星股份,0.1529995092559014,0.17209508334672363
300184,力源信息,0.16815498586342062,0.19660801338909187
002393,力生制药,0.0479780872311374,0.0678959024598124
002650,加加食品,0.14871566017540921,0.1603697507759376
002191,劲嘉股份,0.10854964727256486,0.12511993973359106
300400,劲拓股份,0.13760427522565413,0.15089653595517316
002638,勤上股份,0.06662799722994069,0.08173498734934075
002392,北京利尔,,
300223,北京君正,,
002350,北京科锐,0.1573547438262892,0.19395705251570378
300352,北信源,0.1266616062103609,0.14241375602252093
002246,北化股份,0.12943822958539836,0.13008838256096295
002151,北斗星通,0.19243349028619583,0.22331642077975622
002307,北新路桥,0.1240140253943847,0.13861866300679226
002371,北方华创,0.17896178245416772,0.2040288601285365
002613,北玻股份,0.21398770971297562,0.22950876336970413
002148,北纬通信,0.1450989959297613,0.16257197842945334
300216,千山药机,0.17473130777230508,0.20352249795389488
002373,千方科技,0.3407198433849162,0.33279623905285516
002550,千红制药,0.12022199811235194,0.15685519161645656
002259,升达林业,0.18529880988642927,0.22126685068110624
002248,华东数控,0.09467047013414101,0.12036500677269739
002685,华东重机,0.14136244505937462,0.1678883310934312
300161,华中数控,0.1091423046321368,0.1381941107932418
300110,华仁药业,0.14074334628841764,0.15238871432969633
002018,华信国际,0.09774131900006133,0.13144329305590097
002007,华兰生物,,
300592,华凯创意,0.19395005681812466,0.21120837361207212
300045,华力创通,0.19688153842355247,0.22536862851878395
600325,华发股份,0.19160119491141556,0.2743179067572911
002185,华天科技,0.22518194538206218,0.25663553402107003
000607,华媒控股,0.12544860935118243,0.1504178319911643
002042,华孚色纺,,
300271,华宇软件,0.1467852679841026,0.16494850521201304
002645,华宏科技,0.14393654874317222,0.1804785950951042
002064,华峰氨纶,,
300180,华峰超纤,0.18507408309149295,0.22111404032174595
002035,华帝股份,0.16465639943782376,0.19012766190661334
300291,华录百纳,0.07589239612223687,0.09971035150639146
002494,华斯股份,0.1666256861083589,0.20643895180098193
002274,华昌化工,0.08256194161030177,0.11883423148060566
300278,华昌达,0.13134112253596802,0.14303026052866655
002270,华明装备,0.17188973978948355,0.19663626476521626
300025,华星创业,0.1053464314230624,0.13372626254793263
300012,华测检测,0.1375797019750765,0.1580747616544645
002787,华源控股,0.19536831065028432,0.1931203682462218
300323,华灿光电,0.20763869283072547,0.24342444274816583
300133,华策影视,0.10486510050108998,0.16457536299366035
002840,华统股份,0.2313554994341027,0.235135754109743
300490,华自科技,0.16054894484712376,0.1810083681248862
300527,华舟应急,0.2329764241732832,0.23503369799501642
002321,华英农业,0.24844761392214704,0.2542772819869991
300330,华虹计通,,
002630,华西能源,0.1681067479478679,0.2305730938960305
300027,华谊兄弟,0.1140942405616983,0.1870503335190896
300071,华谊嘉信,0.1375855168336674,0.16979058468840458
002758,华通医药,0.1717101402635813,0.20133482144308618
002004,华邦健康,0.18580619777144528,0.23444244949766366
300462,华铭智能,0.12348751808208146,0.12225676135934653
002806,华锋股份,0.18589799371538385,0.21998005910141466
300350,华鹏飞,0.15248358379008423,0.17259397478079333
002506,协鑫集成,0.127430376885955,0.1542522992674338
002369,卓翼科技,0.16562578296250297,0.17427916768683246
002040,南京港,0.17037639458384343,0.2055438709792713
002757,南兴装备,0.19714448175251273,0.18889742715935734
300417,南华仪器,,
002305,南国置业,0.16897104215047,0.19482008316068114
300346,南大光电,0.09113594646662253,0.11491385236001606
002314,南山控股,0.11636899693212706,0.12317832436406964
002096,南岭民爆,0.16251398431867145,0.18148672822265619
002127,南极电商,0.1078966238241524,0.12457977738462944
002389,南洋科技,0.23257037107269862,0.23749332749115484
002212,南洋股份,0.16530590012093285,0.16993631805918444
300280,南通锻压,0.1272922760091347,0.14508208638426456
300068,南都电源,0.1980840060506744,0.2323398553064389
300422,博世科,0.08191955720721623,0.10920586935182634
002297,博云新材,0.1330340684874048,0.16760485330664376
300548,博创科技,0.12913123581249358,0.15660135958733604
002698,博实股份,0.205566979786962,0.2332013429627248
002649,博彦科技,,
300525,博思软件,0.13997419965247396,0.15727445576935617
300318,博晖创新,0.15994991481831558,0.2041161257119419
300404,博济医药,0.12113143536570468,0.13639570900437054
002282,博深工具,0.1471372741574272,0.16019018232349597
300363,博腾股份,,
002268,卫士通,0.14089237343145314,0.1583853832441472
300253,卫宁健康,0.08698628867327751,0.10738721127760623
002648,卫星石化,0.14730730799650116,0.1790392287592811
002143,印纪传媒,0.11920074253713106,0.1287288421443583
300471,厚普股份,0.31105524909960147,0.33046215956333375
002718,友邦吊顶,0.16897045787944928,0.1797539093096284
002277,友阿股份,0.17751222362410746,0.18403931752290395
002481,双塔食品,,
002693,双成药业,0.13418138087962395,0.14788978703949404
002585,双星新材,0.25436805638084725,0.29177462860699416
300444,双杰电气,0.16251422309860628,0.17394213015352555
300100,双林股份,0.14049552085550895,0.16120977846453236
002381,双箭股份,0.15192723702682193,0.16443319807187629
002395,双象股份,0.10522532852106509,0.13984126774403555
002038,双鹭药业,0.10449471902643974,0.13010769416695564
300108,双龙股份,0.18688248388264656,0.20284863851659715
300551,古鳌科技,0.13973926069959391,0.14368182842962093
002782,可立克,0.10821894275377544,0.13040845705274637
300046,台基股份,0.07235807636463355,0.10735474926168903
002366,台海核电,0.19316240456544684,0.1884976596545685
002588,史丹利,0.09868443137501762,0.1123838379901149
002538,司尔特,0.11236835174436362,0.16167152002897997
002383,合众思壮,0.1798725897038784,0.1967768531216776
002228,合兴包装,0.09469217396706534,0.10604033327123968
002217,合力泰,0.17878789149101887,0.1874576334009026
300048,合康新能,0.11007676237905552,0.1270696182796587
300477,合纵科技,0.13938770342287374,0.15302756678407806
002208,合肥城建,0.163909948566596,0.19713561479000774
300597,吉大通信,0.16344737550134855,0.17103698644423135
002803,吉宏股份,0.10004346388660455,0.11325126849349892
300022,吉峰农机,0.11820839788093851,0.1176860709618999
000623,吉林敖东,0.09419767371480371,0.10919951418371834
300309,吉艾科技,0.16427701222625957,0.1961205663511873
002835,同为股份,0.15420309107156324,0.17538461828042598
002845,同兴达,0.2541647113085953,0.2622807170910427
300321,同大股份,0.14734326254448704,0.15563725935190095
002360,同德化工,0.15617460166581865,0.16981373341599842
300302,同有科技,0.10198461790281838,0.11819314703512535
002052,同洲电子,0.09389046154389943,0.11942926901898539
300538,同益股份,0.12688914331952758,0.1300871678332899
300506,名家汇,0.18991727233194608,0.21003495967695104
002830,名雕股份,0.16892472132062064,0.18698717683105667
300111,向日葵,,
002232,启明信息,0.11642247858691541,0.14689270441662308
002439,启明星辰,0.16256424270343622,0.18135847920864473
300500,启迪设计,0.09621081888806107,0.11182248082094987
300292,吴通控股,0.2676971454706969,0.2679687462634411
300550,和仁科技,0.20101265030164553,0.20253198586288668
300273,和佳股份,0.07990847229201034,0.10890375407597636
300279,和晶科技,0.19501906456758678,0.17217158150421114
002816,和科达,,
002824,和胜股份,0.17259453649177967,0.21058373238460587
300141,和顺电气,0.1369762940051354,0.16147807134545097
002615,哈尔斯,0.16876406030138488,0.19940097965454182
002567,唐人神,0.1720397434716923,0.18732361056677047
300426,唐德影视,0.15293296632097378,0.1603491052040308
002462,嘉事堂,0.15402278503537312,0.15717670623599506
300117,嘉寓股份,0.13864224629206962,0.14592544389821485
002198,嘉应制药,0.10363802428623044,0.13297765236067077
002404,嘉欣丝绸,0.1720847114154557,0.18908300923558535
002486,嘉麟杰,0.14377927156689144,0.14797221151176113
300468,四方精创,0.15568310979428515,0.17956376800641366
300179,四方达,0.16744955464029884,0.21366868049372267
002405,四维图新,0.14285891063027575,0.19114238546828066
300428,四通新材,0.09409261406472455,0.1626795465885479
300041,回天新材,,
002586,围海股份,0.13509102989163974,0.1654130386422952
002736,国信证券,0.0954033251221878,0.12714299370275897
002045,国光电器,0.18906460464192895,0.21618404498325708
002749,国光股份,0.12484556337546443,0.14143794295732337
002377,国创高新,0.12420449204214692,0.14117225969422514
002449,国星光电,0.14024026757502872,0.1754195051835723
300077,国民技术,0.1254743281304089,0.14011484100318877
300285,国瓷材料,0.1753204655645448,0.19788537839587084
300388,国祯环保,,
002205,国统股份,0.16302922769474104,0.1778204014169541
300094,国联水产,0.1386600236600468,0.1573668146934304
002093,国脉科技,0.1393129943424795,0.16244509585022568
002074,国轩高科,0.11219837042009426,0.16042080131526545
002299,圣农发展,0.12124429013279266,0.1482228710889877
002473,圣莱达,0.18506448032411865,0.2115684832227539
002580,圣阳股份,,
300403,地尔汉宇,0.11467706361020076,0.1414494277039909
002791,坚朗五金,0.14061204532781663,0.15889805382443373
300116,坚瑞沃能,0.12027362512103738,0.15075406300186983
002747,埃斯顿,0.1320560322710469,0.1457851824507921
002447,壹桥股份,0.1136819245194778,0.08854911249261001
002761,多喜爱,0.22487057609232128,0.22890882578772132
002407,多氟多,0.10342772751723711,0.11926433226449266
002263,大东南,0.14152773795925463,0.15881924680401394
002385,大北农,0.1878307597772571,0.2010057283163398
002236,大华股份,0.13330756363390425,0.15064400855557566
300134,大富科技,0.12037767607937182,0.155485200311696
002505,大康农业,0.23948519557224282,0.2453138998960103
002008,大族激光,0.15940496243700675,0.16853077157789345
002249,大洋电机,0.18502435917453294,0.18578620541955543
002077,大港股份,0.14228770095992474,0.16669506684556418
300021,大禹节水,0.1308221489118603,0.15730041436695028
002606,大连电瓷,0.19520711751632291,0.20155381125120617
002204,大连重工,0.1253618598001,0.13722689231952423
002487,大金重工,0.16959886755682418,0.17044635559710952
002459,天业通联,0.12127399871983646,0.15275947598774522
300390,天华超净,0.1317726317418975,0.14955406970547994
002386,天原集团,0.17979985464775086,0.19491626509003765
300397,天和防务,0.2142980821262296,0.2199129263145679
300205,天喻信息,0.1732281267335697,0.21513319434680953
300332,天壕环境,,
002009,天奇股份,0.07678630917030853,0.09938419910279471
002238,天威视讯,0.21438231588770665,0.23169064727095826
300394,天孚通信,0.2017116960800115,0.23828840619899688
002220,天宝股份,0.09103488323332869,0.10848681669737457
300313,天山生物,0.11920655322497904,0.14334692162297358
002509,天广中茂,0.13828949981167485,0.15471874256351953
002100,天康生物,0.12280479384417037,0.1443641194338893
300169,天晟新材,0.054274389995395196,0.06611155038840001
002510,天汽模,0.1930905635736098,0.21437095774518064
002564,天沃科技,0.1280430484346013,0.1486939353603835
300209,天泽信息,0.15608142053026589,0.16791880544772447
002134,天津普林,0.13607156197324669,0.14380500686385872
300008,天海防务,0.17970186061035065,0.20281367396118366
002113,天润数娱,0.17928650602075266,0.16847651749454207
002283,天润曲轴,0.16405141509126867,0.19020315943828198
300047,天源迪科,0.15073930399957408,0.19336396210946385
300245,天玑科技,0.14705496311841018,0.15431187215017533
300165,天瑞仪器,0.29128620732737487,0.30115255745770575
002354,天神娱乐,0.14752952204653244,0.17589223291425798
300362,天翔环境,0.20590345415957648,0.19912430526373523
300569,天能重工,0.2019418007154662,0.22134120924791392
300148,天舟文化,0.09297134638229766,0.11051987884810335
002419,天虹商场,0.11037173853474383,0.1320450944040902
002709,天赐材料,0.15559809944101222,0.17258106643652668
002124,天邦股份,0.09293341822877978,0.126898703861882
300587,天铁股份,0.11297022339329287,0.14603572706129603
300342,天银机电,0.18152367278157516,0.17885214290799445
002759,天际股份,0.21420081027887375,0.21192582891436526
002800,天顺股份,0.23580045782322764,0.22613753471803671
002531,天顺风能,0.1480697261562782,0.17345434894163608
002453,天马精化,0.1157655410332754,0.17322364455625436
002122,天马股份,0.08484448767290856,0.10413706303559848
002466,天齐锂业,0.14695498748454644,0.17148030953128807
300029,天龙光电,0.19250163577679424,0.20449728816894178
002433,太安堂,0.08984844691113231,0.11985754073292038
002368,太极股份,0.13257428855931486,0.14342616336021397
300344,太空板业,0.1175940448653585,0.12057025018690669
300570,太辰光,0.16075207826721546,0.1756433862160514
002300,太阳电缆,0.22534139761096095,0.19453191502436956
300123,太阳鸟,0.09544696173951185,0.0988773791177196
002781,奇信股份,0.10076653734108902,0.12615958289648677
002287,奇正藏药,0.15756090634526085,0.16826706066140054
300082,奥克股份,0.16875396395035785,0.1721451316102241
002587,奥拓电子,0.12768164009412647,0.1854662862934127
002338,奥普光电,0.13369918120646263,0.1663329006911588
002239,奥特佳,0.2493494892369522,0.2768614736048942
002227,奥特迅,0.15170386858322588,0.17305818153733973
002701,奥瑞金,0.08894934438447664,0.12503559139023224
002231,奥维通信,0.0858968238353865,0.10654776097901057
300585,奥联电子,0.07050708770368756,0.08932759707382835
002292,奥飞娱乐,0.12487085106216653,0.1368975055136032
002668,奥马电器,0.2132610945977859,0.2557078017884586
002729,好利来,0.13632999182695882,0.1603888992734957
002582,好想你,0.1763817542313602,0.19541174867510513
002605,姚记扑克,0.06667641410564751,0.0871353044075732
002308,威创股份,0.14616289120243098,0.15510419100212636
002058,威尔泰,0.15270163002856144,0.1780272124459129
002111,威海广泰,0.18535107923467153,0.2052133435908624
002083,孚日股份,0.22963891489790303,0.24292698626988565
002164,宁波东力,0.1567005661951332,0.17960933321029054
002048,宁波华翔,0.12741239037498625,0.14904896247819416
002142,宁波银行,0.11946596501852683,0.13203550639618689
002289,宇顺电子,0.08777453613725607,0.09985812333352459
300218,安利股份,0.09565187683008823,0.12921679485695764
002235,安妮股份,0.09639705152513653,0.11566861085816112
300155,安居宝,0.18980371916957872,0.2065069409401843
300370,安控科技,0.2333112374316033,0.25887214351358073
300380,安硕信息,0.1764332111015966,0.1868602596819971
300286,安科瑞,0.07165786123356316,0.08633663645350971
300009,安科生物,0.14937265531064003,0.17537288651265584
002136,安纳达,0.16834696575584734,0.22581446833989394
300067,安诺其,0.13064563849862199,0.1537534336663289
300572,安车检测,0.1607614081871573,0.18539066227464363
300144,宋城演艺,0.1456633365327958,0.2107548610365713
002624,完美世界,0.1549656495092419,0.2071859170742467
002683,宏大爆破,0.15222506283028947,0.1714676037366677
002062,宏润建设,0.08891903199646564,0.11755722723378308
002211,宏达新材,0.07336488028344121,0.08422912943602667
002144,宏达高科,0.14893225336904525,0.1760139735945497
300328,宜安科技,0.153307248728916,0.178538502558337
002627,宜昌交运,0.20205758419816777,0.24770846338039898
300310,宜通世纪,0.24220662321738656,0.2834370851354124
300135,宝利国际,0.16411352357734388,0.18415071141887984
300023,宝德股份,0.13305886266990177,0.16685001512104627
300402,宝色股份,0.11554256959287852,0.11747679190576402
002476,宝莫股份,0.07652566126558198,0.09813210239891725
300246,宝莱特,0.08917071180638497,0.12140117189498707
300031,宝通科技,0.16769751268104688,0.16933336506359026
600019,宝钢股份,0.1460167937103516,0.1730170195558067
002514,宝馨科技,0.11307201774762914,0.1212431818339896
002047,宝鹰股份,0.17946160229690544,0.17974151151309928
002552,宝鼎科技,0.213575668567251,0.21753332445899495
300612,宣亚国际,0.07614705156391562,0.12456588771610946
300576,容大感光,0.16884296465209087,0.1929575842705261
300432,富临精工,0.1595134670520745,0.17333370666978046
002357,富临运业,0.13279374015918016,0.14535330238118302
002327,富安娜,0.14209016444573483,0.16213283270512693
300299,富春股份,,
002818,富森美,0.17287468282841187,0.1882025173597308
002743,富煌钢构,0.14910452266991578,0.16693199331580397
300228,富瑞特装,0.190418963626994,0.24137282623735956
300497,富祥股份,0.13009140709042236,0.15519456821393138
300387,富邦股份,0.14360003330095708,0.17079380372100259
300267,尔康制药,0.19283707881908793,0.22489155010507408
002551,尚荣医疗,0.09435878939218548,0.11599301326733147
002427,尤夫股份,0.14163329063135782,0.16906692238212234
002490,山东墨龙,0.18822606053583013,0.1818819619835685
002193,山东如意,0.13921808530031002,0.14214281500392742
002026,山东威达,,
002526,山东矿机,0.11238179606535965,0.13843360827895432
002598,山东章鼓,0.16199284746347306,0.199431743656353
002097,山河智能,0.13935949401195533,0.16284836921965928
300452,山河药辅,0.1583525678917877,0.17653701690951318
002500,山西证券,0.1582062694163547,0.19094706716599844
300492,山鼎设计,,
002717,岭南园林,0.0769271989589075,0.09283988669268337
002253,川大智胜,0.14017101450867173,0.16037924990649483
002272,川润股份,0.16386049419879423,0.15954914486483598
300547,川环科技,0.1095885195553779,0.11757948587651433
300505,川金诺,0.16213392035389101,0.16810064663904253
002342,巨力索具,0.1382966493344334,0.15785181648201627
002444,巨星科技,,
002031,巨轮智能,0.10858444607251998,0.13819983346155176
002619,巨龙管业,0.2046255261638186,0.2164501841761056
002188,巴士在线,0.13009749341204557,0.1534459454355133
300262,巴安水务,0.11345097318944664,0.14133238091120712
002485,希努尔,0.09257598277249826,0.10251558649326091
002798,帝王洁具,,
002247,帝龙文化,0.14943240217274611,0.1857233077859232
002478,常宝股份,0.11831284169116041,0.12123980453221649
300255,常山药业,0.25736453372589363,0.2825558761454348
002160,常铝股份,0.1480764590039595,0.19182151715299517
300571,平治信息,0.21428561879609967,0.20832688844791528
300528,幸福蓝海,0.15639091739398506,0.17216538085977146
002101,广东鸿图,0.16106506108695726,0.18737746802460772
300537,广信材料,0.13032157754050747,0.15438423276725324
002103,广博股份,0.14320308430058792,0.15330828917585562
002133,广宇集团,0.1491794288617449,0.13521150524831657
002482,广田集团,0.1570380596331207,0.16145748402053117
600831,广电网络,,
002152,广电运通,0.15306296132735547,0.16849214264772594
002187,广百股份,0.17850902409254893,0.2167427651523162
002410,广联达,0.15297086621583694,0.1829123944342597
002367,康力电梯,0.19034670244589302,0.2529865885523458
002773,康弘药业,0.1655115567737012,0.17605575222821143
002119,康强电子,0.18308776914933808,0.19904650303090132
002450,康得新,0.1692587149365525,0.20496276277021455
300455,康拓红外,0.20960261963546806,0.18245667869642634
300445,康斯特,0.16796750790275805,0.1873017683403667
600076,康欣新材,0.1546906149186596,0.18316446521614438
300601,康泰生物,0.14969823828928008,0.15924501326140764
002418,康盛股份,0.13082545779383334,0.15487236949894181
300061,康耐特,0.18949200938672944,0.16167342877071492
300086,康芝药业,0.15068468176106461,0.16515584370838576
002669,康达新材,0.15993953471973799,0.17087366227471434
002178,延华智能,0.20814050236679577,0.22339650870315192
300107,建新股份,0.12370264271023719,0.13442485839777102
002398,建研集团,0.09134322957606851,0.1279588898217032
002789,建艺集团,0.11916834603633888,0.15877757937069684
300338,开元仪器,,
300234,开尔新材,0.07608338262688427,0.09832364530313542
300577,开润股份,0.19840289401057618,0.20347725640157516
300633,开立医疗,0.11679148477472935,0.13758539948780885
300272,开能环保,0.11875873784137922,0.2031394653213518
002833,弘亚数控,0.13678001639033022,0.16105245077207292
002839,张家港行,0.21310989608331535,0.1998674172404635
300429,强力新材,0.1756559602576835,0.2004995556825442
300073,当升科技,0.12734024121744295,0.15998370789103208
002561,徐家汇,0.1163842347426435,0.13134284964043572
002330,得利斯,0.1327627259845299,0.15894985995376876
002055,得润电子,0.17309766700340176,0.1655597931300512
002177,御银股份,0.12801975813400743,0.14036581863771252
002801,微光股份,,
002571,德力股份,0.05850194397112248,0.08783303576441433
002260,德奥通航,0.14325586435003448,0.17865235614519562
300325,德威新材,0.1322215320536553,0.11642560387933289
002631,德尔未来,0.08723640350924595,0.10842803886257245
300473,德尔股份,0.10426319966492016,0.13543066346814756
002054,德美化工,0.2167137868506388,0.23046562885309407
002666,德联集团,0.15322564926498108,0.19035224156318983
002005,德豪润达,0.10610137195776992,0.13304025734742306
000049,德赛电池,0.12355428345161668,0.15022693983696742
002411,必康股份,0.15994090886318535,0.1826250866087242
300413,快乐购,0.13491741517594885,0.1431292507757494
300078,思创医惠,0.20654850386964957,0.2237499385088957
300608,思特奇,0.1860435254640994,0.20409605893094895
002712,思美传媒,0.12564460003064715,0.1477354113401102
002183,怡亚通,0.10293841180995388,0.13749775806504427
300081,恒信移动,,
002492,恒基达鑫,0.11068540248517657,0.13520903383765073
002591,恒大高新,0.17600497433925816,0.18534128084281387
002104,恒宝股份,0.10732610823062849,0.12973542775690203
002219,恒康医疗,0.14946047687459088,0.18016060796313654
002132,恒星科技,0.25976350785345376,0.26451037734031374
300513,恒泰实达,0.10113592267150934,0.11051341647911646
300157,恒泰艾普,0.14441943148303657,0.16605507949531156
300374,恒通科技,0.2131407219242359,0.24179513895293864
002237,恒邦股份,0.1823396971684605,0.20012785848429834
300605,恒锋信息,0.16904616401443623,0.19732255555550318
300488,恒锋工具,0.13424335884268732,0.1484712676191928
300208,恒顺众昇,0.1318741538797708,0.171413606030283
002262,恩华药业,0.24015001623499066,0.26425567059028726
002162,悦心健康,0.12888921456032226,0.15227504901911046
300460,惠伦晶体,0.20256325581415166,0.18982319240407766
002554,惠博普,0.1495622232922582,0.1731017788672152
002343,慈文传媒,,
300307,慈星股份,0.1349867062209764,0.15502006478429112
002628,成都路桥,0.2688683971960253,0.25953713922051624
002190,成飞集成,0.18652923025595372,0.2102186018194818
300357,我武生物,0.08948639258694116,0.11051842341135228
300314,戴维医疗,,
002652,扬子新材,0.12919035108251276,0.14742917483849075
300373,扬杰科技,0.13986659068434548,0.13398082865986147
002154,报喜鸟,0.11616652026460741,0.12715454518377314
300229,拓尔思,0.12529294055370183,0.14884153384908547
300607,拓斯达,0.11696169587499394,0.14790265262911192
002218,拓日新能,0.15355224155127328,0.17973750735215202
002261,拓维信息,0.1272992350765564,0.168096529883959
002139,拓邦股份,0.1379522490241714,0.16354883099050319
001979,招商蛇口,0.13697058132772835,0.18114083061684602
300158,振东制药,0.14492470052072562,0.1670860634153546
300101,振芯科技,0.09927491816431061,0.1079166427716495
300182,捷成股份,0.10099524569673722,0.12524805130727343
002609,捷顺科技,0.1879765517318225,0.21095629287558085
300315,掌趣科技,0.1452188307862242,0.16854469955070123
300005,探路者,0.12344651002686402,0.16745427669336715
002451,摩恩电气,0.17378720060278793,0.19853323694840164
002656,摩登大道,0.18663016044316874,0.18369272867737116
300075,数字政通,0.08155164750506957,0.08377953109570804
300579,数字认证,0.23327427705181938,0.24311046830928568
300079,数码视讯,,
300089,文化长城,0.16413831805204862,0.18986650766062294
002775,文科园林,0.17254819024457316,0.20690114804757154
300382,斯莱克,0.13604961882054536,0.16146333627667622
002388,新亚制程,0.2483246032224647,0.21439761933318904
300472,新元科技,,
002147,新光圆成,,
300519,新光药业,0.1255239000715863,0.14486998196060089
002376,新北洋,0.11262570718190434,0.1281787909460688
002264,新华都,0.17843547224853384,0.17881733077925582
002001,新和成,0.12948464162635703,0.1509059615020529
300130,新国都,0.14412745360993132,0.17583254390190542
300259,新天科技,0.1139137495302813,0.14253324936937986
300013,新宁物流,0.1629069397331949,0.18315134889693824
002836,新宏泽,0.15026373317419736,0.15880396891815268
300037,新宙邦,0.14771142862664846,0.1802652607518771
002705,新宝股份,0.12010894702328909,0.1449942226465025
300248,新开普,0.11214046632310189,0.12432933134927143
300109,新开源,0.10533125152049583,0.12731038207073322
300336,新文化,0.060109457260754215,0.08568249179640924
002527,新时达,,
300502,新易盛,0.11970430835336882,0.135145226505071
300542,新晨科技,0.1092655010939393,0.15729223235639808
002328,新朋股份,0.12449992186983169,0.1365937180418476
002089,新海宜,0.09575378826813936,0.11529398373830402
002532,新界泵业,0.18006366024827725,0.20058593396538485
002700,新疆浩源,0.23607400515297766,0.23067039747997034
300159,新研股份,0.20254721690852726,0.21534446857694445
002480,新筑股份,0.17197266896456626,0.17840869781758595
002341,新纶科技,0.11758998811175222,0.15698154739045214
300509,新美星,0.1248017418927773,0.14992625135109755
300260,新莱应材,0.23692968853420635,0.22297068620711244
002087,新野纺织,0.17646030585271624,0.20538151659501372
300593,新雷能,0.1693933146575573,0.17876402105932726
002196,方正电机,0.2002448484834099,0.20151031612780515
300235,方直科技,0.15962269809232565,0.18874020515116693
002593,日上集团,0.15280900611504517,0.16749047690359078
002520,日发精机,0.14275107846050278,0.17312524379628666
603218,日月股份,0.11194639876669764,0.1431576429924535
300470,日机密封,0.20318897114842058,0.23337708400662482
002313,日海通讯,0.10383716281385655,0.1266641166539793
600017,日照港,0.1207199707971221,0.14703091689857176
300214,日科化学,0.1411951299013328,0.16092602303896233
002516,旷达科技,0.14944261086583244,0.17815193299885027
300418,昆仑万维,0.17415273914062832,0.17933703831157397
002752,昇兴股份,0.09353357453042688,0.15397858925355806
300503,昊志机电,0.18816582713331406,0.2007611218887053
300151,昌红科技,0.12127498874884456,0.16055234514777034
300242,明家联合,0.21657870990358746,0.21390100781389304
002574,明牌珠宝,0.1453174175471875,0.1707362969244148
300125,易世达,0.1706588327197863,0.1917012944620027
300376,易事特,0.16440009463064753,0.17341536278407432
300212,易华录,0.17189044043227175,0.19894891812161183
002826,易明医药,0.16303908307485027,0.1988394727670951
300096,易联众,0.15725500862027755,0.16457467242301044
300464,星徽精密,,
300256,星星科技,0.08557146202180559,0.09715158752288042
002291,星期六,0.17221963167663262,0.18979102974746162
300143,星河生物,0.09818968546616325,0.10117425644977582
300568,星源材质,0.13612320668702904,0.15706552020856845
002829,星网宇达,0.21120098637652127,0.24577895267925137
002396,星网锐捷,0.1538325900695117,0.18907909483087532
300043,星辉娱乐,0.09428056316757909,0.14562024366057633
002547,春兴精工,0.18426986665569714,0.18950598225657347
300139,晓程科技,0.15951716423897808,0.18947785147341528
300138,晨光生物,0.18009634770420765,0.20496054701729918
300610,晨化股份,0.1900327476750472,0.18898270468006517
300581,晨曦航空,,
300442,普丽盛,0.09010509954753222,0.11082221576468945
002324,普利特,0.07643343369463063,0.09758033816024335
002769,普路通,0.1677993044600171,0.19524385934178032
002663,普邦园林,0.07444923276844666,0.09265566523796732
002067,景兴纸业,0.12857079901571772,0.11496288131164292
300474,景嘉微,0.07103996921308553,0.08416724308690308
300316,晶盛机电,0.18105860742281674,0.18997051846596186
300097,智云股份,0.1472134142170667,0.15703095672761644
002169,智光电气,0.12606130178045993,0.16009458164108048
300173,智慧松德,0.15555694783111945,0.19272500047466895
300122,智飞生物,0.09030357337112814,0.11310837844333511
300431,暴风集团,0.07882424191914629,0.09544306209227499
002612,朗姿股份,0.09016673446991764,0.11323732777943515
300175,朗源股份,0.17400435736603173,0.1643450104110049
300288,朗玛信息,0.12073803785100727,0.22212177006681472
300543,朗科智能,0.142200461742054,0.2261536011819037
300042,朗科科技,0.17657825482498968,0.17169630633726915
002745,木林森,0.16761015904506033,0.19210798219867362
002581,未名医药,0.12731885564264217,0.1611795655685031
300024,机器人,0.1193270571673087,0.14949253826351616
300478,杭州高新,0.2408930065941992,0.2513050952129754
002430,杭氧股份,0.16553589071713232,0.19527786775726358
002534,杭锅股份,,
002353,杰瑞股份,0.20669937235283145,0.21958555637313576
002544,杰赛科技,0.15336435727670336,0.16057469961755788
002454,松芝股份,0.20335065162471977,0.21040927875897353
002535,林州重机,0.1264728940468255,0.12194168009704288
002776,柏堡龙,0.20707070647483686,0.22206641657158166
002346,柘中股份,0.1562341915573705,0.14962654430906613
002082,栋梁新材,0.08583250783279846,0.10472520791905514
002340,格林美,0.16936262622574774,0.22151621608307379
002820,桂发祥,0.17536673977678702,0.19528760325714328
002275,桂林三金,0.13344451837424273,0.1473352660054774
300275,梅安森,0.14269979973517183,0.15959503373664177
300038,梅泰诺,0.12793290086904185,0.14609226445948553
002397,梦洁股份,0.11872000045813391,0.13113499597750058
002123,梦网荣信,0.1212833917099624,0.16102058843953115
002634,棒杰股份,0.20237752155599523,0.21391501275042557
002431,棕榈股份,0.14333148040293903,0.16127302772966998
002358,森源电气,0.1589934884657156,0.18019963082060672
300210,森远股份,0.1322049154921782,0.17716881841656806
002563,森马服饰,0.1432890370772592,0.18463753968503582
300358,楚天科技,0.17456435907549409,0.17909761061433765
002171,楚江新材,0.13852112557219046,0.17105155653219728
002474,榕基软件,0.1550566607485107,0.1686625568536989
002056,横店东磁,0.13653467353988474,0.1572507246870099
300539,横河模具,0.09475024698412132,0.09666244308968741
300615,欣天科技,0.11864611308010167,0.14440724126639712
300207,欣旺达,0.2222169555184218,0.22085456997078226
300372,欣泰电气,0.16963252170957277,0.16673897611965247
300595,欧普康视,0.1949634342059482,0.21177133693132597
300053,欧比特,0.14026405766031685,0.1610037945479081
002711,欧浦智网,0.11813043787034415,0.14137203128107845
002456,欧菲光,0.16079530191661057,0.17459489462147115
002241,歌尔股份,0.1687139990797405,0.2199341860335285
300410,正业科技,0.14773837638294007,0.17273520370954018
300224,正海磁材,0.1311885897929594,0.1827654054595161
002157,正邦科技,0.14118764696220473,0.16816348915515072
002569,步森股份,0.12343851778987953,0.10310990205662883
002251,步步高,0.0824310723435356,0.09677099106401467
002194,武汉凡谷,0.12528920434056492,0.159362486354945
002420,毅昌股份,0.1709081368332058,0.19027879272799503
002594,比亚迪,,
002832,比音勒芬,0.15062666367477764,0.16139238801454442
002234,民和股份,0.09782326133386525,0.11636017992498388
002647,民盛金科,0.13186050812324135,0.18991268928231878
002273,水晶光电,0.1298851362261355,0.16013085768751434
002753,永东股份,0.15052280616131178,0.1853603726650683
002756,永兴特钢,0.1913800286403063,0.23997866126096906
300230,永利股份,0.1349344078313598,0.15221142912817018
002795,永和智控,0.14542371907618692,0.16918290092403304
002326,永太科技,0.11018676078682402,0.11966879258891723
002365,永安药业,0.20674708579367715,0.2603039279663733
300187,永清环保,0.11991585081359812,0.15419466132442722
300351,永贵电器,0.20160483804597207,0.22944828859627972
002641,永高股份,0.16197489071941243,0.16928707383058314
300371,汇中股份,0.12041208333960574,0.13967208580649473
300282,汇冠股份,0.10781493313396692,0.13474381992666648
300124,汇川技术,0.170375754075733,0.1838587650081681
002763,汇洁股份,0.15859856812034145,0.19583018612727143
300609,汇纳科技,0.13089520083382794,0.15992067951033231
300368,汇金股份,0.12163890775829188,0.1357657115077068
300007,汉威电子,0.0995993959762342,0.11634958256334935
300170,汉得信息,0.10255835772988542,0.11520563297651422
002412,汉森制药,0.22900378294515905,0.2402992349976271
002498,汉缆股份,0.14079302168559052,0.16491472578426544
300449,汉邦高科,,
002158,汉钟精机,0.15979444996573658,0.18366343770727594
300300,汉鼎宇佑,0.1397469498892265,0.1704677439233242
002226,江南化工,0.1290642495429133,0.16844957876684213
002601,江山化工,0.10650449199056325,0.14926387548248718
002484,江海股份,0.15219031307767994,0.18160035151959655
002600,江粉磁材,0.1925516153915966,0.2027934528246859
002091,江苏国泰,0.1290016105468026,0.14147030063521
002438,江苏神通,0.1509216372553713,0.18077162540172514
002807,江阴银行,0.16418941526922967,0.16504130758293406
300589,江龙船艇,0.16320400928393394,0.1763672009457188
002130,沃尔核材,0.1929141753750424,0.2037810595112
300483,沃施股份,0.1418905325018613,0.16087035180904632
300142,沃森生物,0.14107873162026552,0.21612020668206178
002075,沙钢股份,0.14601156274414714,0.16300361509677108
002108,沧州明珠,0.15323624988942383,0.1829406035549784
002463,沪电股份,,
002254,泰和新材,0.169967578897846,0.17716279555682884
002843,泰嘉股份,0.18695270239791317,0.21469263899519322
002347,泰尔股份,,
300347,泰格医药,0.17096248806191902,0.22030151899281342
300129,泰胜风能,0.14677289729751156,0.13902134574251684
002304,洋河股份,0.20258667654313467,0.2268293412521138
300334,津膜科技,0.08309706530112898,0.1030210054593036
002802,洪汇新材,0.10577326230149386,0.12638738690443863
002325,洪涛股份,0.2031501023192642,0.19640194243790296
300232,洲明科技,0.17352053180938543,0.20916869779604674
002557,洽洽食品,0.14456376455507777,0.17832997319993843
002098,浔兴股份,0.1426290390141057,0.16007014132792874
002266,浙富控股,0.26375819166176745,0.26904539719180204
002522,浙江众成,0.1403118382081356,0.1676497618480763
002489,浙江永强,0.16520946361079555,0.1782132307272883
002677,浙江美大,0.17410265384719084,0.21766057350211204
300448,浩云科技,0.09547605831166872,0.10569906735390482
002203,海亮股份,0.107482508585991,0.13857298140062826
300201,海伦哲,0.1853678010506538,0.18842444184818136
300329,海伦钢琴,0.20134663204068398,0.19848062201439884
300065,海兰信,0.16793685899535105,0.17082256915937954
603639,海利尔,,
002206,海利得,0.23843300209787785,0.23201690471759673
002596,海南瑞泽,0.20902949010194524,0.21997663530676081
002311,海大集团,0.12260910864613701,0.1369849990365809
002344,海宁皮城,0.18197304761934657,0.1954573311856297
002320,海峡股份,0.09017471759036051,0.10813365349003416
002184,海得控制,0.13080950156797427,0.14762753947212018
002653,海思科,,
002399,海普瑞,,
002465,海格通信,0.101841034536869,0.11443952106109742
002702,海欣食品,0.1476492849340329,0.17313934940818793
300517,海波重科,0.11191857777253493,0.13329840539657384
002724,海洋王,0.1739313519016457,0.21654139833773398
002529,海源机械,,
002023,海特高新,0.13718304767937298,0.1518336157685821
002537,海立美达,0.11170076066938976,0.14120434037109644
002099,海翔药业,0.15519024064362236,0.16310097915577126
300277,海联讯,0.10212426088904562,0.11397980190095004
600387,海越股份,0.19122132629721225,0.22661063623597896
300584,海辰药业,,
300320,海达股份,0.13300642656144096,0.14924814769604589
300501,海顺新材,0.14735089274993451,0.1594066305335623
002084,海鸥卫浴,0.13513988018444045,0.13504240153729008
300339,润和软件,0.2769910019543684,0.31043476768886213
300493,润欣科技,0.1057708732973242,0.12496817898597519
002483,润邦股份,0.11898514945139539,0.1209073896119373
002507,涪陵榨菜,0.17096440876368788,0.19894024073879193
300540,深冷股份,0.08982016912294995,0.09907559981538705
002168,深圳惠程,0.13566535170605443,0.16553363217912204
002573,清新环境,0.15064402523609202,0.17771850796766975
300283,温州宏丰,0.16548096508886237,0.16008796623029425
300498,温氏股份,0.21691017112307973,0.23809567679400165
002174,游族网络,0.10333887389386145,0.14151329965096182
002155,湖南黄金,0.1538829028191165,0.1972320820725216
002125,湘潭电化,0.11411395077268632,0.13410865846858627
300381,溢多利,0.15561141689998842,0.16486652715188133
002244,滨江集团,0.143910565830651,0.18260197094691935
002351,漫步者,0.16244377771689472,0.18700674467692233
300191,潜能恒信,,
002345,潮宏基,0.11687361003267895,0.1320053188351335
002172,澳洋科技,0.17049356813489278,0.1868479755793386
300566,激智科技,0.1787653143115727,0.19559238598009474
002225,濮耐股份,,
300481,濮阳惠成,0.191956956779286,0.2020231720288689
300360,炬华科技,0.19255631723640224,0.1970162681230442
002315,焦点科技,0.10923573348221921,0.14292597798189985
002695,煌上煌,0.14656471859152817,0.18149852529922425
300588,熙菱信息,0.11987919904005316,0.14049373358433656
002732,燕塘乳业,0.1547455029711602,0.15849345148989857
002403,爱仕达,0.16929831380691754,0.20226245963932854
300521,爱司凯,0.14489402181563152,0.1587086969990109
300015,爱尔眼科,0.16093537687690568,0.20471813356088223
002610,爱康科技,0.10993626166058514,0.13844680452349334
002416,爱施德,0.21248960469625952,0.250758980069684
002714,牧原股份,0.10651769261098858,0.12441519329220235
002728,特一药业,0.26087095915942743,0.24772079317406495
002213,特尔佳,0.1196502013758207,0.1312825135422137
300001,特锐德,0.1737437262129512,0.2056270941592044
002684,猛狮科技,,
002735,王子新材,0.11911975310428331,0.13260290875020703
002799,环球印务,0.14445477107519586,0.1727275617319462
300425,环能科技,0.22442286601257208,0.2417932791606661
300317,珈伟股份,0.15352738330468294,0.16609606445543917
002461,珠江啤酒,0.09489307635316704,0.10818796127363392
300557,理工光科,0.1594891606541988,0.1881863166316165
002322,理工环科,0.1552778046808319,0.17473854479412712
300206,理邦仪器,0.20440098988955724,0.24510530406682432
300241,瑞丰光电,0.11089984313086838,0.13458923052533414
300243,瑞丰高材,0.13233094577916316,0.13300778318975817
300154,瑞凌股份,0.10207787967339561,0.09983499938465733
002620,瑞和股份,0.18219329489931502,0.20433062348753792
002790,瑞尔特,0.16264723242475315,0.19126056223510413
002589,瑞康医药,,
300119,瑞普生物,0.18831582225663002,0.2027886391302939
002066,瑞泰科技,0.1597966789407754,0.19590111452635206
300600,瑞特股份,0.10114534594359832,0.1181183017325084
002095,生意宝,0.1157929137356199,0.13897788137711856
300461,田中精机,0.10168042851586227,0.11038495895456117
002468,申通快递,0.1513342333116736,0.1942140971672969
002730,电光科技,0.10689213525233326,0.12936407479538162
300215,电科院,0.16837275540003188,0.19168065999973444
002715,登云股份,0.19783129337550256,0.21952951711569096
002041,登海种业,0.2749713742979353,0.2533523389147291
002455,百川股份,0.19429166311647456,0.2163935981650149
002568,百润股份,0.1392163265171569,0.18517250288219056
002329,皇氏集团,0.12068705034855491,0.13866427641296328
002331,皖通科技,0.1048961302156734,0.1312973681712385
002458,益生股份,0.16397693648872697,0.1827297258923332
002566,益盛药业,0.13108588962821544,0.14539151706912776
002847,盐津铺子,0.15488985321996596,0.17863262911979327
300494,盛天网络,,
300518,盛讯达,0.16504781867515816,0.19154239417050498
002446,盛路通信,,
300090,盛运环保,0.18157734799789477,0.20199113056713344
002599,盛通股份,0.13843851780929237,0.19502352238483903
002400,省广股份,0.1618089626653705,0.21787280686342256
002771,真视通,0.2041837112034103,0.2292112748970172
002692,睿康股份,0.09992509792414289,0.10710281922438834
002153,石基信息,0.14397695012532574,0.18666715124002467
300322,硕贝德,0.12986028413123427,0.1442493803849256
300070,碧水源,,
300189,神农基因,0.16050692604323244,0.17905574011727246
002361,神剑股份,0.1578843807812784,0.16933336826492368
300563,神宇股份,0.16427297397031407,0.17350757121197244
300002,神州泰岳,0.11655639086164926,0.14299527761647737
002278,神开股份,0.15258537947248418,0.16462655517024816
300479,神思电子,0.18472552655551286,0.17824509921590637
300156,神雾环保,,
300194,福安药业,0.13041899431453519,0.1508838100463201
002679,福建金森,0.11645760808804335,0.13091735302324897
002222,福晶科技,0.14972982911024835,0.18355172491386634
300049,福瑞股份,0.2131308902172832,0.22839268967557463
300160,秀强股份,0.15587142623823563,0.19558830220464263
002422,科伦药业,0.18846922480834283,0.20716037574359206
300565,科信技术,0.11890998614912236,0.13514123899739355
002335,科华恒盛,0.1554174199301965,0.16733398695328291
002022,科华生物,0.1479298811642839,0.19671137686961723
002518,科士达,0.21212651656058693,0.25975457189924744
300520,科大国创,0.1685404366131358,0.2132443692930346
300222,科大智能,0.14811383516904314,0.15391850360822573
002230,科大讯飞,0.13775726329328214,0.17029035755854416
300340,科恒股份,0.12607218592359473,0.19611384228368942
300192,科斯伍德,0.2177435911141595,0.2362623988260105
300092,科新机电,0.17550991889544096,0.18466782393786288
002499,科林环保,0.08240719605786388,0.10776615572214351
300153,科泰电源,0.1470255435679613,0.17387290202197492
300152,科融环境,0.18769544776202501,0.21824718108275154
002770,科迪乳业,,
002121,科陆电子,0.12513707899015994,0.14830827031329125
300405,科隆精化,0.16624464135613276,0.18384642830236297
002339,积成电子,0.1853092245354438,0.20764887525125703
300590,移为通信,0.15870870403741263,0.18259423933948096
300010,立思辰,0.09507820192546455,0.13215142418880085
300603,立昂技术,0.17331532319336443,0.18981704279467118
002475,立讯精密,0.13226760928486045,0.13765612561113422
002378,章源钨业,0.12619620869858378,0.12511640967468
002797,第一创业,0.19459818748610783,0.2493842583039642
002181,粤传媒,0.12678610948166702,0.15015572598571766
002060,粤水电,0.15750370966030947,0.1746390452840025
300099,精准信息,,
002006,精功科技,0.18568398050471274,0.20246500055962924
300567,精测电子,0.15891088902597494,0.1888309549599879
002295,精艺股份,0.12161622678385099,0.14768002778238776
300258,精锻科技,0.1853214636304337,0.2063219959475373
002766,索菱股份,0.1557339363946576,0.16934313108235804
002572,索菲亚,,
002049,紫光国芯,0.15834338982187,0.1872877724910061
002118,紫鑫药业,0.19063037217037881,0.20043023541506966
002809,红墙股份,0.10698609391989138,0.13640689933849676
300345,红宇新材,0.15851628027278297,0.1798499669536312
002165,红宝丽,0.15256146310842209,0.17972241180279344
002697,红旗连锁,0.09338247496979607,0.1064485908909117
300026,红日药业,0.20465863270896748,0.21310647813889025
300427,红相电力,0.1826557412371425,0.19416631360162925
002825,纳尔股份,0.16270172150333215,0.17739750950346653
300198,纳川股份,0.14808986344793879,0.15511494091906683
300120,经纬电材,0.1737878919795095,0.20613174514716537
300508,维宏股份,0.16145596800970355,0.1833875608919955
300190,维尔利,0.15207668665321825,0.19527494648091542
300369,绿盟科技,0.16913588022158252,0.19780093837937118
300017,网宿科技,0.1396003417724485,0.18060994120515392
002114,罗平锌电,0.13726795189591287,0.16092035444168246
002333,罗普斯金,0.12830581382542044,0.1618911874998571
002293,罗莱生活,0.10946557165566034,0.12566835886744934
002690,美亚光电,0.15728121459784158,0.16663893384314035
300188,美亚柏科,0.16154262642599806,0.1819155922505435
300611,美力科技,0.18939170414892903,0.21608291580330807
300495,美尚生态,0.1580720771070951,0.18551462365631624
300495,美尚生态,0.21147809625392502,0.2280334012795241
002044,美年健康,0.09943836561131654,0.1276197966094761
300439,美康生物,0.2314181642228267,0.2382270403535632
300237,美晨科技,0.18895947141270156,0.1909764455938179
002034,美欣达,0.08564372125167743,0.09112209973292952
002303,美盈森,0.19491504036718002,0.19426666719213997
002269,美邦服饰,0.10031971604149627,0.13807635299118579
002842,翔鹭钨业,0.14991425568685993,0.16662774605079672
300199,翰宇药业,0.2339642763550933,0.2582764848650169
002508,老板电器,0.2109591940795724,0.22477260585138018
300456,耐威科技,0.1866005899017835,0.19858935480719556
300343,联创互联,0.133209754463477,0.15635557144082485
002036,联创电子,0.26894531338674543,0.36578332449054374
002250,联化科技,0.18480963706438594,0.2183892629480832
002394,联发股份,0.19804364944392178,0.21471756615971835
300269,联建光电,0.13589745886926854,0.1726622085106788
300545,联得装备,0.20954795130913012,0.24393340079733583
002280,联络互动,0.20836756015023858,0.22413973455094036
300203,聚光科技,0.17071097927372492,0.19694487664735558
300475,聚隆科技,0.10788864332249187,0.10799775738529772
300303,聚飞光电,0.16120958222462506,0.17918768443316307
300202,聚龙股份,0.15743143556729508,0.17046476795491797
002426,胜利精密,0.10817530699850696,0.12977661156220197
300476,胜宏科技,0.16092476738165498,0.18654384403479077
300392,腾信股份,0.11341226746465949,0.12550950464301228
300178,腾邦国际,0.12502039265350953,0.18506051091267295
300204,舒泰神,0.10191200560550853,0.1279083793957051
002608,舜天船舶,0.12438290948936201,0.13582310769892356
002025,航天电器,0.1373315554198788,0.1460822729289307
300424,航新科技,0.16680116265706624,0.18647032587153264
002706,良信电器,0.16394711503033024,0.16385127912393407
300389,艾比森,0.15305759580051395,0.16327561468119273
002180,艾派克,0.1619163314014465,0.18055555156365952
002170,芭田股份,0.15941972577556132,0.17241074993688812
300284,苏交科,0.11336016721202677,0.11239547383716562
300331,苏大维格,0.12229964715586773,0.15009023979791455
300507,苏奥传感,0.24470414883283834,0.24806199432185427
002024,苏宁云商,0.09958012838493596,0.15219645480992214
000718,苏宁环球,,
002808,苏州恒久,0.10751177788117965,0.12847347936825332
002032,苏泊尔,0.1525282001947822,0.16861695352692516
002334,英威腾,0.07595359966132502,0.0955527337465201
000411,英特集团,0.09252996084747467,0.12096662342326121
002837,英维克,0.1265827359012466,0.14111919333143727
002528,英飞拓,0.1871015672454934,0.18978834401082675
300582,英飞特,0.11230806749303546,0.14984843521025673
002660,茂硕电源,0.09260106429837538,0.12224408953632783
300087,荃银高科,0.10321648897155875,0.12004021435954164
002642,荣之联,0.14002322754560975,0.14888594108218503
002146,荣盛发展,0.15194798507436297,0.16514503176900375
002493,荣盛石化,0.21329740794149424,0.23004874375507525
300290,荣科科技,0.14805594240766798,0.16815807014060022
002106,莱宝高科,0.17167073413417466,0.20163719302207322
300006,莱美药业,0.181809004416031,0.184006921644478
002166,莱茵生物,0.12846877912972163,0.16531137067325785
300395,菲利华,0.15114395787483725,0.17170176718466948
002731,萃华珠宝,0.10508588945724379,0.13090163619615425
002737,葵花药业,0.06774117786468482,0.08488903319596765
002614,蒙发利,0.08251166404937964,0.10253393826572631
300355,蒙草生态,0.12867444555954857,0.17638745116451776
002513,蓝丰生化,0.14659206710414238,0.18926001920833832
002382,蓝帆医疗,0.13010325215882187,0.15098902780185644
300433,蓝思科技,,
300484,蓝海华腾,0.1066931880750639,0.13839787614312307
300297,蓝盾股份,0.10404734422966375,0.12033147791270368
300058,蓝色光标,0.1314829689337296,0.15663029697649705
300293,蓝英装备,0.15943520938239025,0.1857184886494376
002765,蓝黛传动,0.11360844673920689,0.11760341221470669
002192,融捷股份,0.17659595630647967,0.21618340225218027
002622,融钰集团,0.11697489078637016,0.12165148336748012
300305,裕兴股份,,
002831,裕同科技,0.12981184465549417,0.14774331041229483
002265,西仪股份,0.13857859969399414,0.14107674442899026
002536,西泵股份,0.16703328782102358,0.19311134893094117
002302,西部建设,0.11970876405021183,0.16472393661307502
002149,西部材料,0.1380475166972846,0.16489378830382434
300106,西部牧业,0.1011014900478952,0.1570665821370832
002584,西陇科学,0.15480944653155196,0.19750446256796308
002841,视源股份,0.1733991796450786,0.21161437724365062
002437,誉衡药业,0.1082975373529214,0.13019509758751352
002197,证通电子,0.13184983448040977,0.14466167935436067
300430,诚益通,0.17698523652310488,0.19844503533509536
300598,诚迈科技,0.27550571891766246,0.2934562166296766
002215,诺普信,0.1289688617623216,0.15553496626843263
002595,豪迈科技,,
300064,豫金刚石,0.15177407161687062,0.1825438851017216
002570,贝因美,0.22571976674545882,0.264566450939656
300580,贝斯特,0.11867120532451703,0.13421708097885823
002828,贝肯能源,0.12979120942339636,0.154854857327165
300558,贝达药业,0.11094694264939946,0.14735264088253772
002141,贤丰控股,0.14751668039586385,0.16088635314344454
002424,贵州百灵,0.12377255471621773,0.1720524022685038
300044,赛为智能,0.24644820542680682,0.23950611509009362
300485,赛升药业,0.13942021020029016,0.1761520967858748
300583,赛托生物,0.16102296150608325,0.18093359193718542
300466,赛摩电气,0.239244474799894,0.25873603416935503
002637,赞宇科技,0.15527853950335999,0.19061060014831102
300457,赢合科技,0.14885638508537552,0.1788419949980571
300377,赢时胜,0.19179723838505047,0.17672259374243057
002460,赣锋锂业,0.15867207222747895,0.19631048972908077
002356,赫美集团,0.10361446566632818,0.12289480190307671
300036,超图软件,0.15189416820859883,0.18546900207618594
002725,跃岭股份,0.11851411541517806,0.14459515283139618
002640,跨境通,0.1537222670877768,0.190154738337384
002813,路畅科技,0.19896089324643165,0.20945561371037175
300555,路通视信,0.08555097860838416,0.1044205258997762
002073,软控股份,0.1711692147065011,0.21783019570955447
002046,轴研科技,0.16501414849253715,0.2030015666792098
002496,辉丰股份,0.15609743493380637,0.16962323812998403
002296,辉煌科技,0.14482906169537707,0.15005995289557358
002556,辉隆股份,0.1632134535199224,0.15290940862900754
300523,辰安科技,0.1745757676701899,0.19560623858157505
300103,达刚路机,0.133351816344615,0.15307983299903008
002512,达华智能,0.18130301554380293,0.18449744179315078
300535,达威股份,0.15815955226738118,0.16949565359153426
002030,达安基因,0.12953559241644513,0.1437782492819311
002421,达实智能,0.17866041491519008,0.22305959563167488
300530,达志科技,0.15871602169796845,0.17275574617051795
002209,达意隆,0.11742798218080884,0.13663666820109352
300467,迅游科技,0.08324752135895136,0.1000059688892706
300463,迈克生物,0.12762386399653053,0.199674149049757
300440,运达科技,,
002406,远东传动,0.15498173810638285,0.16414025572928365
002063,远光软件,0.12239521618487631,0.1481591795757893
002689,远大智能,0.10245838023768124,0.12075381423246323
300306,远方光电,0.10693002254497574,0.15664463123278013
002161,远望谷,0.08769184568613343,0.11956066732448792
300412,迦南科技,0.16720618683858351,0.1829872212263611
300167,迪威视讯,0.1982723021310259,0.2285647744017657
300244,迪安诊断,0.15633117009185124,0.2060207202828746
300335,迪森股份,0.14219751004164805,0.16700121581358218
300396,迪瑞医疗,0.11856862868454063,0.1313934968310026
002243,通产丽星,0.11620667628544419,0.14515741918996306
300265,通光线缆,0.15047137909035366,0.1429037941741758
300491,通合科技,0.1525150181004174,0.17073213338364573
002792,通宇通讯,0.14295563881508674,0.1591639911967323
002156,通富微电,,
002150,通润装备,0.1858984279985026,0.21420168182603525
300164,通源石油,0.1499067202073838,0.1699184607670028
300185,通裕重工,0.09946195314372518,0.11675888537554653
002576,通达动力,0.17276425543822502,0.18763011936848661
002560,通达股份,0.16750187134341338,0.19702029797779674
002491,通鼎互联,0.18124981837777568,0.23219094537267582
002838,道恩股份,,
300312,邦讯技术,0.2230988215122433,0.22610379951307802
300149,量子高科,0.14278775184888615,0.1726181939723142
002721,金一文化,0.09418901938926916,0.1306596794190025
300028,金亚科技,0.06566005702381682,0.07654693068588585
300252,金信诺,0.13603112136164205,0.1474381221674309
300510,金冠电气,0.18758061085044841,0.16525423089031632
300093,金刚玻璃,0.11038237553646074,0.11235723893441978
300069,金利华电,0.18504356577282086,0.19991633965895725
002464,金利科技,0.14787240323755996,0.16590681393892015
300225,金力泰,0.1526199153782461,0.17472346861237914
300349,金卡智能,0.20681150171948123,0.2322651833484758
002762,金发拉比,0.19999076310469047,0.20390226637022693
002488,金固股份,0.08897293985355224,0.0898432714603683
000546,金圆股份,0.18132671845659645,0.21138601542654523
300233,金城医药,0.2192581976370996,0.22651678646448392
300606,金太阳,0.1500696129421338,0.17168906871523554
002515,金字火腿,0.08205533564661373,0.11668908757396775
002636,金安国纪,0.15989073931443792,0.1832097512537708
002548,金新农,0.2136307012224576,0.24351342497004108
300281,金明精机,0.11377391118945115,0.13079811670226774
002090,金智科技,0.10479063993584463,0.11497042970223727
002533,金杯电工,0.10431913616454903,0.12528801056697753
002470,金正大,0.1802451236632938,0.2024744112990967
002688,金河生物,0.10832974784686449,0.06876490154858476
002443,金洲管道,0.13296632903585406,0.14158051862591153
300434,金石东方,0.12962158289158526,0.18143929901474484
002597,金禾实业,,
300459,金科娱乐,0.12135124414052571,0.1373677512164935
002723,金莱特,0.10279351073937436,0.11567599636214417
002081,金螳螂,0.16007617078117678,0.17725127855962208
002716,金贵银业,0.10765225903156007,0.13258371004033223
002722,金轮股份,0.2623158001627647,0.28587110137798216
002626,金达威,0.1032149392531617,0.12475357853992348
300220,金运激光,0.16241473738897746,0.17100106410112742
300091,金通灵,0.14903808938716828,0.1627820343930521
300443,金雷风电,0.1662290331749546,0.19233780988161878
002202,金风科技,0.18078328246826061,0.22370694469460445
300032,金龙机电,0.18924062299421598,0.20718313628780985
300034,钢研高纳,0.113603595186032,0.12881422800009676
300197,铁汉生态,0.10554176472852246,0.14564092861907058
300085,银之杰,0.11242838052769055,0.14067089017005757
300231,银信科技,0.16092817567500678,0.17809780435560607
002786,银宝山新,,
300020,银江股份,0.13320935969520675,0.16769117228739608
002519,银河电子,0.1385256120303221,0.15852575586265338
300127,银河磁体,0.23479332669155387,0.2573641215990681
300221,银禧科技,0.13678958554290926,0.17256114362506939
002126,银轮股份,0.14768289684910682,0.1712299292319358
300337,银邦股份,0.203688996740603,0.24354342858607825
300126,锐奇股份,0.23170387252881347,0.2360278520215012
300128,锦富技术,0.11187329923687264,0.12921346969630434
002316,键桥通讯,0.16479865290348697,0.1729796750924396
300348,长亮科技,,
300088,长信科技,0.14332215550235303,0.17697397741530688
002071,长城影视,0.15230886296081855,0.166324783665515
300301,长方集团,0.11820376310332724,0.12693982408071183
002435,长江润发,0.08763611998956582,0.11020274617976616
300196,长海股份,,
002680,长生生物,0.1702989086201946,0.18271953584203782
300115,长盈精密,0.18092712296359273,0.21177535206720122
300195,长荣股份,0.15292498709040178,0.1844806759775924
002391,长青股份,0.11124955552338144,0.1405413205737244
002616,长青集团,0.07847629846502022,0.10417505307490596
002452,长高集团,0.17105755432246603,0.20920222505620206
002440,闰土股份,0.10078038440160085,0.14251811157567457
300274,阳光电源,0.10263984888472616,0.11595395372971633
300030,阳普医疗,0.10541435954089355,0.13718875818413195
300121,阳谷华泰,0.1739233341261686,0.19309031757645354
300534,陇神戎发,0.1258287315299148,0.13756593205344997
002363,隆基机械,0.11525913292531065,0.11178972528425213
601012,隆基股份,,
300599,雄塑科技,0.1158567441821551,0.13594444092514565
300546,雄帝科技,0.08537644504704911,0.10251427249714547
002733,雄韬股份,0.1800293196575595,0.19810513472764757
002497,雅化集团,0.20892082681231566,0.22236844905830003
300261,雅本化学,0.14660022589345276,0.1709537720925536
002323,雅百特,0.11251061692883112,0.16439889220046813
300553,集智股份,0.14519096119180971,0.16251113520916358
002477,雏鹰农牧,0.13505622346339027,0.14632341155130285
002639,雪人股份,0.1555496332418289,0.19446470125922244
300511,雪榕生物,0.12836399356748016,0.14411531952954726
002076,雪莱特,0.06071331067419902,0.05801926189465814
002658,雪迪龙,0.21168932925669054,0.23531247172782752
300162,雷曼股份,0.14936511595843277,0.16796517121275306
002577,雷柏科技,0.19377400912785542,0.21809535238831887
002413,雷科防务,0.21364242728069033,0.24621309196265811
002015,霞客环保,0.09501081319374421,0.10883738417602183
002128,露天煤业,0.2775852672178402,0.26257444364040183
002094,青岛金王,0.16138219826393937,0.15502638204697605
300132,青松股份,0.18410035237305838,0.1933586569569551
002646,青青稞酒,0.13929976872640557,0.1634105936813731
002457,青龙管业,0.11902931812833199,0.12632421336916266
002667,鞍重股份,0.1374066526717534,0.13699488351487094
002120,韵达股份,0.1298071481492064,0.17776483406368074
002352,顺丰控股,0.10640713656794824,0.1274834939761216
002676,顺威股份,0.1368306960996047,0.13958480340656987
002565,顺灏股份,0.1471701480261902,0.17229091457370407
002138,顺络电子,0.17349393198562496,0.18700293233107126
300113,顺网科技,0.14194298246760742,0.1480437616334058
002694,顾地科技,0.10425330200108636,0.11803585868184997
300398,飞凯材料,,
300287,飞利信,0.08398483531321582,0.10939435058387592
300240,飞力达,0.11174278176263706,0.15206570037268158
300602,飞荣达,0.0578823349948269,0.07025423418957082
002210,飞马国际,0.12121515177189512,0.13706974165400326
002665,首航节能,0.14013451614533176,0.17092443267102897
300147,香雪制药,0.09340048563808576,0.1106532199769085
002502,骅威文化,,
002348,高乐股份,0.15729894073665399,0.20264039049146676
002827,高争民爆,0.17948681145562176,0.1916849126720934
300465,高伟达,0.15230308183918995,0.178822533083845
002414,高德红外,0.129033616871664,0.15559771095541786
002848,高斯贝尔,0.1512468578538378,0.1791543616315462
300098,高新兴,0.15030428309757346,0.18505395492655158
300499,高澜股份,0.1422470458866078,0.18349417297685355
300200,高盟新材,0.23642226707152794,0.2500588864204991
002778,高科石化,0.10671765194473139,0.1351443522146627
002223,鱼跃医疗,,
300423,鲁亿通,0.11690707997452346,0.1333947692230702
002088,鲁阳节能,,
300441,鲍斯股份,0.17919783888425878,0.2056572881994345
300219,鸿利智汇,0.16468228937589371,0.14886689009178
002229,鸿博股份,0.11824659160569997,0.16527846795467305
300176,鸿特精密,0.13934151232641365,0.16332208503046325
002541,鸿路钢构,0.11544995329747158,0.11771596836913702
002002,鸿达兴业,0.156052315764661,0.18606540447023645
300375,鹏翎股份,0.1928810241795132,0.22525290492865246
300438,鹏辉能源,0.19252975351667398,0.20032883805609109
002788,鹭燕医药,,
300319,麦捷科技,0.15150703215956696,0.17527740904494102
002719,麦趣尔,0.14560988783124024,0.15493238795887565
002137,麦达数字,0.07473440390468421,0.0930098214616617
300341,麦迪电气,0.14229829134214647,0.14918291310409693
002817,黄山胶囊,0.15955022496494994,0.16771052542605486
002387,黑牛食品,0.10254003805930272,0.13264499018681233
002068,黑猫股份,0.16271431906266481,0.18120915154567688
002039,黔源电力,0.19768315767233874,0.2178801375595838
300378,鼎捷软件,0.1222442556275035,0.14813401206222618
300011,鼎汉技术,0.1913404703214909,0.19845116983494177
300054,鼎龙股份,0.12188096865942008,0.15945548091601133
002521,齐峰新材,0.16227623797105017,0.19531517447278623
002301,齐心集团,0.09417795967125377,0.09653387312651578
002408,齐翔腾达,0.14544377220920843,0.17261347008290837
002604,龙力生物,0.16101774187832213,0.1691539522577186
002726,龙大肉食,0.10316105006277687,0.1258349577327807
002442,龙星化工,,
002671,龙泉股份,0.09947729926419535,0.10737687456161846
002750,龙津药业,0.1881245800886159,0.18989420431930246
002682,龙洲股份,0.17438222173989645,0.21052183864040197
300105,龙源技术,0.09077217679714258,0.1065687279572951
002601,龙蟒佰利,0.1639815511969998,0.2122864297787162
