code,short,posQ,negQ
002069,ST獐岛,0.7804878048780488,0.21951219512195122
002029,七匹狼,0.7831526271893244,0.21684737281067556
002085,万丰奥威,0.7638376383763837,0.23616236162361623
002543,万和电气,0.7962962962962963,0.2037037037037037
300482,万孚生物,0.7507246376811594,0.2492753623188406
002590,万安科技,0.7083333333333334,0.2916666666666667
002654,万润科技,0.819672131147541,0.18032786885245902
002643,万润股份,0.7125,0.2875
300268,万福生科,0.7910447761194029,0.208955223880597
000002,万科A,0.6597222222222222,0.3402777777777778
300168,万达信息,0.7084863715445583,0.29151362845544176
002739,万达院线,0.6601914414414415,0.3398085585585586
300055,万邦达,0.8489208633093526,0.1510791366906475
002434,万里扬,0.796221322537112,0.20377867746288797
002785,万里石,0.8870967741935484,0.11290322580645161
300591,万里马,0.7975460122699386,0.20245398773006135
300552,万集科技,0.7704545454545455,0.22954545454545455
300057,万顺股份,0.844311377245509,0.15568862275449102
002276,万马股份,0.6384839650145773,0.36151603498542273
002555,三七互娱,0.7972309066547566,0.2027690933452434
300276,三丰智能,0.8549618320610687,0.1450381679389313
300051,三五互联,0.8211920529801324,0.17880794701986755
002417,三元达,0.8289473684210527,0.17105263157894737
002216,三全食品,0.770637408568443,0.22936259143155693
300295,三六五网,0.7146814404432132,0.2853185595567867
002224,三力士,0.7714285714285715,0.22857142857142856
002112,三变科技,0.8598130841121495,0.14018691588785046
002621,三垒股份,0.768779968034097,0.23122003196590302
002780,三夫户外,0.8333333333333334,0.16666666666666666
300066,三川智慧,0.8218623481781376,0.17813765182186234
300515,三德科技,0.8433734939759037,0.1566265060240964
002857,三晖电气,0.7674943566591422,0.2325056433408578
002312,三泰控股,0.8666666666666667,0.13333333333333333
002159,三特索道,0.8637469586374696,0.1362530413625304
300408,三环集团,0.8383838383838383,0.16161616161616163
300056,三维丝,0.6331804918716132,0.3668195081283868
002469,三维工程,0.6868686868686869,0.31313131313131315
002115,三维通信,0.8260869565217391,0.17391304347826086
300384,三联虹普,0.8769230769230769,0.12307692307692308
300072,三聚环保,0.8321220930232558,0.1678779069767442
002050,三花智控,0.9534883720930233,0.046511627906976744
300298,三诺生物,0.757396449704142,0.24260355029585798
002110,三钢闽光,0.8333333333333334,0.16666666666666666
300236,上海新阳,0.7862903225806451,0.21370967741935484
002252,上海莱士,0.8980509745127436,0.10194902548725637
300226,上海钢联,0.826271186440678,0.17372881355932204
300522,世名科技,0.7649667405764966,0.2350332594235033
002796,世嘉科技,0.9550561797752809,0.0449438202247191
002558,世纪游轮,0.7480314960629921,0.25196850393700787
300150,世纪瑞尔,0.6196473551637279,0.380352644836272
300050,世纪鼎利,0.9361702127659575,0.06382978723404255
002285,世联行,0.8138238573021181,0.18617614269788182
002016,世荣兆业,0.8102766798418972,0.18972332015810275
002748,世龙实业,0.8148148148148148,0.18518518518518517
002017,东信和平,0.8217054263565892,0.17829457364341086
300354,东华测试,0.8521939953810623,0.14780600461893764
002140,东华科技,0.7438423645320197,0.2561576354679803
002221,东华能源,0.7193151212004617,0.2806848787995383
002065,东华软件,0.7735849056603774,0.22641509433962265
300353,东土科技,0.8416945373467112,0.15830546265328874
300239,东宝生物,0.749656121045392,0.25034387895460797
300171,东富龙,0.8372248165443629,0.16277518345563707
002384,东山精密,0.7565337001375515,0.2434662998624484
002819,东方中科,0.7833333333333333,0.21666666666666667
002310,东方园林,0.7891137076090055,0.2108862923909946
300166,东方国信,0.7703967900133749,0.22960320998662503
002755,东方新星,0.8,0.2
300118,东方日升,0.7400468384074942,0.25995316159250587
002086,东方海洋,0.8558758314855875,0.1441241685144124
300217,东方电热,0.7556270096463023,0.24437299035369772
002611,东方精工,0.8333333333333333,0.16666666666666666
300367,东方网力,0.918552036199095,0.08144796380090498
002175,东方网络,0.8584070796460177,0.1415929203539823
300059,东方财富,0.8464912280701754,0.15350877192982457
300379,东方通,0.8603491271820449,0.1396508728179551
002545,东方铁塔,0.8357771260997068,0.16422287390029325
002167,东方锆业,0.7240592930444698,0.2759407069555302
002271,东方雨虹,0.7626582278481012,0.23734177215189872
002713,东易日盛,0.8222222222222222,0.17777777777777778
002199,东晶电子,0.7048092868988391,0.29519071310116085
300486,东杰智能,0.6979806848112379,0.30201931518876207
002672,东江环保,0.8230088495575221,0.17699115044247787
002117,东港股份,0.7448275862068966,0.25517241379310346
002675,东诚药业,0.6963350785340314,0.3036649214659686
300183,东软载波,0.74609375,0.25390625
002793,东音股份,0.729064039408867,0.270935960591133
002793,东音股份,0.8359375,0.1640625
300512,中亚股份,0.8765432098765432,0.12345679012345678
002579,中京电子,0.7083333333333334,0.2916666666666667
300018,中元股份,0.7952755905511811,0.2047244094488189
300414,中光防雷,0.7692307692307693,0.23076923076923078
002309,中利集团,0.8271604938271605,0.1728395061728395
002542,中化岩土,0.7765830346475507,0.2234169653524492
002445,中南文化,0.6330275229357798,0.3669724770642202
601985,中国核电,0.8987341772151899,0.10126582278481013
002116,中国海诚,0.743052758759565,0.25694724124043494
002779,中坚科技,0.8202247191011236,0.1797752808988764
300270,中威电子,0.8104265402843602,0.1895734597156398
300560,中富通,0.8202898550724638,0.17971014492753623
002051,中工国际,0.7804258644266459,0.2195741355733542
002364,中恒电气,0.743801652892562,0.256198347107438
002021,中捷资源,0.8446601941747572,0.1553398058252427
300364,中文在线,0.7407407407407407,0.25925925925925924
300575,中旗股份,0.841505695889054,0.158494304110946
002080,中材科技,0.7429519071310117,0.2570480928689884
300393,中来股份,0.8068535825545171,0.19314641744548286
002145,中核钛白,0.7575757575757576,0.24242424242424243
002092,中泰化学,0.8268876611418048,0.1731123388581952
002659,中泰桥梁,0.8483412322274881,0.15165876777251186
300435,中泰股份,0.8380281690140845,0.1619718309859155
002401,中海科技,0.8688524590163934,0.13114754098360656
300177,中海达,0.7840531561461794,0.2159468438538206
300526,中潜股份,0.7887143315165117,0.21128566848348834
002129,中环股份,0.5880974695407685,0.41190253045923153
300140,中环装备,0.8129973474801061,0.1870026525198939
002298,中电鑫龙,0.6807817589576547,0.31921824104234525
002738,中矿资源,0.75,0.25
002306,中科云网,0.6502498215560314,0.3497501784439686
002290,中科新材,0.8395061728395061,0.16049382716049382
300035,中科电气,0.8064516129032258,0.1935483870967742
002657,中科金财,0.6989853438556933,0.3010146561443066
300062,中能电气,0.8198198198198198,0.18018018018018017
002163,中航三鑫,0.8373983739837398,0.16260162601626016
002179,中航光电,0.8301158301158301,0.16988416988416988
300114,中航电测,0.8069883527454242,0.1930116472545757
002822,中装建设,0.890625,0.109375
002471,中超控股,0.6815703380588877,0.31842966194111233
300145,中金环境,0.7053364269141531,0.29466357308584684
002057,中钢天源,0.8166666666666667,0.18333333333333332
300308,中际装备,0.7232142857142857,0.2767857142857143
002511,中顺洁柔,0.8292682926829268,0.17073170731707318
300327,中颖电子,0.7233009708737864,0.2766990291262136
300489,中飞股份,0.8411214953271028,0.1588785046728972
002530,丰东股份,0.7951002227171492,0.20489977728285078
002805,丰元股份,0.8526315789473684,0.14736842105263157
002618,丹邦科技,0.6527777777777778,0.3472222222222222
002374,丽鹏股份,0.7876230661040788,0.21237693389592124
300516,久之洋,0.8177083333333334,0.18229166666666666
002279,久其软件,0.7917261055634808,0.20827389443651928
300631,久吾高科,0.783989834815756,0.21601016518424396
002037,久联发展,0.8064516129032258,0.1935483870967742
002777,久远银海,0.6699507389162561,0.33004926108374383
300446,乐凯新材,0.7845117845117845,0.21548821548821548
300562,乐心医疗,0.7938718662952646,0.20612813370473537
300003,乐普医疗,0.765625,0.234375
300104,乐视网,0.5928260543298814,0.4071739456701186
002319,乐通股份,0.9210526315789473,0.07894736842105263
300247,乐金健康,0.8681318681318682,0.13186813186813187
002687,乔治白,0.7481884057971014,0.25181159420289856
300040,九洲电气,0.8080313418217434,0.19196865817825662
002242,九阳股份,0.8735461519425884,0.12645384805741153
002201,九鼎新材,0.8769230769230769,0.12307692307692308
002195,二三四五,0.75,0.25
002467,二六三,0.744,0.256
002059,云南旅游,0.8333333333333334,0.16666666666666666
002053,云南能投,0.7950738916256158,0.20492610837438424
002428,云南锗业,0.664920094314907,0.335079905685093
002539,云图控股,0.5829268292682926,0.4170731707317073
002200,云投生态,0.8372093023255814,0.16279069767441862
002182,云海金属,0.8773333333333333,0.12266666666666666
300420,五洋科技,0.8561151079136691,0.14388489208633093
002375,亚厦股份,0.6792452830188679,0.32075471698113206
002607,亚夏汽车,0.8723404255319149,0.1276595744680851
002540,亚太科技,0.7328767123287672,0.2671232876712329
002284,亚太股份,0.782608695652174,0.21739130434782608
002370,亚太药业,0.8368794326241135,0.16312056737588654
002559,亚威股份,0.806282722513089,0.193717277486911
002811,亚泰国际,0.7619047619047619,0.23809523809523808
002623,亚玛顿,0.8561151079136691,0.14388489208633093
300399,京天利,0.8811881188118812,0.1188118811881188
002662,京威股份,0.8683127572016461,0.13168724279835392
002020,京新药业,0.7800586510263929,0.21994134897360704
002686,亿利达,0.7619047619047619,0.23809523809523808
002019,亿帆医药,0.8064516129032258,0.1935483870967742
300014,亿纬锂能,0.9,0.1
300211,亿通科技,0.7452409882543539,0.254759011745646
002629,仁智股份,0.8518518518518519,0.14814814814814814
300532,今天国际,0.7942238267148014,0.20577617328519857
002746,仙坛股份,0.8734177215189873,0.12658227848101267
002332,仙琚制药,0.8160919540229885,0.1839080459770115
300254,仟源医药,0.8953488372093024,0.10465116279069768
002603,以岭药业,0.7912178956089478,0.2087821043910522
300311,任子行,0.8338278931750742,0.1661721068249258
300415,伊之密,0.8018018018018018,0.1981981981981982
002441,众业达,0.6283303730017762,0.3716696269982238
002707,众信旅游,0.848,0.152
,众和股份,0.5635910224438903,0.43640897755610975
002317,众生药业,0.8954248366013072,0.10457516339869281
300531,优博讯,0.7837837837837838,0.21621621621621623
300549,优德精密,0.8,0.2
300578,会畅通讯,0.8111888111888111,0.1888111888111888
002372,伟星新材,0.720616570327553,0.279383429672447
002003,伟星股份,0.8307952622673435,0.1692047377326565
002010,传化智联,0.732738374823861,0.267261625176139
300181,佐力药业,0.8700092850510678,0.12999071494893222
002644,佛慈制药,0.8260869565217391,0.17391304347826086
300264,佳创视讯,0.8095238095238095,0.19047619047619047
300559,佳发安泰,0.896551724137931,0.10344827586206896
300193,佳士科技,0.7187147688838782,0.28128523111612175
300213,佳讯飞鸿,0.8526315789473684,0.14736842105263157
002495,佳隆股份,0.8061674008810573,0.19383259911894274
300249,依米康,0.8672566371681416,0.13274336283185842
002286,保龄宝,0.7602956705385427,0.23970432946145723
300469,信息发展,0.8915094339622641,0.10849056603773585
002294,信立泰,0.8095238095238095,0.19047619047619047
300136,信维通信,0.8769230769230769,0.12307692307692308
002664,信质电机,0.8294573643410853,0.17054263565891473
002390,信邦制药,0.8771929824561403,0.12280701754385964
002105,信隆健康,0.9139784946236559,0.08602150537634409
300529,健帆生物,0.8137254901960784,0.18627450980392157
300174,元力股份,0.8264150943396227,0.17358490566037735
002562,兄弟科技,0.8429752066115702,0.15702479338842976
002256,兆新股份,0.8807339449541285,0.11926605504587157
300333,兆日科技,0.7808219178082192,0.2191780821917808
002429,兆驰股份,0.8777292576419214,0.1222707423580786
300450,先导智能,0.8078725398313027,0.19212746016869728
300137,先河环保,0.7457627118644068,0.2542372881355932
300541,先进数通,0.824390243902439,0.17560975609756097
300163,先锋新材,0.6845513413506013,0.31544865864939875
002767,先锋电子,0.8237885462555066,0.1762114537444934
300356,光一科技,0.7915273132664437,0.2084726867335563
002741,光华科技,0.8275862068965517,0.1724137931034483
002524,光正集团,0.8761904761904762,0.12380952380952381
002708,光洋股份,0.7291666666666666,0.2708333333333333
300383,光环新网,0.8297872340425532,0.1702127659574468
300251,光线传媒,0.7079521782447242,0.2920478217552758
002281,光迅科技,0.7804878048780488,0.21951219512195122
300227,光韵达,0.799554565701559,0.20044543429844097
002661,克明面业,0.7943262411347518,0.20567375886524822
002043,兔宝宝,0.7695167286245354,0.23048327137546468
300458,全志科技,0.6666666666666666,0.3333333333333333
002186,全聚德,0.7259380097879282,0.27406199021207184
300359,全通教育,0.7821229050279329,0.21787709497206703
002592,八菱科技,0.6607142857142857,0.3392857142857143
002655,共达电声,0.78125,0.21875
002436,兴森科技,0.7333333333333333,0.26666666666666666
002355,兴民智通,0.8157894736842105,0.18421052631578946
300266,兴源环境,0.7774030354131535,0.22259696458684655
300573,兴齐眼药,0.7517482517482517,0.24825174825174823
002691,冀凯股份,0.7682119205298014,0.23178807947019867
300536,农尚环境,0.9227053140096618,0.07729468599033816
300238,冠昊生物,0.7117743254292723,0.28822567457072773
002102,冠福股份,0.771255060728745,0.22874493927125505
300533,冰川网络,0.8259860788863109,0.1740139211136891
002207,准油股份,0.6360153256704981,0.36398467432950193
002760,凤形股份,0.8177496038034865,0.18225039619651348
002823,凯中精密,0.8061674008810573,0.19383259911894274
300326,凯利泰,0.5777777777777777,0.4222222222222222
300407,凯发电气,0.8151326053042123,0.18486739469578783
002012,凯恩股份,0.8904109589041096,0.1095890410958904
002425,凯撒文化,0.883495145631068,0.11650485436893204
002072,凯瑞德,0.9002849002849003,0.09971509971509972
002549,凯美特气,0.8397790055248618,0.16022099447513813
002821,凯莱英,0.7665585919407133,0.2334414080592867
002783,凯龙股份,0.7518463810930576,0.2481536189069424
002027,分众传媒,0.8196129878648738,0.18038701213512628
300451,创业软件,0.7872340425531915,0.2127659574468085
300366,创意信息,0.7633386159535129,0.23666138404648704
002173,创新医疗,0.8757396449704142,0.1242603550295858
300250,初灵信息,0.7224544241885282,0.27754557581147177
300296,利亚德,0.7956989247311828,0.20430107526881722
002651,利君股份,0.8672566371681416,0.13274336283185842
300596,利安隆,0.8571428571428571,0.14285714285714285
002258,利尔化学,0.8263888888888888,0.1736111111111111
300289,利德曼,0.7801248199711953,0.21987518002880457
002131,利欧股份,0.6861167002012073,0.31388329979879276
002734,利民股份,0.7647409172126266,0.23525908278737342
002501,利源精制,0.7567316620241411,0.24326833797585887
601366,利群股份,0.7938718662952646,0.20612813370473537
002189,利达光电,0.9117647058823529,0.08823529411764706
300421,力星股份,0.8691588785046729,0.1308411214953271
300184,力源信息,0.8052691867124858,0.19473081328751435
002393,力生制药,0.6073717948717949,0.3926282051282052
002650,加加食品,0.7244995233555767,0.27550047664442323
002191,劲嘉股份,0.7726190476190476,0.2273809523809524
300400,劲拓股份,0.7692307692307693,0.23076923076923078
002638,勤上股份,0.6421568627450981,0.35784313725490197
002392,北京利尔,0.7125890736342042,0.2874109263657957
300223,北京君正,0.6826923076923077,0.3173076923076923
002350,北京科锐,0.7886540600667409,0.21134593993325917
300352,北信源,0.717948717948718,0.28205128205128205
002246,北化股份,0.8249158249158249,0.1750841750841751
002151,北斗星通,0.8673469387755102,0.1326530612244898
002307,北新路桥,0.8181818181818182,0.18181818181818182
002371,北方华创,0.905982905982906,0.09401709401709402
002613,北玻股份,0.874251497005988,0.12574850299401197
002148,北纬通信,0.7835272504592774,0.2164727495407226
300216,千山药机,0.8370927318295739,0.16290726817042606
002373,千方科技,0.7361111111111112,0.2638888888888889
002550,千红制药,0.7708333333333334,0.22916666666666666
002259,升达林业,0.7794759825327511,0.2205240174672489
002248,华东数控,0.7808398950131233,0.21916010498687663
002685,华东重机,0.6741573033707865,0.32584269662921345
300161,华中数控,0.7710563052582596,0.22894369474174034
300110,华仁药业,0.8226600985221675,0.17733990147783252
002018,华信国际,0.6886341929321872,0.31136580706781286
002007,华兰生物,0.8078851412944393,0.1921148587055606
300592,华凯创意,0.7918552036199095,0.20814479638009048
300045,华力创通,0.7555266579973993,0.2444733420026008
600325,华发股份,0.6906906906906907,0.30930930930930933
002185,华天科技,0.7743362831858407,0.2256637168141593
000607,华媒控股,0.7451471509079525,0.25485284909204764
002042,华孚色纺,0.8495821727019499,0.15041782729805014
300271,华宇软件,0.7429906542056075,0.2570093457943925
002645,华宏科技,0.8428571428571429,0.15714285714285714
002064,华峰氨纶,0.6858407079646017,0.3141592920353982
300180,华峰超纤,0.8833333333333333,0.11666666666666667
002035,华帝股份,0.8530066815144766,0.14699331848552338
300291,华录百纳,0.7507987220447284,0.24920127795527156
002494,华斯股份,0.7917981072555205,0.2082018927444795
002274,华昌化工,0.8547008547008547,0.1452991452991453
300278,华昌达,0.8168498168498168,0.18315018315018314
002270,华明装备,0.8947368421052632,0.10526315789473684
300025,华星创业,0.7435254803675856,0.25647451963241436
300012,华测检测,0.7971014492753623,0.2028985507246377
002787,华源控股,0.9230769230769231,0.07692307692307693
300323,华灿光电,0.7325581395348837,0.26744186046511625
300133,华策影视,0.5768321513002365,0.4231678486997636
002840,华统股份,0.8813559322033898,0.11864406779661017
300490,华自科技,0.8176943699731903,0.18230563002680966
300527,华舟应急,0.8318181818181818,0.16818181818181818
002321,华英农业,0.8141592920353983,0.18584070796460178
300330,华虹计通,0.656934306569343,0.34306569343065696
002630,华西能源,1.0,0.0
300027,华谊兄弟,0.7622222222222222,0.23777777777777778
300071,华谊嘉信,0.7472527472527473,0.25274725274725274
002758,华通医药,0.8128654970760234,0.1871345029239766
002004,华邦健康,0.7360774818401937,0.2639225181598063
300462,华铭智能,0.8426966292134831,0.15730337078651685
002806,华锋股份,0.96,0.04
300350,华鹏飞,0.8159509202453988,0.18404907975460122
002506,协鑫集成,0.7470588235294118,0.2529411764705882
002369,卓翼科技,0.8776978417266187,0.1223021582733813
002040,南京港,0.8901960784313725,0.10980392156862745
002757,南兴装备,0.8303571428571429,0.16964285714285715
300417,南华仪器,0.8264462809917356,0.17355371900826447
002305,南国置业,0.8131634819532909,0.18683651804670912
300346,南大光电,0.6158661042318683,0.3841338957681317
002314,南山控股,0.7788461538461539,0.22115384615384615
002096,南岭民爆,0.8130841121495327,0.18691588785046728
002127,南极电商,0.7937088514996343,0.20629114850036578
002389,南洋科技,0.8327868852459016,0.16721311475409836
002212,南洋股份,0.8543689320388349,0.14563106796116504
300280,南通锻压,0.7891373801916933,0.2108626198083067
300068,南都电源,0.832258064516129,0.16774193548387098
300422,博世科,0.898989898989899,0.10101010101010101
002297,博云新材,0.8007246376811594,0.19927536231884058
300548,博创科技,0.8080808080808081,0.1919191919191919
002698,博实股份,0.8059701492537313,0.19402985074626866
002649,博彦科技,0.865546218487395,0.13445378151260504
300525,博思软件,0.8229508196721311,0.17704918032786884
300318,博晖创新,0.827027027027027,0.17297297297297298
300404,博济医药,0.75,0.25
002282,博深工具,0.8939393939393939,0.10606060606060606
300363,博腾股份,0.7366482504604052,0.26335174953959484
002268,卫士通,0.7209897610921502,0.2790102389078499
300253,卫宁健康,0.7533333333333333,0.24666666666666667
002648,卫星石化,0.8372093023255814,0.16279069767441862
002143,印纪传媒,0.7777777777777778,0.2222222222222222
300471,厚普股份,0.8484107579462102,0.15158924205378974
002718,友邦吊顶,0.7788461538461539,0.22115384615384615
002277,友阿股份,0.8461538461538461,0.15384615384615385
002481,双塔食品,0.8411552346570397,0.1588447653429603
002693,双成药业,0.7766439909297052,0.22335600907029476
002585,双星新材,0.8923076923076924,0.1076923076923077
300444,双杰电气,0.9206349206349206,0.07936507936507936
300100,双林股份,0.9061277705345502,0.0938722294654498
002381,双箭股份,0.7583170254403131,0.24168297455968688
002395,双象股份,0.7373556352050975,0.26264436479490244
002038,双鹭药业,0.7093719386089039,0.2906280613910961
300108,双龙股份,0.8005390835579514,0.19946091644204852
300551,古鳌科技,0.8193217440866344,0.18067825591336564
002782,可立克,0.8218623481781376,0.17813765182186234
300046,台基股份,0.7849364791288566,0.21506352087114336
002366,台海核电,0.6688741721854304,0.33112582781456956
002588,史丹利,0.765253360910031,0.23474663908996896
002538,司尔特,0.6407904022582922,0.35920959774170785
002383,合众思壮,0.8358662613981763,0.1641337386018237
002228,合兴包装,0.7742537313432836,0.2257462686567164
002217,合力泰,0.8461538461538461,0.15384615384615385
300048,合康新能,0.6084142394822006,0.39158576051779936
300477,合纵科技,0.736392742796158,0.26360725720384204
002208,合肥城建,0.797752808988764,0.20224719101123595
300597,吉大通信,0.7636363636363637,0.23636363636363636
002803,吉宏股份,0.9058823529411765,0.09411764705882353
300022,吉峰农机,0.7209302325581395,0.27906976744186046
000623,吉林敖东,0.7920489296636085,0.20795107033639143
300309,吉艾科技,0.7976878612716763,0.20231213872832368
002835,同为股份,0.8216989066442388,0.17830109335576114
002845,同兴达,0.7311475409836066,0.26885245901639343
300321,同大股份,0.7744807121661721,0.22551928783382788
002360,同德化工,0.778393351800554,0.22160664819944598
300302,同有科技,0.8828828828828829,0.11711711711711711
002052,同洲电子,0.6835443037974683,0.31645569620253167
300538,同益股份,0.8383727322704783,0.1616272677295217
300506,名家汇,0.8345498783454988,0.1654501216545012
002830,名雕股份,0.7107438016528925,0.2892561983471074
300111,向日葵,0.8065173116089613,0.1934826883910387
002232,启明信息,0.749665327978581,0.250334672021419
002439,启明星辰,0.6247868106878909,0.3752131893121091
300500,启迪设计,0.7408906882591093,0.2591093117408907
300292,吴通控股,0.8598130841121495,0.14018691588785046
300550,和仁科技,0.84,0.16
300273,和佳股份,0.7087378640776699,0.2912621359223301
300279,和晶科技,0.8985507246376812,0.10144927536231885
002816,和科达,0.855072463768116,0.14492753623188406
002824,和胜股份,0.7204301075268817,0.27956989247311825
300141,和顺电气,0.8202614379084967,0.17973856209150327
002615,哈尔斯,0.784,0.216
002567,唐人神,0.8612244897959184,0.13877551020408163
300426,唐德影视,0.7915567282321899,0.20844327176781002
002462,嘉事堂,0.6862745098039216,0.3137254901960784
300117,嘉寓股份,0.717948717948718,0.28205128205128205
002198,嘉应制药,0.7919400187441424,0.20805998125585753
002404,嘉欣丝绸,0.8333333333333334,0.16666666666666666
002486,嘉麟杰,0.8561643835616438,0.14383561643835616
300468,四方精创,0.7843137254901961,0.2156862745098039
300179,四方达,0.7115384615384616,0.28846153846153844
002405,四维图新,0.8166939443535188,0.18330605564648117
300428,四通新材,0.7846153846153846,0.2153846153846154
300041,回天新材,0.770561321281107,0.22943867871889298
002586,围海股份,0.8315018315018315,0.1684981684981685
002736,国信证券,0.7109682029296178,0.28903179707038235
002045,国光电器,0.8205307262569833,0.17946927374301677
002749,国光股份,0.7339197361187465,0.26608026388125344
002377,国创高新,0.8504672897196262,0.14953271028037382
002449,国星光电,0.7724358974358975,0.22756410256410256
300077,国民技术,0.7416267942583732,0.2583732057416268
300285,国瓷材料,0.7956204379562044,0.20437956204379562
300388,国祯环保,0.7358834244080146,0.2641165755919854
002205,国统股份,0.8375,0.1625
300094,国联水产,0.8362282878411911,0.16377171215880892
002093,国脉科技,0.8543689320388349,0.14563106796116504
002074,国轩高科,0.8205285802089737,0.17947141979102643
002299,圣农发展,0.7782026768642447,0.22179732313575526
002473,圣莱达,0.9139784946236559,0.08602150537634409
002580,圣阳股份,0.8003048780487806,0.19969512195121952
300403,地尔汉宇,0.7695282289249806,0.23047177107501934
002791,坚朗五金,0.7622950819672131,0.23770491803278687
300116,坚瑞沃能,0.7849779086892489,0.21502209131075112
002747,埃斯顿,0.732484076433121,0.267515923566879
002447,壹桥股份,0.7993920972644377,0.2006079027355623
002761,多喜爱,0.875,0.125
002407,多氟多,0.7454545454545455,0.2545454545454545
002263,大东南,0.9139784946236559,0.08602150537634409
002385,大北农,0.8688524590163934,0.13114754098360656
002236,大华股份,0.7777777777777778,0.2222222222222222
300134,大富科技,0.7602339181286549,0.23976608187134502
002505,大康农业,0.8333333333333334,0.16666666666666666
002008,大族激光,0.7866666666666666,0.21333333333333335
002249,大洋电机,0.8754098360655738,0.12459016393442623
002077,大港股份,0.72,0.28
300021,大禹节水,0.8633540372670807,0.13664596273291926
002606,大连电瓷,0.8407643312101911,0.1592356687898089
002204,大连重工,0.7150684931506849,0.28493150684931506
002487,大金重工,0.6764705882352942,0.3235294117647059
002459,天业通联,0.7088830255057168,0.2911169744942832
300390,天华超净,0.7369758576874206,0.2630241423125794
002386,天原集团,0.7120980091883614,0.2879019908116386
300397,天和防务,0.8217054263565892,0.17829457364341086
300205,天喻信息,0.8394268774703557,0.16057312252964426
300332,天壕环境,0.734375,0.265625
002009,天奇股份,0.6317576390702534,0.3682423609297467
002238,天威视讯,0.9058823529411765,0.09411764705882353
300394,天孚通信,0.7430340557275542,0.25696594427244585
002220,天宝股份,0.7241379310344828,0.27586206896551724
300313,天山生物,0.7938718662952646,0.20612813370473537
002509,天广中茂,0.7699619771863118,0.2300380228136882
002100,天康生物,0.7391763463569165,0.2608236536430834
300169,天晟新材,0.8333333333333334,0.16666666666666666
002510,天汽模,0.8775510204081632,0.12244897959183673
002564,天沃科技,0.8057553956834532,0.19424460431654678
300209,天泽信息,0.8771929824561403,0.12280701754385964
002134,天津普林,0.8383838383838383,0.16161616161616163
300008,天海防务,0.88,0.12
002113,天润数娱,0.7551020408163265,0.24489795918367346
002283,天润曲轴,0.837037037037037,0.16296296296296298
300047,天源迪科,0.813228238519534,0.18677176148046606
300245,天玑科技,0.7911227154046997,0.20887728459530025
300165,天瑞仪器,0.8068535825545171,0.19314641744548286
002354,天神娱乐,0.7839974699557243,0.21600253004427578
300362,天翔环境,0.8811881188118812,0.1188118811881188
300569,天能重工,0.8577291381668947,0.14227086183310533
300148,天舟文化,0.7427785419532325,0.2572214580467675
002419,天虹商场,0.7977862920391656,0.2022137079608344
002709,天赐材料,0.7128205128205128,0.28717948717948716
002124,天邦股份,0.762906309751434,0.23709369024856597
300587,天铁股份,0.7718832891246684,0.22811671087533153
300342,天银机电,0.8377581120943953,0.16224188790560473
002759,天际股份,0.8904109589041096,0.1095890410958904
002800,天顺股份,0.8296296296296296,0.17037037037037037
002531,天顺风能,0.7225288509784245,0.2774711490215755
002453,天马精化,0.761171032357473,0.23882896764252695
002122,天马股份,0.8787878787878788,0.12121212121212122
002466,天齐锂业,0.8740157480314961,0.12598425196850394
300029,天龙光电,0.8909090909090909,0.10909090909090909
002433,太安堂,0.7905282331511839,0.20947176684881602
002368,太极股份,0.723404255319149,0.2765957446808511
300344,太空板业,0.8769230769230769,0.12307692307692308
300570,太辰光,0.7906458797327395,0.20935412026726058
002300,太阳电缆,0.820627802690583,0.17937219730941703
300123,太阳鸟,0.7301587301587301,0.2698412698412698
002781,奇信股份,0.8571428571428571,0.14285714285714285
002287,奇正藏药,0.900990099009901,0.09900990099009901
300082,奥克股份,0.7684653654802909,0.23153463451970913
002587,奥拓电子,0.7961165048543689,0.20388349514563106
002338,奥普光电,0.8593350383631714,0.14066496163682865
002239,奥特佳,0.8998211091234347,0.1001788908765653
002227,奥特迅,0.7232142857142857,0.2767857142857143
002701,奥瑞金,0.6603191329218726,0.3396808670781274
002231,奥维通信,0.7820927723840345,0.21790722761596545
300585,奥联电子,0.7738814993954051,0.2261185006045949
002292,奥飞娱乐,0.7675438596491229,0.2324561403508772
002668,奥马电器,0.75,0.25
002729,好利来,0.723404255319149,0.2765957446808511
002582,好想你,0.8064516129032258,0.1935483870967742
002605,姚记扑克,0.819047619047619,0.18095238095238095
002308,威创股份,0.8358377160030053,0.16416228399699476
002058,威尔泰,0.8127208480565371,0.1872791519434629
002111,威海广泰,0.7297524129248846,0.2702475870751154
002083,孚日股份,0.8,0.2
002164,宁波东力,0.7216494845360825,0.2783505154639175
002048,宁波华翔,0.7647058823529411,0.23529411764705882
002142,宁波银行,0.7358718646116652,0.2641281353883349
002289,宇顺电子,0.7367501456027956,0.26324985439720444
300218,安利股份,0.5885057471264368,0.4114942528735632
002235,安妮股份,0.7593637762955362,0.2406362237044638
300155,安居宝,0.7636363636363637,0.23636363636363636
300370,安控科技,0.8261980830670926,0.17380191693290734
300380,安硕信息,0.6900855920114123,0.30991440798858777
300286,安科瑞,0.7396759017250392,0.2603240982749608
300009,安科生物,0.8242649543764786,0.17573504562352146
002136,安纳达,0.6928746928746928,0.3071253071253071
300067,安诺其,0.7700534759358288,0.22994652406417113
300572,安车检测,0.8939393939393939,0.10606060606060606
300144,宋城演艺,0.7177914110429447,0.2822085889570552
002624,完美世界,0.7482517482517482,0.2517482517482518
002683,宏大爆破,0.8494623655913979,0.15053763440860216
002062,宏润建设,0.8025751072961373,0.19742489270386265
002211,宏达新材,0.8230088495575221,0.17699115044247787
002144,宏达高科,0.7307301199918649,0.26926988000813507
300328,宜安科技,0.7439024390243902,0.25609756097560976
002627,宜昌交运,0.7419354838709677,0.25806451612903225
300310,宜通世纪,0.7860156720916215,0.21398432790837854
300135,宝利国际,0.7757575757575758,0.22424242424242424
300023,宝德股份,0.8249158249158249,0.1750841750841751
300402,宝色股份,0.7753705815279361,0.22462941847206383
002476,宝莫股份,0.6646595646132468,0.3353404353867531
300246,宝莱特,0.7792207792207793,0.22077922077922077
300031,宝通科技,0.8235294117647058,0.17647058823529413
600019,宝钢股份,0.7459016393442623,0.2540983606557377
002514,宝馨科技,0.7287933094384706,0.27120669056152924
002047,宝鹰股份,0.9154929577464789,0.08450704225352113
002552,宝鼎科技,0.8846153846153846,0.11538461538461539
300612,宣亚国际,0.7213114754098361,0.2786885245901639
300576,容大感光,0.7744360902255639,0.22556390977443608
300432,富临精工,0.8504672897196262,0.14953271028037382
002357,富临运业,0.8202898550724638,0.17971014492753623
002327,富安娜,0.7532467532467533,0.24675324675324675
300299,富春股份,0.7551240560949298,0.24487594390507011
002818,富森美,0.9022556390977443,0.09774436090225563
002743,富煌钢构,0.7879858657243817,0.21201413427561838
300228,富瑞特装,0.7948717948717948,0.20512820512820512
300497,富祥股份,0.7090190915075708,0.29098090849242925
300387,富邦股份,0.8493975903614458,0.15060240963855423
300267,尔康制药,0.8962962962962963,0.1037037037037037
002551,尚荣医疗,0.7615081104778606,0.2384918895221394
002427,尤夫股份,0.8083832335329342,0.19161676646706588
002490,山东墨龙,0.7391304347826086,0.2608695652173913
002193,山东如意,0.7457627118644068,0.2542372881355932
002026,山东威达,0.8379052369077307,0.16209476309226933
002526,山东矿机,0.7025677603423681,0.297432239657632
002598,山东章鼓,0.6983655274888558,0.3016344725111441
002097,山河智能,0.7569444444444444,0.24305555555555555
300452,山河药辅,0.7904245709123757,0.2095754290876242
002500,山西证券,0.8214285714285714,0.17857142857142858
300492,山鼎设计,0.8873239436619719,0.11267605633802817
002717,岭南园林,0.8108108108108109,0.1891891891891892
002253,川大智胜,0.7590361445783133,0.24096385542168675
002272,川润股份,0.7616525423728814,0.23834745762711862
300547,川环科技,0.8366013071895425,0.16339869281045752
300505,川金诺,0.7530279094260137,0.24697209057398628
002342,巨力索具,0.8440545808966862,0.15594541910331383
002444,巨星科技,0.7904929577464789,0.20950704225352113
002031,巨轮智能,0.785784474287586,0.21421552571241403
002619,巨龙管业,0.8088578088578089,0.19114219114219114
002188,巴士在线,0.708994708994709,0.291005291005291
300262,巴安水务,0.8666666666666667,0.13333333333333333
002485,希努尔,0.6911057692307692,0.3088942307692307
002798,帝王洁具,0.8876404494382022,0.11235955056179775
002247,帝龙文化,0.8941798941798942,0.10582010582010581
002478,常宝股份,0.8130841121495327,0.18691588785046728
300255,常山药业,0.8186813186813187,0.1813186813186813
002160,常铝股份,0.8109965635738832,0.18900343642611683
300571,平治信息,0.7631578947368421,0.23684210526315788
300528,幸福蓝海,0.8811881188118812,0.1188118811881188
002101,广东鸿图,0.8355263157894737,0.1644736842105263
300537,广信材料,0.7737142857142857,0.22628571428571428
002103,广博股份,0.810126582278481,0.18987341772151897
002133,广宇集团,0.8638297872340426,0.13617021276595745
002482,广田集团,0.7142857142857143,0.2857142857142857
600831,广电网络,0.8333333333333334,0.16666666666666666
002152,广电运通,0.6726943942133815,0.32730560578661844
002187,广百股份,0.8025830258302583,0.19741697416974166
002410,广联达,0.7383177570093458,0.2616822429906542
002367,康力电梯,0.7971181556195965,0.20288184438040346
002773,康弘药业,0.8023433520122262,0.19765664798777383
002119,康强电子,0.8249336870026526,0.17506631299734748
002450,康得新,0.7711231761112997,0.2288768238887004
300455,康拓红外,0.86,0.14
300445,康斯特,0.8598130841121495,0.14018691588785046
600076,康欣新材,0.7264957264957265,0.27350427350427353
300601,康泰生物,0.7327586206896551,0.2672413793103448
002418,康盛股份,0.7777777777777778,0.2222222222222222
300061,康耐特,0.908256880733945,0.09174311926605505
300086,康芝药业,0.8852459016393442,0.11475409836065574
002669,康达新材,0.8064516129032258,0.1935483870967742
002178,延华智能,0.7142857142857143,0.2857142857142857
300107,建新股份,0.7307692307692307,0.2692307692307692
002398,建研集团,0.8814814814814815,0.11851851851851852
002789,建艺集团,0.8,0.2
300338,开元仪器,0.740814696485623,0.259185303514377
300234,开尔新材,0.7382892057026477,0.26171079429735233
300577,开润股份,0.7749562171628721,0.22504378283712784
300633,开立医疗,0.8468468468468469,0.15315315315315314
300272,开能环保,0.7398518041237114,0.2601481958762887
002833,弘亚数控,0.6666666666666666,0.3333333333333333
002839,张家港行,0.8354430379746836,0.16455696202531644
300429,强力新材,0.9369369369369369,0.06306306306306306
300073,当升科技,0.792053471964352,0.20794652803564798
002561,徐家汇,0.7248908296943232,0.27510917030567683
002330,得利斯,0.7871794871794872,0.2128205128205128
002055,得润电子,0.8042553191489362,0.19574468085106383
002177,御银股份,0.7920792079207921,0.2079207920792079
002801,微光股份,0.8536585365853658,0.14634146341463414
002571,德力股份,0.5933047447779776,0.40669525522202243
002260,德奥通航,0.8105263157894737,0.18947368421052632
300325,德威新材,0.8271604938271605,0.1728395061728395
002631,德尔未来,0.7687861271676301,0.23121387283236994
300473,德尔股份,0.8723404255319149,0.1276595744680851
002054,德美化工,0.803921568627451,0.19607843137254902
002666,德联集团,0.8717948717948718,0.1282051282051282
002005,德豪润达,0.5833625833625834,0.41663741663741666
000049,德赛电池,0.8870967741935484,0.11290322580645161
002411,必康股份,0.8363636363636363,0.16363636363636364
300413,快乐购,0.875,0.125
300078,思创医惠,0.8625,0.1375
300608,思特奇,0.8014888337468983,0.19851116625310175
002712,思美传媒,0.8771331058020477,0.12286689419795221
002183,怡亚通,0.7201080284802357,0.2798919715197643
300081,恒信移动,0.8476190476190476,0.1523809523809524
002492,恒基达鑫,0.7580037664783428,0.24199623352165725
002591,恒大高新,0.8666666666666667,0.13333333333333333
002104,恒宝股份,0.6235529512648278,0.37644704873517215
002219,恒康医疗,0.7449313276651406,0.25506867233485936
002132,恒星科技,0.8165680473372781,0.1834319526627219
300513,恒泰实达,0.7752808988764045,0.2247191011235955
300157,恒泰艾普,0.8745644599303136,0.1254355400696864
300374,恒通科技,0.8048780487804879,0.1951219512195122
002237,恒邦股份,0.8766233766233766,0.12337662337662338
300605,恒锋信息,0.8121387283236994,0.18786127167630057
300488,恒锋工具,0.7864450127877237,0.2135549872122762
300208,恒顺众昇,0.7513451191391238,0.24865488086087628
002262,恩华药业,0.7953964194373402,0.20460358056265984
002162,悦心健康,0.7557251908396947,0.24427480916030533
300460,惠伦晶体,0.8461538461538461,0.15384615384615385
002554,惠博普,0.8356164383561644,0.1643835616438356
002343,慈文传媒,0.8073799025295892,0.19262009747041078
300307,慈星股份,0.7287933094384706,0.27120669056152924
002628,成都路桥,0.8681318681318682,0.13186813186813187
002190,成飞集成,0.8053691275167785,0.19463087248322147
300357,我武生物,0.7071823204419889,0.292817679558011
300314,戴维医疗,0.7763713080168776,0.22362869198312235
002652,扬子新材,0.7830092118730808,0.21699078812691913
300373,扬杰科技,0.8273381294964028,0.17266187050359713
002154,报喜鸟,0.8415841584158416,0.15841584158415842
300229,拓尔思,0.8979591836734694,0.10204081632653061
300607,拓斯达,0.8007380073800738,0.1992619926199262
002218,拓日新能,0.8333333333333334,0.16666666666666666
002261,拓维信息,0.7433962264150943,0.25660377358490566
002139,拓邦股份,0.7350746268656716,0.26492537313432835
001979,招商蛇口,0.7716346153846154,0.2283653846153846
300158,振东制药,0.7374517374517374,0.2625482625482625
300101,振芯科技,0.7074626865671642,0.29253731343283584
300182,捷成股份,0.8029556650246306,0.19704433497536947
002609,捷顺科技,0.926605504587156,0.07339449541284404
300315,掌趣科技,0.7381667918858001,0.26183320811419986
300005,探路者,0.8926610084872691,0.1073389915127309
002451,摩恩电气,0.7626582278481012,0.23734177215189872
002656,摩登大道,0.9294117647058824,0.07058823529411765
300075,数字政通,0.75,0.25
300579,数字认证,0.8598130841121495,0.14018691588785046
300079,数码视讯,0.7568910980569362,0.2431089019430637
300089,文化长城,0.8766816143497758,0.12331838565022421
002775,文科园林,0.6747252747252748,0.3252747252747253
300382,斯莱克,0.8745874587458746,0.1254125412541254
002388,新亚制程,0.8163265306122449,0.1836734693877551
300472,新元科技,0.9142857142857143,0.08571428571428572
002147,新光圆成,0.7939262472885033,0.20607375271149675
300519,新光药业,0.7970492983087443,0.20295070169125587
002376,新北洋,0.7349081364829396,0.2650918635170603
002264,新华都,0.8468468468468469,0.15315315315315314
002001,新和成,0.8423593892731307,0.15764061072686938
300130,新国都,0.811965811965812,0.18803418803418803
300259,新天科技,0.8066298342541437,0.19337016574585636
300013,新宁物流,0.7358490566037735,0.2641509433962264
002836,新宏泽,0.8571428571428571,0.14285714285714285
300037,新宙邦,0.7014925373134329,0.29850746268656714
002705,新宝股份,0.8583234946871311,0.14167650531286893
300248,新开普,0.7411630558722919,0.2588369441277081
300109,新开源,0.8319327731092437,0.16806722689075632
300336,新文化,0.5789473684210527,0.42105263157894735
002527,新时达,0.7243150684931506,0.2756849315068493
300502,新易盛,0.8562300319488818,0.14376996805111822
300542,新晨科技,0.8209718670076727,0.17902813299232737
002328,新朋股份,0.8362989323843416,0.16370106761565834
002089,新海宜,0.6728499156829679,0.327150084317032
002532,新界泵业,0.7690920024052916,0.23090799759470834
002700,新疆浩源,0.8317757009345794,0.16822429906542055
300159,新研股份,0.8677685950413223,0.1322314049586777
002480,新筑股份,0.8480243161094225,0.1519756838905775
002341,新纶科技,0.795830898110267,0.2041691018897331
300509,新美星,0.9019607843137255,0.09803921568627451
300260,新莱应材,0.8015267175572519,0.1984732824427481
002087,新野纺织,0.8571428571428571,0.14285714285714285
300593,新雷能,0.7303732303732303,0.2696267696267696
002196,方正电机,0.8275862068965517,0.1724137931034483
300235,方直科技,0.9130434782608695,0.08695652173913043
002593,日上集团,0.7952622673434856,0.20473773265651438
002520,日发精机,0.7700394218134035,0.22996057818659657
603218,日月股份,0.8466780238500852,0.1533219761499148
300470,日机密封,0.800332778702163,0.19966722129783693
002313,日海通讯,0.7322834645669292,0.2677165354330709
600017,日照港,0.7832817337461301,0.21671826625387
300214,日科化学,0.8297872340425532,0.1702127659574468
002516,旷达科技,0.8473282442748091,0.15267175572519084
300418,昆仑万维,0.7543859649122807,0.24561403508771928
002752,昇兴股份,0.7362637362637363,0.26373626373626374
300503,昊志机电,0.731457800511509,0.26854219948849106
300151,昌红科技,0.7843137254901961,0.2156862745098039
300242,明家联合,0.8571428571428571,0.14285714285714285
002574,明牌珠宝,0.6842105263157895,0.3157894736842105
300125,易世达,0.8095238095238095,0.19047619047619047
300376,易事特,0.8285714285714286,0.17142857142857143
300212,易华录,0.7742537313432836,0.2257462686567164
002826,易明医药,0.8323353293413174,0.16766467065868262
300096,易联众,0.8025210084033614,0.19747899159663865
300464,星徽精密,0.88,0.12
300256,星星科技,0.7603406326034063,0.23965936739659366
002291,星期六,0.7454545454545455,0.2545454545454545
300143,星河生物,0.8723404255319149,0.1276595744680851
300568,星源材质,0.6666666666666666,0.3333333333333333
002829,星网宇达,0.8982035928143712,0.10179640718562873
002396,星网锐捷,0.8547717842323651,0.14522821576763487
300043,星辉娱乐,0.8904027648544462,0.10959723514555367
002547,春兴精工,0.7727272727272727,0.22727272727272727
300139,晓程科技,0.7767220902612827,0.22327790973871733
300138,晨光生物,0.7891373801916933,0.2108626198083067
300610,晨化股份,0.7334905660377359,0.2665094339622642
300581,晨曦航空,0.7838283828382838,0.21617161716171615
300442,普丽盛,0.7546174142480211,0.24538258575197888
002324,普利特,0.7921810699588477,0.20781893004115226
002769,普路通,0.7396694214876033,0.2603305785123967
002663,普邦园林,0.8695652173913043,0.13043478260869565
002067,景兴纸业,0.7411273486430062,0.2588726513569937
300474,景嘉微,0.8070175438596491,0.19298245614035087
300316,晶盛机电,0.898989898989899,0.10101010101010101
300097,智云股份,0.8952380952380953,0.10476190476190476
002169,智光电气,0.8328981723237598,0.1671018276762402
300173,智慧松德,0.7241379310344828,0.27586206896551724
300122,智飞生物,0.8805970149253731,0.11940298507462686
300431,暴风集团,0.6001702610669694,0.3998297389330307
002612,朗姿股份,0.6086142322097379,0.3913857677902622
300175,朗源股份,0.7924528301886793,0.20754716981132076
300288,朗玛信息,0.8018867924528302,0.19811320754716982
300543,朗科智能,0.8007329363261567,0.19926706367384334
300042,朗科科技,0.7698815566835872,0.23011844331641285
002745,木林森,0.88,0.12
002581,未名医药,0.7761194029850746,0.22388059701492538
300024,机器人,0.8586956521739131,0.14130434782608695
300478,杭州高新,0.814935064935065,0.18506493506493507
002430,杭氧股份,0.8130841121495327,0.18691588785046728
002534,杭锅股份,0.683851725607158,0.31614827439284193
002353,杰瑞股份,0.8947368421052632,0.10526315789473684
002544,杰赛科技,0.8097982708933718,0.19020172910662825
002454,松芝股份,0.7705136757838559,0.22948632421614407
002535,林州重机,0.731622746185853,0.26837725381414707
002776,柏堡龙,0.898989898989899,0.10101010101010101
002346,柘中股份,0.9368421052631579,0.06315789473684211
002082,栋梁新材,0.8297872340425532,0.1702127659574468
002340,格林美,0.7737611697806661,0.2262388302193339
002820,桂发祥,0.7837837837837838,0.21621621621621623
002275,桂林三金,0.7627118644067796,0.23728813559322035
300275,梅安森,0.8414634146341463,0.15853658536585366
300038,梅泰诺,0.7734627831715211,0.22653721682847897
002397,梦洁股份,0.8137931034482758,0.18620689655172415
002123,梦网荣信,0.7134112409571508,0.2865887590428492
002634,棒杰股份,0.7872340425531915,0.2127659574468085
002431,棕榈股份,0.8770949720670391,0.12290502793296089
002358,森源电气,0.8528138528138528,0.1471861471861472
300210,森远股份,0.7643504531722054,0.23564954682779457
002563,森马服饰,0.7531645569620253,0.2468354430379747
300358,楚天科技,0.7272727272727273,0.2727272727272727
002171,楚江新材,0.821917808219178,0.1780821917808219
002474,榕基软件,0.8205980066445183,0.17940199335548174
002056,横店东磁,0.7578779417630634,0.24212205823693664
300539,横河模具,0.9142857142857143,0.08571428571428572
300615,欣天科技,0.7692307692307693,0.2307692307692308
300207,欣旺达,0.7096774193548387,0.2903225806451613
300372,欣泰电气,0.7714285714285715,0.22857142857142856
300595,欧普康视,0.8,0.2
300053,欧比特,0.8848484848484849,0.11515151515151516
002711,欧浦智网,0.7878787878787878,0.21212121212121213
002456,欧菲光,0.7558922558922558,0.2441077441077441
002241,歌尔股份,0.8195735374521597,0.18042646254784034
300410,正业科技,0.8290598290598291,0.17094017094017094
300224,正海磁材,0.7679045092838196,0.23209549071618035
002157,正邦科技,0.8620689655172413,0.13793103448275862
002569,步森股份,0.8416666666666667,0.15833333333333333
002251,步步高,0.7973856209150327,0.20261437908496732
002194,武汉凡谷,0.7671276937922162,0.2328723062077839
002420,毅昌股份,0.8064516129032258,0.1935483870967742
002594,比亚迪,0.7206921493351138,0.2793078506648862
002832,比音勒芬,0.8737864077669902,0.1262135922330097
002234,民和股份,0.7476190476190476,0.2523809523809524
002647,民盛金科,0.8561151079136691,0.14388489208633093
002273,水晶光电,0.8431372549019608,0.1568627450980392
002753,永东股份,0.9078947368421053,0.09210526315789473
002756,永兴特钢,0.829683698296837,0.170316301703163
300230,永利股份,0.7345679012345679,0.2654320987654321
002795,永和智控,0.7888888888888889,0.2111111111111111
002326,永太科技,0.8496732026143791,0.1503267973856209
002365,永安药业,0.8127090301003345,0.18729096989966554
300187,永清环保,0.8016,0.1984
300351,永贵电器,0.7712418300653595,0.22875816993464052
002641,永高股份,0.7922077922077922,0.2077922077922078
300371,汇中股份,0.8111888111888111,0.1888111888111888
300282,汇冠股份,0.7649938800489596,0.2350061199510404
300124,汇川技术,0.7988571428571428,0.20114285714285715
002763,汇洁股份,0.8445297504798465,0.15547024952015354
300609,汇纳科技,0.8444022770398482,0.15559772296015179
300368,汇金股份,0.8055555555555556,0.19444444444444445
300007,汉威电子,0.719656283566058,0.280343716433942
300170,汉得信息,0.7507418397626113,0.24925816023738873
002412,汉森制药,0.7450980392156863,0.2549019607843137
002498,汉缆股份,0.7636887608069164,0.23631123919308358
300449,汉邦高科,0.6559873949579832,0.3440126050420168
002158,汉钟精机,0.8127090301003345,0.18729096989966554
300300,汉鼎宇佑,0.7810945273631841,0.21890547263681592
002226,江南化工,0.7952755905511811,0.2047244094488189
002601,江山化工,0.8140495867768595,0.1859504132231405
002484,江海股份,0.7640878701050621,0.2359121298949379
002600,江粉磁材,0.8947368421052632,0.10526315789473684
002091,江苏国泰,0.84375,0.15625
002438,江苏神通,0.7384441939120631,0.2615558060879368
002807,江阴银行,0.7504520795660036,0.24954792043399637
300589,江龙船艇,0.7828947368421053,0.21710526315789475
002130,沃尔核材,0.8620689655172413,0.13793103448275862
300483,沃施股份,0.8947368421052632,0.10526315789473684
300142,沃森生物,0.710006373486297,0.289993626513703
002075,沙钢股份,0.7547169811320755,0.24528301886792453
002108,沧州明珠,0.7708508845829823,0.22914911541701768
002463,沪电股份,0.7659115426105717,0.23408845738942824
002254,泰和新材,0.8247978436657682,0.1752021563342318
002843,泰嘉股份,0.8389261744966443,0.1610738255033557
002347,泰尔股份,0.6666666666666666,0.3333333333333333
300347,泰格医药,0.8287153652392947,0.1712846347607053
300129,泰胜风能,0.8243243243243243,0.17567567567567569
002304,洋河股份,0.8715596330275229,0.12844036697247707
300334,津膜科技,0.8146493970522555,0.18535060294774452
002802,洪汇新材,0.813953488372093,0.18604651162790697
002325,洪涛股份,0.8736842105263158,0.12631578947368421
300232,洲明科技,0.8012048192771084,0.19879518072289157
002557,洽洽食品,0.8838709677419355,0.11612903225806452
002098,浔兴股份,0.7380952380952381,0.2619047619047619
002266,浙富控股,0.8771929824561403,0.12280701754385964
002522,浙江众成,0.8433734939759037,0.1566265060240964
002489,浙江永强,0.7473569084943492,0.25264309150565073
002677,浙江美大,0.8063511830635118,0.1936488169364882
300448,浩云科技,0.8836363636363637,0.11636363636363636
002203,海亮股份,0.8737373737373737,0.12626262626262627
300201,海伦哲,0.8245614035087719,0.17543859649122806
300329,海伦钢琴,0.8888888888888888,0.1111111111111111
300065,海兰信,0.7993421052631579,0.20065789473684212
603639,海利尔,0.826625386996904,0.17337461300309598
002206,海利得,0.7623762376237624,0.2376237623762376
002596,海南瑞泽,0.9047619047619048,0.09523809523809523
002311,海大集团,0.7615384615384615,0.23846153846153847
002344,海宁皮城,0.7334530528476142,0.26654694715238586
002320,海峡股份,0.8588235294117647,0.1411764705882353
002184,海得控制,0.7467105263157895,0.2532894736842105
002653,海思科,0.7124769190187286,0.28752308098127144
002399,海普瑞,0.7786431031900554,0.22135689680994458
002465,海格通信,0.7980332829046899,0.20196671709531014
002702,海欣食品,0.711864406779661,0.288135593220339
300517,海波重科,0.7862190812720848,0.2137809187279152
002724,海洋王,0.736318407960199,0.263681592039801
002529,海源机械,0.7521157521157521,0.24788424788424787
002023,海特高新,0.7795154467375978,0.22048455326240224
002537,海立美达,0.8319919517102615,0.16800804828973842
002099,海翔药业,0.8484848484848485,0.15151515151515152
300277,海联讯,0.8181818181818182,0.18181818181818182
600387,海越股份,0.841726618705036,0.15827338129496402
300584,海辰药业,0.8011869436201781,0.19881305637982197
300320,海达股份,0.8317152103559871,0.16828478964401294
300501,海顺新材,0.7868020304568528,0.2131979695431472
002084,海鸥卫浴,0.8956521739130435,0.10434782608695652
300339,润和软件,0.8106235565819861,0.18937644341801385
300493,润欣科技,0.7886178861788617,0.21138211382113822
002483,润邦股份,0.7209302325581395,0.27906976744186046
002507,涪陵榨菜,0.7576530612244898,0.2423469387755102
300540,深冷股份,0.7256637168141593,0.2743362831858407
002168,深圳惠程,0.8057142857142857,0.19428571428571428
002573,清新环境,0.7695852534562212,0.2304147465437788
300283,温州宏丰,0.7906976744186046,0.20930232558139536
300498,温氏股份,0.7788844621513944,0.22111553784860558
002174,游族网络,0.7619047619047619,0.23809523809523808
002155,湖南黄金,0.8441558441558441,0.15584415584415584
002125,湘潭电化,0.7356608478802992,0.2643391521197007
300381,溢多利,0.8709677419354839,0.12903225806451613
002244,滨江集团,0.705607476635514,0.29439252336448596
002351,漫步者,0.8279158699808795,0.17208413001912046
300191,潜能恒信,0.6578603793871439,0.3421396206128562
002345,潮宏基,0.8484848484848485,0.15151515151515152
002172,澳洋科技,0.8297872340425532,0.1702127659574468
300566,激智科技,0.8939393939393939,0.10606060606060606
002225,濮耐股份,0.8245614035087719,0.17543859649122806
300481,濮阳惠成,0.7931034482758621,0.20689655172413793
300360,炬华科技,0.7140468227424749,0.28595317725752506
002315,焦点科技,0.8949494949494949,0.10505050505050505
002695,煌上煌,0.7868020304568528,0.2131979695431472
300588,熙菱信息,0.7785234899328859,0.2214765100671141
002732,燕塘乳业,0.8141025641025641,0.1858974358974359
002403,爱仕达,0.7852760736196319,0.2147239263803681
300521,爱司凯,0.7297297297297297,0.2702702702702703
300015,爱尔眼科,0.793939393939394,0.20606060606060606
002610,爱康科技,0.7381776239907728,0.2618223760092272
002416,爱施德,0.8107448107448108,0.18925518925518925
002714,牧原股份,0.7657142857142857,0.2342857142857143
002728,特一药业,0.8854961832061069,0.11450381679389313
002213,特尔佳,0.7889908256880734,0.21100917431192662
300001,特锐德,0.7351351351351352,0.2648648648648649
002684,猛狮科技,0.8833333333333333,0.11666666666666667
002735,王子新材,0.8888888888888888,0.1111111111111111
002799,环球印务,0.7066052227342551,0.29339477726574503
300425,环能科技,0.8283038501560874,0.1716961498439126
300317,珈伟股份,0.8120300751879699,0.18796992481203006
002461,珠江啤酒,0.7692307692307693,0.23076923076923078
300557,理工光科,0.7123473541383989,0.28765264586160105
002322,理工环科,0.8106508875739645,0.1893491124260355
300206,理邦仪器,0.743801652892562,0.256198347107438
300241,瑞丰光电,0.7961165048543689,0.20388349514563106
300243,瑞丰高材,0.7551020408163265,0.24489795918367346
300154,瑞凌股份,0.7307692307692307,0.2692307692307692
002620,瑞和股份,0.7453271028037384,0.2546728971962617
002790,瑞尔特,0.823728813559322,0.17627118644067796
002589,瑞康医药,0.8489208633093526,0.1510791366906475
300119,瑞普生物,0.7264296754250386,0.27357032457496133
002066,瑞泰科技,0.8518518518518519,0.14814814814814814
300600,瑞特股份,0.8289473684210527,0.17105263157894737
002095,生意宝,0.7287933094384706,0.27120669056152924
300461,田中精机,0.743801652892562,0.256198347107438
002468,申通快递,0.8210526315789474,0.17894736842105263
002730,电光科技,0.9428571428571428,0.05714285714285714
300215,电科院,0.6777493606138107,0.32225063938618925
002715,登云股份,0.8128654970760234,0.1871345029239766
002041,登海种业,0.8681318681318682,0.13186813186813187
002455,百川股份,0.8897058823529411,0.11029411764705882
002568,百润股份,0.566006600660066,0.43399339933993397
002329,皇氏集团,0.726984126984127,0.273015873015873
002331,皖通科技,0.8101571946795647,0.1898428053204353
002458,益生股份,0.7729257641921398,0.22707423580786026
002566,益盛药业,0.6795977011494253,0.3204022988505747
002847,盐津铺子,0.9279488669378269,0.07205113306217313
300494,盛天网络,0.8688524590163934,0.13114754098360656
300518,盛讯达,0.7545126353790613,0.24548736462093862
002446,盛路通信,0.6628652886671419,0.3371347113328582
300090,盛运环保,0.7789203084832905,0.2210796915167095
002599,盛通股份,0.7441860465116279,0.2558139534883721
002400,省广股份,0.8175675675675675,0.18243243243243243
002771,真视通,0.8666666666666667,0.13333333333333333
002692,睿康股份,0.7166482910694597,0.28335170893054024
002153,石基信息,0.7983490566037735,0.2016509433962264
300322,硕贝德,0.8867924528301887,0.11320754716981132
300070,碧水源,0.735080058224163,0.264919941775837
300189,神农基因,0.8571428571428571,0.14285714285714285
002361,神剑股份,0.9139784946236559,0.08602150537634409
300563,神宇股份,0.8627450980392157,0.13725490196078433
300002,神州泰岳,0.7815315315315315,0.21846846846846846
002278,神开股份,0.7179249652616952,0.28207503473830475
300479,神思电子,0.7625,0.2375
300156,神雾环保,0.7214700193423598,0.27852998065764023
300194,福安药业,0.7692307692307692,0.23076923076923075
002679,福建金森,0.8064516129032258,0.1935483870967742
002222,福晶科技,0.873015873015873,0.12698412698412698
300049,福瑞股份,0.8223495702005731,0.17765042979942694
300160,秀强股份,0.7559055118110236,0.24409448818897636
002422,科伦药业,0.7284868720594931,0.2715131279405069
300565,科信技术,0.8785046728971962,0.12149532710280374
002335,科华恒盛,0.6943105110896818,0.3056894889103182
002022,科华生物,0.8267716535433071,0.1732283464566929
002518,科士达,0.827194179172351,0.17280582082764892
300520,科大国创,0.8433048433048433,0.15669515669515668
300222,科大智能,0.8702290076335878,0.1297709923664122
002230,科大讯飞,0.7501471107449688,0.24985288925503119
300340,科恒股份,0.893048128342246,0.10695187165775401
300192,科斯伍德,0.875,0.125
300092,科新机电,0.7989949748743719,0.20100502512562815
002499,科林环保,0.7288765088207985,0.27112349117920154
300153,科泰电源,0.78,0.22
300152,科融环境,0.90625,0.09375
002770,科迪乳业,0.8654970760233918,0.13450292397660818
002121,科陆电子,0.7379310344827587,0.2620689655172414
300405,科隆精化,0.7622868605817452,0.23771313941825475
002339,积成电子,0.8047945205479452,0.1952054794520548
300590,移为通信,0.8003679852805887,0.19963201471941122
300010,立思辰,0.765,0.235
300603,立昂技术,0.7458333333333333,0.25416666666666665
002475,立讯精密,0.7872340425531915,0.2127659574468085
002378,章源钨业,0.7045454545454546,0.29545454545454547
002797,第一创业,0.8089171974522293,0.1910828025477707
002181,粤传媒,0.7294429708222812,0.27055702917771884
002060,粤水电,0.7902097902097902,0.2097902097902098
300099,精准信息,0.67003367003367,0.32996632996632996
002006,精功科技,0.896,0.104
300567,精测电子,0.8318318318318318,0.16816816816816818
002295,精艺股份,0.7755102040816326,0.22448979591836735
300258,精锻科技,0.846017872925464,0.153982127074536
002766,索菱股份,0.9157894736842105,0.08421052631578947
002572,索菲亚,0.6827668455575433,0.3172331544424568
002049,紫光国芯,0.7728285077951003,0.22717149220489977
002118,紫鑫药业,0.9069148936170213,0.09308510638297872
002809,红墙股份,0.6738826815642459,0.32611731843575426
300345,红宇新材,0.7625043721580973,0.2374956278419028
002165,红宝丽,0.8571428571428571,0.14285714285714285
002697,红旗连锁,0.8127902822436586,0.18720971775634157
300026,红日药业,0.7623762376237624,0.2376237623762376
300427,红相电力,0.7697841726618705,0.2302158273381295
002825,纳尔股份,0.8016085790884718,0.19839142091152814
300198,纳川股份,0.8193979933110368,0.1806020066889632
300120,经纬电材,0.8005865102639296,0.19941348973607037
300508,维宏股份,0.853515625,0.146484375
300190,维尔利,0.7806963958460599,0.21930360415394015
300369,绿盟科技,0.8202247191011236,0.1797752808988764
300017,网宿科技,0.6523400191021967,0.34765998089780326
002114,罗平锌电,0.8755555555555555,0.12444444444444444
002333,罗普斯金,0.8215962441314554,0.1784037558685446
002293,罗莱生活,0.711045984229991,0.2889540157700091
002690,美亚光电,0.7292069632495164,0.27079303675048355
300188,美亚柏科,0.8888888888888888,0.1111111111111111
300611,美力科技,0.7881619937694704,0.2118380062305296
300495,美尚生态,0.788235294117647,0.21176470588235294
300495,美尚生态,0.8913043478260869,0.10869565217391304
002044,美年健康,0.6837916063675833,0.3162083936324168
300439,美康生物,0.7336244541484717,0.2663755458515284
300237,美晨科技,0.6818181818181818,0.3181818181818182
002034,美欣达,0.7959183673469388,0.20408163265306123
002303,美盈森,0.73512252042007,0.26487747957992996
002269,美邦服饰,0.6276183087664856,0.37238169123351433
002842,翔鹭钨业,0.7272727272727273,0.2727272727272727
300199,翰宇药业,0.822429906542056,0.17757009345794392
002508,老板电器,0.8053097345132744,0.19469026548672566
300456,耐威科技,0.7884615384615384,0.21153846153846154
300343,联创互联,0.7377049180327869,0.26229508196721313
002036,联创电子,0.6759581881533101,0.3240418118466899
002250,联化科技,0.8648648648648649,0.13513513513513514
002394,联发股份,0.8306010928961749,0.16939890710382513
300269,联建光电,0.7976653696498055,0.20233463035019456
300545,联得装备,0.8541666666666666,0.14583333333333334
002280,联络互动,0.9238095238095239,0.0761904761904762
300203,聚光科技,0.7671232876712328,0.2328767123287671
300475,聚隆科技,0.8283261802575107,0.17167381974248927
300303,聚飞光电,0.8187311178247734,0.18126888217522658
300202,聚龙股份,0.7886617817200154,0.21133821827998456
002426,胜利精密,0.7232142857142857,0.2767857142857143
300476,胜宏科技,0.8269230769230769,0.17307692307692307
300392,腾信股份,0.8415841584158416,0.15841584158415842
300178,腾邦国际,0.7318611987381703,0.26813880126182965
300204,舒泰神,0.6502564102564102,0.34974358974358977
002608,舜天船舶,0.8237885462555066,0.1762114537444934
002025,航天电器,0.8091603053435115,0.19083969465648856
300424,航新科技,0.8224852071005917,0.17751479289940827
002706,良信电器,0.855751893256401,0.14424810674359897
300389,艾比森,0.7757009345794392,0.22429906542056074
002180,艾派克,0.6688741721854304,0.33112582781456956
002170,芭田股份,0.7835820895522388,0.21641791044776118
300284,苏交科,0.8695652173913043,0.13043478260869565
300331,苏大维格,0.7461538461538462,0.25384615384615383
300507,苏奥传感,0.8614457831325302,0.13855421686746988
002024,苏宁云商,0.780974174566852,0.2190258254331481
000718,苏宁环球,0.8275862068965517,0.1724137931034483
002808,苏州恒久,0.8434782608695652,0.1565217391304348
002032,苏泊尔,0.975609756097561,0.024390243902439025
002334,英威腾,0.813953488372093,0.18604651162790697
000411,英特集团,0.8181818181818182,0.18181818181818182
002837,英维克,0.8028169014084507,0.19718309859154928
002528,英飞拓,0.8084291187739464,0.19157088122605365
300582,英飞特,0.7586206896551724,0.2413793103448276
002660,茂硕电源,0.8244514106583072,0.1755485893416928
300087,荃银高科,0.7485875706214689,0.25141242937853103
002642,荣之联,0.8181818181818182,0.18181818181818182
002146,荣盛发展,0.7698412698412699,0.23015873015873015
002493,荣盛石化,0.8514056224899599,0.14859437751004015
300290,荣科科技,0.7759336099585062,0.22406639004149378
002106,莱宝高科,0.8850574712643678,0.11494252873563218
300006,莱美药业,0.6530612244897959,0.3469387755102041
002166,莱茵生物,0.8288770053475936,0.1711229946524064
300395,菲利华,0.8317757009345794,0.16822429906542055
002731,萃华珠宝,0.8385650224215246,0.16143497757847533
002737,葵花药业,0.79482831708351,0.20517168291649002
002614,蒙发利,0.6875,0.3125
300355,蒙草生态,0.8177676537585421,0.18223234624145784
002513,蓝丰生化,0.8313253012048193,0.1686746987951807
002382,蓝帆医疗,0.7465753424657534,0.2534246575342466
300433,蓝思科技,0.7343976777939042,0.2656023222060958
300484,蓝海华腾,0.797945205479452,0.20205479452054795
300297,蓝盾股份,0.8705882352941177,0.12941176470588237
300058,蓝色光标,0.6491487786824575,0.35085122131754254
300293,蓝英装备,0.8150851581508516,0.18491484184914841
002765,蓝黛传动,0.7913043478260869,0.20869565217391303
002192,融捷股份,0.7829313543599258,0.21706864564007422
002622,融钰集团,0.9649122807017544,0.03508771929824561
300305,裕兴股份,0.8240740740740741,0.17592592592592593
002831,裕同科技,0.8095238095238095,0.19047619047619047
002265,西仪股份,0.7914691943127962,0.20853080568720378
002536,西泵股份,0.8443363446838081,0.15566365531619178
002302,西部建设,0.8894009216589862,0.11059907834101383
002149,西部材料,0.8044806517311609,0.1955193482688391
300106,西部牧业,0.6069966505396353,0.3930033494603647
002584,西陇科学,0.8231511254019293,0.17684887459807072
002841,视源股份,0.7181494661921708,0.2818505338078292
002437,誉衡药业,0.6947674418604651,0.30523255813953487
002197,证通电子,0.904891304347826,0.09510869565217392
300430,诚益通,0.8126984126984127,0.1873015873015873
300598,诚迈科技,0.8906964921199797,0.10930350788002034
002215,诺普信,0.8024691358024691,0.19753086419753085
002595,豪迈科技,0.6979166666666666,0.3020833333333333
300064,豫金刚石,0.7673267326732673,0.23267326732673269
002570,贝因美,0.7076167076167076,0.29238329238329236
300580,贝斯特,0.868421052631579,0.13157894736842105
002828,贝肯能源,0.72,0.28
300558,贝达药业,0.7381615598885793,0.2618384401114206
002141,贤丰控股,0.7952573742047426,0.20474262579525737
002424,贵州百灵,0.7519219396806623,0.24807806031933766
300044,赛为智能,0.7676560900716479,0.23234390992835208
300485,赛升药业,0.7519863791146425,0.24801362088535758
300583,赛托生物,0.8598130841121495,0.14018691588785046
300466,赛摩电气,0.8494623655913979,0.15053763440860216
002637,赞宇科技,0.792910447761194,0.20708955223880596
300457,赢合科技,0.7941176470588235,0.20588235294117646
300377,赢时胜,0.8895705521472392,0.11042944785276074
002460,赣锋锂业,0.8415841584158416,0.15841584158415842
002356,赫美集团,0.7662337662337663,0.23376623376623376
300036,超图软件,0.8725852856555693,0.12741471434443075
002725,跃岭股份,0.7482517482517482,0.2517482517482518
002640,跨境通,0.824390243902439,0.17560975609756097
002813,路畅科技,0.7597402597402597,0.24025974025974026
300555,路通视信,0.7912457912457912,0.20875420875420875
002073,软控股份,0.7967707967707969,0.20322920322920324
002046,轴研科技,0.8119935170178282,0.1880064829821718
002496,辉丰股份,0.8876404494382022,0.11235955056179775
002296,辉煌科技,0.7986577181208053,0.20134228187919462
002556,辉隆股份,0.8306878306878307,0.1693121693121693
300523,辰安科技,0.8024316109422492,0.19756838905775076
300103,达刚路机,0.7823834196891192,0.21761658031088082
002512,达华智能,0.8173913043478261,0.1826086956521739
300535,达威股份,0.8846153846153846,0.11538461538461539
002030,达安基因,0.8475073313782991,0.15249266862170088
002421,达实智能,0.8492239467849224,0.15077605321507762
300530,达志科技,0.908256880733945,0.09174311926605505
002209,达意隆,0.7135135135135136,0.2864864864864865
300467,迅游科技,0.8344827586206897,0.16551724137931034
300463,迈克生物,0.79182156133829,0.20817843866171004
300440,运达科技,0.8833333333333333,0.11666666666666667
002406,远东传动,0.7952622673434856,0.20473773265651438
002063,远光软件,0.8169491525423729,0.18305084745762712
002689,远大智能,0.848,0.152
300306,远方光电,0.7953593296809539,0.20464067031904606
002161,远望谷,0.8914728682170543,0.10852713178294573
300412,迦南科技,0.8505338078291815,0.1494661921708185
300167,迪威视讯,0.7720052326667912,0.22799476733320873
300244,迪安诊断,0.7653213751868461,0.23467862481315396
300335,迪森股份,0.8674698795180723,0.13253012048192772
300396,迪瑞医疗,0.7651245551601423,0.23487544483985764
002243,通产丽星,0.763785394932936,0.2362146050670641
300265,通光线缆,0.8053097345132744,0.19469026548672566
300491,通合科技,0.8674033149171271,0.13259668508287292
002792,通宇通讯,0.8342245989304813,0.1657754010695187
002156,通富微电,0.889937106918239,0.11006289308176101
002150,通润装备,0.749665327978581,0.250334672021419
300164,通源石油,0.8169934640522876,0.1830065359477124
300185,通裕重工,0.7498511018463371,0.25014889815366287
002576,通达动力,0.8992805755395683,0.10071942446043165
002560,通达股份,0.8011363636363636,0.19886363636363635
002491,通鼎互联,0.8661800486618005,0.13381995133819952
002838,道恩股份,0.7703349282296651,0.22966507177033493
300312,邦讯技术,0.7692307692307693,0.23076923076923078
300149,量子高科,0.7489211455472734,0.25107885445272654
002721,金一文化,0.7459044963401883,0.2540955036598118
300028,金亚科技,0.715729882733522,0.28427011726647794
300252,金信诺,0.8166666666666667,0.18333333333333332
300510,金冠电气,0.8169014084507042,0.18309859154929578
300093,金刚玻璃,0.6526315789473685,0.3473684210526316
300069,金利华电,0.8461538461538461,0.15384615384615385
002464,金利科技,0.7677902621722847,0.2322097378277154
300225,金力泰,0.8984375,0.1015625
300349,金卡智能,0.8426966292134831,0.15730337078651685
002762,金发拉比,0.7878787878787878,0.21212121212121213
002488,金固股份,0.7938931297709924,0.20610687022900764
000546,金圆股份,0.7983193277310925,0.20168067226890757
300233,金城医药,0.7435897435897436,0.2564102564102564
300606,金太阳,0.734208367514356,0.26579163248564397
002515,金字火腿,0.8540145985401459,0.145985401459854
002636,金安国纪,0.8857142857142857,0.11428571428571428
002548,金新农,0.8227176220806793,0.17728237791932058
300281,金明精机,0.7335490830636462,0.2664509169363538
002090,金智科技,0.7368421052631579,0.2631578947368421
002533,金杯电工,0.7837837837837838,0.21621621621621623
002470,金正大,0.7747781065088758,0.2252218934911243
002688,金河生物,0.7623839009287926,0.23761609907120745
002443,金洲管道,0.7822685788787483,0.2177314211212516
300434,金石东方,0.8043478260869565,0.1956521739130435
002597,金禾实业,0.8861676440151777,0.11383235598482236
300459,金科娱乐,0.7402790145443753,0.25972098545562483
002723,金莱特,0.7991266375545851,0.20087336244541484
002081,金螳螂,0.8091451292246521,0.1908548707753479
002716,金贵银业,0.7577374599786553,0.2422625400213447
002722,金轮股份,0.8582089552238806,0.1417910447761194
002626,金达威,0.7543352601156069,0.24566473988439305
300220,金运激光,0.8344827586206897,0.16551724137931034
300091,金通灵,0.8617886178861789,0.13821138211382114
300443,金雷风电,0.7419354838709677,0.25806451612903225
002202,金风科技,0.7272012578616353,0.2727987421383648
300032,金龙机电,0.7453259221829206,0.2546740778170793
300034,钢研高纳,0.684981684981685,0.315018315018315
300197,铁汉生态,0.7330097087378641,0.2669902912621359
300085,银之杰,0.7906976744186046,0.20930232558139536
300231,银信科技,0.870722433460076,0.12927756653992395
002786,银宝山新,0.8407960199004975,0.15920398009950248
300020,银江股份,0.7982062780269058,0.20179372197309417
002519,银河电子,0.8490566037735849,0.1509433962264151
300127,银河磁体,0.918918918918919,0.08108108108108109
300221,银禧科技,0.7794117647058824,0.22058823529411764
002126,银轮股份,0.8697089947089948,0.1302910052910053
300337,银邦股份,0.8233438485804416,0.17665615141955837
300126,锐奇股份,0.8495575221238938,0.1504424778761062
300128,锦富技术,0.7727272727272727,0.22727272727272727
002316,键桥通讯,0.7908496732026143,0.20915032679738563
300348,长亮科技,0.7675244010647737,0.23247559893522626
300088,长信科技,0.7601747071669644,0.23982529283303552
002071,长城影视,0.7401129943502824,0.2598870056497175
300301,长方集团,0.7019230769230769,0.2980769230769231
002435,长江润发,0.8177339901477833,0.18226600985221675
300196,长海股份,0.738562091503268,0.26143790849673204
002680,长生生物,0.7711442786069652,0.22885572139303484
300115,长盈精密,0.8563829787234043,0.14361702127659576
300195,长荣股份,0.8760683760683761,0.12393162393162394
002391,长青股份,0.7446808510638298,0.2553191489361702
002616,长青集团,0.736998514115899,0.26300148588410105
002452,长高集团,0.8611111111111112,0.1388888888888889
002440,闰土股份,0.7044585987261146,0.29554140127388534
300274,阳光电源,0.8254364089775561,0.17456359102244387
300030,阳普医疗,0.815018315018315,0.18498168498168496
300121,阳谷华泰,0.7964376590330788,0.2035623409669211
300534,陇神戎发,0.7352941176470589,0.2647058823529412
002363,隆基机械,0.7509727626459144,0.2490272373540856
601012,隆基股份,0.6985743380855397,0.3014256619144603
300599,雄塑科技,0.8317757009345794,0.16822429906542055
300546,雄帝科技,0.8283261802575107,0.17167381974248927
002733,雄韬股份,0.7764127764127764,0.22358722358722355
002497,雅化集团,0.847682119205298,0.152317880794702
300261,雅本化学,0.8103448275862069,0.1896551724137931
002323,雅百特,0.5469718645684312,0.45302813543156895
300553,集智股份,0.8443708609271523,0.15562913907284767
002477,雏鹰农牧,0.8108108108108109,0.1891891891891892
002639,雪人股份,0.7967914438502673,0.20320855614973263
300511,雪榕生物,0.7612456747404844,0.23875432525951557
002076,雪莱特,0.775,0.225
002658,雪迪龙,0.8840579710144928,0.11594202898550725
300162,雷曼股份,0.890652557319224,0.10934744268077601
002577,雷柏科技,0.7774420946626385,0.22255790533736153
002413,雷科防务,0.7427536231884058,0.2572463768115942
002015,霞客环保,0.7660332541567696,0.23396674584323038
002128,露天煤业,0.7817796610169492,0.21822033898305085
002094,青岛金王,0.8244274809160306,0.17557251908396945
300132,青松股份,0.8037383177570093,0.19626168224299065
002646,青青稞酒,0.8257839721254355,0.17421602787456447
002457,青龙管业,0.8614457831325302,0.13855421686746988
002667,鞍重股份,0.7933884297520661,0.2066115702479339
002120,韵达股份,0.717948717948718,0.28205128205128205
002352,顺丰控股,0.707655213984328,0.2923447860156721
002676,顺威股份,0.8214285714285714,0.17857142857142858
002565,顺灏股份,0.865546218487395,0.13445378151260504
002138,顺络电子,0.8098159509202454,0.1901840490797546
300113,顺网科技,0.8674080410607357,0.13259195893926431
002694,顾地科技,0.7053941908713692,0.29460580912863066
300398,飞凯材料,0.761029411764706,0.23897058823529413
300287,飞利信,0.7236572365723657,0.2763427634276343
300240,飞力达,0.8624338624338624,0.13756613756613756
300602,飞荣达,0.746298519407763,0.2537014805922369
002210,飞马国际,0.8918918918918919,0.10810810810810811
002665,首航节能,0.7381316998468607,0.26186830015313933
300147,香雪制药,0.8846153846153846,0.11538461538461539
002502,骅威文化,0.7866273352999017,0.2133726647000983
002348,高乐股份,0.8678678678678678,0.13213213213213212
002827,高争民爆,0.7333333333333333,0.26666666666666666
300465,高伟达,0.7140610254797106,0.28593897452028944
002414,高德红外,0.7093253968253969,0.2906746031746032
002848,高斯贝尔,0.8888888888888888,0.1111111111111111
300098,高新兴,0.7219662058371736,0.2780337941628265
300499,高澜股份,0.6917293233082706,0.3082706766917293
300200,高盟新材,0.9058823529411765,0.09411764705882353
002778,高科石化,0.6537585421412301,0.3462414578587699
002223,鱼跃医疗,0.8379629629629629,0.16203703703703703
300423,鲁亿通,0.8192090395480226,0.1807909604519774
002088,鲁阳节能,0.8787878787878788,0.12121212121212122
300441,鲍斯股份,0.8826185101580135,0.11738148984198646
300219,鸿利智汇,0.8990825688073395,0.10091743119266056
002229,鸿博股份,0.8247978436657682,0.1752021563342318
300176,鸿特精密,0.8911222780569514,0.10887772194304857
002541,鸿路钢构,0.8303393213572854,0.16966067864271456
002002,鸿达兴业,0.811704834605598,0.18829516539440203
300375,鹏翎股份,0.8165137614678899,0.1834862385321101
300438,鹏辉能源,0.8534031413612565,0.14659685863874344
002788,鹭燕医药,0.8178930651138168,0.18210693488618315
300319,麦捷科技,0.7370689655172413,0.2629310344827586
002719,麦趣尔,0.8308270676691729,0.16917293233082706
002137,麦达数字,0.7729257641921398,0.22707423580786026
300341,麦迪电气,0.76,0.24
002817,黄山胶囊,0.7543859649122807,0.24561403508771928
002387,黑牛食品,0.8284106891701828,0.17158931082981715
002068,黑猫股份,0.7661538461538462,0.23384615384615384
002039,黔源电力,0.7593984962406015,0.24060150375939848
300378,鼎捷软件,0.8285714285714286,0.17142857142857143
300011,鼎汉技术,0.7688888888888888,0.2311111111111111
300054,鼎龙股份,0.7593840230991338,0.24061597690086622
002521,齐峰新材,0.8365019011406845,0.1634980988593156
002301,齐心集团,0.7981651376146789,0.2018348623853211
002408,齐翔腾达,0.7778217038940503,0.2221782961059498
002604,龙力生物,0.7309027777777778,0.2690972222222222
002726,龙大肉食,0.7845084409136047,0.21549155908639522
002442,龙星化工,0.8778625954198473,0.12213740458015267
002671,龙泉股份,0.6976744186046512,0.3023255813953488
002750,龙津药业,0.8954248366013072,0.10457516339869281
002682,龙洲股份,0.8473282442748091,0.15267175572519084
300105,龙源技术,0.689873417721519,0.310126582278481
002601,龙蟒佰利,0.7962813257881972,0.20371867421180273
