code,short,posA,negA
002069,ST獐岛,0.8729747245625405,0.1270252754374595
002029,七匹狼,0.8284877640660949,0.17151223593390502
002085,万丰奥威,0.8397040690505548,0.16029593094944514
002543,万和电气,0.898635477582846,0.10136452241715399
300482,万孚生物,0.8873680093859991,0.11263199061400078
002590,万安科技,0.7971014492753623,0.2028985507246377
002654,万润科技,0.9481865284974094,0.05181347150259067
002643,万润股份,0.8705202312138728,0.12947976878612716
300268,万福生科,0.7650273224043715,0.2349726775956284
000002,万科A,0.8913375251816128,0.10866247481838716
300168,万达信息,0.8365019011406845,0.1634980988593156
002739,万达院线,0.8702313006908982,0.12976869930910184
300055,万邦达,0.8659517426273459,0.13404825737265416
002434,万里扬,0.8798283261802575,0.12017167381974249
002785,万里石,0.9662447257383966,0.03375527426160337
300591,万里马,0.8903944595001505,0.10960554049984944
300552,万集科技,0.9379715004191115,0.06202849958088852
300057,万顺股份,0.8991759573436743,0.10082404265632573
002276,万马股份,0.83601756954612,0.16398243045387995
002555,三七互娱,0.8820422535211268,0.11795774647887323
300276,三丰智能,0.8551724137931035,0.14482758620689656
300051,三五互联,0.8196078431372549,0.1803921568627451
002417,三元达,0.7937701396348013,0.20622986036519872
002216,三全食品,0.8819188191881919,0.11808118081180811
300295,三六五网,0.7922802666253295,0.2077197333746706
002224,三力士,0.6585365853658537,0.34146341463414637
002112,三变科技,0.7984031936127745,0.20159680638722555
002621,三垒股份,0.9131886477462438,0.08681135225375626
002780,三夫户外,0.8485958485958486,0.1514041514041514
300066,三川智慧,0.9287531806615776,0.07124681933842239
300515,三德科技,0.878001921229587,0.12199807877041306
002857,三晖电气,0.8626373626373627,0.13736263736263737
002312,三泰控股,0.8802970729576234,0.11970292704237658
002159,三特索道,0.9069767441860465,0.09302325581395349
300408,三环集团,0.9691119691119691,0.03088803088803089
300056,三维丝,0.789804469273743,0.21019553072625702
002469,三维工程,0.9002047082906858,0.09979529170931423
002115,三维通信,0.8744588744588745,0.12554112554112554
300384,三联虹普,0.9004149377593361,0.0995850622406639
300072,三聚环保,0.8413499806690773,0.15865001933092265
002050,三花智控,0.8862144420131292,0.1137855579868709
300298,三诺生物,0.8539823008849557,0.14601769911504425
002110,三钢闽光,0.8722741433021807,0.1277258566978193
300236,上海新阳,0.8925823777035854,0.10741762229641458
002252,上海莱士,0.9282511210762332,0.07174887892376682
300226,上海钢联,0.8763796909492274,0.12362030905077263
300522,世名科技,0.8818283166109253,0.11817168338907469
002796,世嘉科技,0.9720034995625547,0.02799650043744532
002558,世纪游轮,0.8526758869512928,0.14732411304870716
300150,世纪瑞尔,0.9223880597014925,0.07761194029850746
300050,世纪鼎利,0.9444444444444444,0.05555555555555555
002285,世联行,0.8529048207663782,0.14709517923362175
002016,世荣兆业,0.9661016949152542,0.03389830508474576
002748,世龙实业,0.9163498098859315,0.08365019011406843
002017,东信和平,0.8,0.2
300354,东华测试,0.8512914166449257,0.14870858335507434
002140,东华科技,0.8220064724919094,0.1779935275080906
002221,东华能源,0.8853299787110508,0.11467002128894908
002065,东华软件,0.8796229151559101,0.12037708484408992
300353,东土科技,0.9113924050632911,0.08860759493670886
300239,东宝生物,0.9313725490196079,0.06862745098039216
300171,东富龙,0.9112008072653885,0.08879919273461151
002384,东山精密,0.889739663093415,0.11026033690658499
002819,东方中科,0.8481973434535104,0.15180265654648956
002310,东方园林,0.8662092624356775,0.13379073756432247
300166,东方国信,0.9132939733607142,0.08670602663928582
002755,东方新星,0.8446215139442231,0.1553784860557769
300118,东方日升,0.8712742980561555,0.1287257019438445
002086,东方海洋,0.9026217228464419,0.09737827715355805
300217,东方电热,0.8809523809523809,0.11904761904761904
002611,东方精工,0.8870431893687708,0.11295681063122924
300367,东方网力,0.9281582631203613,0.07184173687963868
002175,东方网络,0.9452054794520548,0.0547945205479452
300059,东方财富,0.9024072869225764,0.09759271307742355
300379,东方通,0.9387222946544981,0.061277705345501955
002545,东方铁塔,0.926463473633285,0.07353652636671505
002167,东方锆业,0.8547008547008547,0.1452991452991453
002271,东方雨虹,0.9085948158253752,0.09140518417462483
002713,东易日盛,0.9111111111111111,0.08888888888888889
002199,东晶电子,0.8764845605700713,0.12351543942992874
300486,东杰智能,0.8729096989966555,0.12709030100334448
002672,东江环保,0.8661937772045785,0.1338062227954216
002117,东港股份,0.8712121212121212,0.12878787878787878
002675,东诚药业,0.8914919852034525,0.10850801479654747
300183,东软载波,0.8959050899349407,0.10409491006505932
002793,东音股份,0.9177377892030848,0.08226221079691516
002793,东音股份,0.8704453441295547,0.12955465587044535
300512,中亚股份,0.9459459459459459,0.05405405405405406
002579,中京电子,0.819454679439941,0.18054532056005895
300018,中元股份,0.9252095422308189,0.07479045776918117
300414,中光防雷,0.9123287671232877,0.08767123287671233
002309,中利集团,0.9047619047619048,0.09523809523809523
002542,中化岩土,0.9095890410958904,0.09041095890410959
002445,中南文化,0.9340849956634866,0.06591500433651344
601985,中国核电,0.8645833333333334,0.13541666666666666
002116,中国海诚,0.7633749207020513,0.23662507929794885
002779,中坚科技,0.9093484419263456,0.0906515580736544
300270,中威电子,0.9004392386530015,0.09956076134699854
300560,中富通,0.8700787401574803,0.12992125984251968
002051,中工国际,0.8564102564102564,0.14358974358974358
002364,中恒电气,0.9152542372881356,0.0847457627118644
002021,中捷资源,0.8277511961722488,0.1722488038277512
300364,中文在线,0.9613215149073328,0.038678485092667206
300575,中旗股份,0.9222941720629048,0.07770582793709528
002080,中材科技,0.9059929494712103,0.09400705052878966
300393,中来股份,0.8963815789473685,0.10361842105263158
002145,中核钛白,0.8630952380952381,0.13690476190476192
002092,中泰化学,0.8779527559055118,0.1220472440944882
002659,中泰桥梁,0.9352629940865235,0.0647370059134765
300435,中泰股份,0.9017543859649123,0.09824561403508772
002401,中海科技,0.8899167437557817,0.11008325624421832
300177,中海达,0.9007299270072993,0.09927007299270073
300526,中潜股份,0.9410430839002267,0.05895691609977324
002129,中环股份,0.8374836173001311,0.16251638269986893
300140,中环装备,0.8610472541507024,0.13895274584929757
002298,中电鑫龙,0.9523809523809523,0.047619047619047616
002738,中矿资源,0.9251700680272109,0.07482993197278912
002306,中科云网,0.7518632178868917,0.24813678211310827
002290,中科新材,0.9253731343283582,0.07462686567164178
300035,中科电气,0.8530534351145038,0.14694656488549618
002657,中科金财,0.8922990020711731,0.10770099792882697
300062,中能电气,0.8980667838312829,0.10193321616871705
002163,中航三鑫,0.8508403361344538,0.14915966386554622
002179,中航光电,0.9252525252525252,0.07474747474747474
300114,中航电测,0.9203821656050956,0.07961783439490445
002822,中装建设,0.9341546304163126,0.06584536958368734
002471,中超控股,0.8746121750294212,0.1253878249705788
300145,中金环境,0.9467787114845938,0.05322128851540616
002057,中钢天源,0.8648285137861466,0.1351714862138534
300308,中际装备,0.864406779661017,0.13559322033898305
002511,中顺洁柔,0.8927738927738927,0.10722610722610723
300327,中颖电子,0.8794731610337972,0.1205268389662028
300489,中飞股份,0.9416909620991254,0.05830903790087463
002530,丰东股份,0.9303991811668373,0.06960081883316274
002805,丰元股份,0.912630579297246,0.08736942070275404
002618,丹邦科技,0.9048546675552366,0.09514533244476342
002374,丽鹏股份,0.8851924331376386,0.11480756686236138
300516,久之洋,0.9223300970873787,0.07766990291262135
002279,久其软件,0.9397489539748954,0.0602510460251046
300631,久吾高科,0.8531317494600432,0.1468682505399568
002037,久联发展,0.8187919463087249,0.18120805369127516
002777,久远银海,0.9100346020761245,0.08996539792387544
300446,乐凯新材,0.8995433789954338,0.1004566210045662
300562,乐心医疗,0.9254947613504074,0.07450523864959255
300003,乐普医疗,0.9075697211155378,0.09243027888446215
300104,乐视网,0.7792850595783685,0.22071494042163153
002319,乐通股份,0.863013698630137,0.136986301369863
300247,乐金健康,0.963882618510158,0.03611738148984198
002687,乔治白,0.8596491228070176,0.14035087719298245
300040,九洲电气,0.7962751805397187,0.20372481946028126
002242,九阳股份,0.8949609652235628,0.1050390347764372
002201,九鼎新材,0.926605504587156,0.07339449541284404
002195,二三四五,0.8955696202531646,0.10443037974683544
002467,二六三,0.81,0.19
002059,云南旅游,0.9112163361941402,0.08878366380585972
002053,云南能投,0.8665395614871306,0.1334604385128694
002428,云南锗业,0.8664259927797834,0.13357400722021662
002539,云图控股,0.8426666666666667,0.15733333333333333
002200,云投生态,0.8965986394557823,0.10340136054421768
002182,云海金属,0.9485294117647058,0.051470588235294115
300420,五洋科技,0.8894645941278065,0.11053540587219343
002375,亚厦股份,0.7195253505933118,0.28047464940668826
002607,亚夏汽车,0.8358038768529077,0.16419612314709237
002540,亚太科技,0.9071301700076123,0.09286982999238771
002284,亚太股份,0.8625954198473282,0.13740458015267176
002370,亚太药业,0.8850346878097126,0.11496531219028741
002559,亚威股份,0.9012841091492777,0.09871589085072231
002811,亚泰国际,0.8867102396514162,0.11328976034858387
002623,亚玛顿,0.9177602799650044,0.08223972003499562
300399,京天利,0.8670520231213873,0.1329479768786127
002662,京威股份,0.7142857142857143,0.2857142857142857
002020,京新药业,0.9032801506292736,0.09671984937072638
002686,亿利达,0.8978978978978979,0.1021021021021021
002019,亿帆医药,0.8339350180505415,0.16606498194945848
300014,亿纬锂能,0.896551724137931,0.10344827586206896
300211,亿通科技,0.9104477611940298,0.08955223880597014
002629,仁智股份,0.8403614457831325,0.15963855421686746
300532,今天国际,0.9117837487860149,0.08821625121398512
002746,仙坛股份,0.8333333333333334,0.16666666666666666
002332,仙琚制药,0.8699186991869918,0.13008130081300814
300254,仟源医药,0.8782608695652174,0.12173913043478261
002603,以岭药业,0.8758169934640523,0.12418300653594772
300311,任子行,0.916083916083916,0.08391608391608392
300415,伊之密,0.9320882852292021,0.06791171477079797
002441,众业达,0.8340943683409436,0.1659056316590563
002707,众信旅游,0.873015873015873,0.12698412698412698
,众和股份,0.7883369330453563,0.21166306695464362
002317,众生药业,0.8652434956637759,0.13475650433622416
300531,优博讯,0.8569202804466372,0.14307971955336277
300549,优德精密,0.9319727891156463,0.06802721088435375
300578,会畅通讯,0.8996138996138996,0.10038610038610038
002372,伟星新材,0.8229602510460251,0.17703974895397492
002003,伟星股份,0.8512638014417373,0.14873619855826262
002010,传化智联,0.9193326611055092,0.08066733889449078
300181,佐力药业,0.8905472636815921,0.10945273631840796
002644,佛慈制药,0.9161480510972814,0.08385194890271863
300264,佳创视讯,0.9361702127659575,0.06382978723404255
300559,佳发安泰,0.8971848225214198,0.10281517747858017
300193,佳士科技,0.8145161290322581,0.18548387096774194
300213,佳讯飞鸿,0.8956433637284701,0.10435663627152988
002495,佳隆股份,0.9023049916043352,0.09769500839566478
300249,依米康,0.8901581722319859,0.10984182776801406
002286,保龄宝,0.9374110953058321,0.06258890469416785
300469,信息发展,0.8887381275440976,0.1112618724559023
002294,信立泰,0.9029374201787995,0.0970625798212005
300136,信维通信,0.8882817243472981,0.11171827565270188
002664,信质电机,0.8336177474402731,0.16638225255972697
002390,信邦制药,0.9169054441260746,0.0830945558739255
002105,信隆健康,0.9362745098039216,0.06372549019607843
300529,健帆生物,0.8568102444703143,0.14318975552968569
300174,元力股份,0.9310344827586207,0.06896551724137931
002562,兄弟科技,0.8873239436619719,0.11267605633802817
002256,兆新股份,0.9097222222222222,0.09027777777777778
300333,兆日科技,0.8814229249011858,0.11857707509881422
002429,兆驰股份,0.9003931847968545,0.09960681520314547
300450,先导智能,0.8662952646239555,0.13370473537604458
300137,先河环保,0.855595667870036,0.1444043321299639
300541,先进数通,0.90715667311412,0.09284332688588008
300163,先锋新材,0.8348124482309786,0.16518755176902142
002767,先锋电子,0.9447513812154696,0.055248618784530384
300356,光一科技,0.9049881235154394,0.09501187648456057
002741,光华科技,0.921875,0.078125
002524,光正集团,0.8791208791208791,0.12087912087912088
002708,光洋股份,0.9607843137254902,0.0392156862745098
300383,光环新网,0.8406658739595719,0.15933412604042807
300251,光线传媒,0.7752926179163286,0.22470738208367136
002281,光迅科技,0.8666666666666667,0.13333333333333333
300227,光韵达,0.878761447884867,0.12123855211513303
002661,克明面业,0.8952095808383234,0.10479041916167664
002043,兔宝宝,0.9003880983182406,0.09961190168175937
300458,全志科技,0.8297712785901762,0.17022872140982379
002186,全聚德,0.8945260347129506,0.1054739652870494
300359,全通教育,0.9415730337078652,0.058426966292134834
002592,八菱科技,0.8787878787878788,0.12121212121212122
002655,共达电声,0.89453125,0.10546875
002436,兴森科技,0.9065420560747663,0.09345794392523364
002355,兴民智通,0.9425837320574163,0.05741626794258373
300266,兴源环境,0.8669769638099093,0.1330230361900907
300573,兴齐眼药,0.8900494777350192,0.10995052226498075
002691,冀凯股份,0.8554913294797688,0.14450867052023122
300536,农尚环境,0.9358108108108109,0.06418918918918919
300238,冠昊生物,0.8947368421052632,0.10526315789473684
002102,冠福股份,0.9164097293593696,0.08359027064063035
300533,冰川网络,0.8349073102483385,0.16509268975166141
002207,准油股份,0.7414285714285714,0.25857142857142856
002760,凤形股份,0.8423645320197044,0.15763546798029557
002823,凯中精密,0.9333333333333333,0.06666666666666667
300326,凯利泰,0.8176364727054589,0.18236352729454108
300407,凯发电气,0.875366568914956,0.12463343108504399
002012,凯恩股份,0.8974358974358975,0.10256410256410256
002425,凯撒文化,0.9301675977653632,0.06983240223463688
002072,凯瑞德,0.8931552587646077,0.10684474123539232
002549,凯美特气,0.8362551286833271,0.1637448713166729
002821,凯莱英,0.8906789413118527,0.1093210586881473
002783,凯龙股份,0.8085013146362839,0.19149868536371603
002027,分众传媒,0.7842003853564548,0.21579961464354527
300451,创业软件,0.8499867479459315,0.15001325205406837
300366,创意信息,0.9596231493943472,0.04037685060565276
002173,创新医疗,0.8702415063446582,0.12975849365534178
300250,初灵信息,0.9190314037079077,0.08096859629209231
300296,利亚德,0.9070034443168772,0.09299655568312284
002651,利君股份,0.84375,0.15625
300596,利安隆,0.9424836601307189,0.05751633986928104
002258,利尔化学,0.8116187253243091,0.1883812746756909
300289,利德曼,0.865979381443299,0.13402061855670103
002131,利欧股份,0.7243243243243244,0.2756756756756757
002734,利民股份,0.7924836601307189,0.20751633986928106
002501,利源精制,0.8244274809160306,0.17557251908396945
601366,利群股份,0.9161904761904762,0.0838095238095238
002189,利达光电,0.9353348729792148,0.06466512702078522
300421,力星股份,0.8595317725752508,0.14046822742474915
300184,力源信息,0.854318418314256,0.14568158168574402
002393,力生制药,0.9068198850861854,0.09318011491381464
002650,加加食品,0.7928802588996764,0.2071197411003236
002191,劲嘉股份,0.9093101784852871,0.09068982151471297
300400,劲拓股份,0.8526315789473684,0.14736842105263157
002638,勤上股份,0.8945578231292517,0.1054421768707483
002392,北京利尔,0.8420441347270615,0.15795586527293845
300223,北京君正,0.8531675547661338,0.14683244523386618
002350,北京科锐,0.9396378269617707,0.060362173038229376
300352,北信源,0.8978583196046128,0.10214168039538715
002246,北化股份,0.7421203438395415,0.25787965616045844
002151,北斗星通,0.872096763816509,0.12790323618349098
002307,北新路桥,0.9072,0.0928
002371,北方华创,0.9217877094972067,0.0782122905027933
002613,北玻股份,0.9177075679647319,0.08229243203526819
002148,北纬通信,0.9316962107659782,0.06830378923402179
300216,千山药机,0.8972895863052782,0.10271041369472182
002373,千方科技,0.8488372093023255,0.1511627906976744
002550,千红制药,0.8735042735042735,0.1264957264957265
002259,升达林业,0.9075144508670521,0.09248554913294797
002248,华东数控,0.8757990867579909,0.12420091324200913
002685,华东重机,0.8202676864244742,0.17973231357552583
300161,华中数控,0.8565356004250797,0.1434643995749203
300110,华仁药业,0.9338555265448216,0.06614447345517842
002018,华信国际,0.8709677419354839,0.12903225806451613
002007,华兰生物,0.8615284128020901,0.13847158719790986
300592,华凯创意,0.8784284655300222,0.12157153446997776
300045,华力创通,0.7934990439770554,0.20650095602294455
600325,华发股份,0.8883248730964467,0.1116751269035533
002185,华天科技,0.841726618705036,0.15827338129496402
000607,华媒控股,0.8989340702724042,0.10106592972759573
002042,华孚色纺,0.9171597633136095,0.08284023668639054
300271,华宇软件,0.863013698630137,0.136986301369863
002645,华宏科技,0.8860363180964309,0.1139636819035692
002064,华峰氨纶,0.8421900161030595,0.15780998389694043
300180,华峰超纤,0.9361022364217252,0.06389776357827476
002035,华帝股份,0.9560922063666301,0.043907793633369926
300291,华录百纳,0.8792067307692307,0.12079326923076923
002494,华斯股份,0.832258064516129,0.16774193548387098
002274,华昌化工,0.8591194968553459,0.14088050314465408
300278,华昌达,0.913232104121475,0.08676789587852494
002270,华明装备,0.9053627760252366,0.0946372239747634
300025,华星创业,0.8763451776649747,0.12365482233502538
300012,华测检测,0.8622066899650525,0.13779331003494757
002787,华源控股,0.8852459016393442,0.11475409836065574
300323,华灿光电,0.8600217864923748,0.13997821350762527
300133,华策影视,0.930512748669095,0.06948725133090501
002840,华统股份,0.8582434514637904,0.14175654853620956
300490,华自科技,0.8653846153846154,0.1346153846153846
300527,华舟应急,0.919732441471572,0.0802675585284281
002321,华英农业,0.8848920863309353,0.11510791366906475
300330,华虹计通,0.9065,0.0935
002630,华西能源,0.8953488372093024,0.10465116279069768
300027,华谊兄弟,0.8737960810362005,0.1262039189637994
300071,华谊嘉信,0.8613138686131386,0.1386861313868613
002758,华通医药,0.8283433133732535,0.17165668662674652
002004,华邦健康,0.9045120671563484,0.09548793284365163
300462,华铭智能,0.6530612244897959,0.3469387755102041
002806,华锋股份,0.9356913183279743,0.06430868167202572
300350,华鹏飞,0.901769210456826,0.09823078954317403
002506,协鑫集成,0.829575402635432,0.17042459736456808
002369,卓翼科技,0.8350515463917526,0.16494845360824742
002040,南京港,0.9219015280135824,0.07809847198641766
002757,南兴装备,0.9133782483156881,0.08662175168431184
300417,南华仪器,0.9181818181818182,0.08181818181818182
002305,南国置业,0.8845528455284553,0.11544715447154472
300346,南大光电,0.9077809798270894,0.09221902017291066
002314,南山控股,0.8668310727496917,0.13316892725030827
002096,南岭民爆,0.8523245214220602,0.14767547857793983
002127,南极电商,0.8830409356725146,0.11695906432748537
002389,南洋科技,0.8498896247240618,0.15011037527593818
002212,南洋股份,0.8862559241706162,0.11374407582938388
300280,南通锻压,0.8736176935229067,0.12638230647709323
300068,南都电源,0.8712541620421753,0.12874583795782463
300422,博世科,0.8773181169757489,0.12268188302425106
002297,博云新材,0.8988095238095238,0.10119047619047619
300548,博创科技,0.9406593406593406,0.05934065934065934
002698,博实股份,0.8530646515533166,0.14693534844668346
002649,博彦科技,0.8162162162162162,0.1837837837837838
300525,博思软件,0.9205058717253839,0.07949412827461608
300318,博晖创新,0.7621732444900051,0.23782675550999488
300404,博济医药,0.9065168539325843,0.09348314606741573
002282,博深工具,0.9417989417989417,0.0582010582010582
300363,博腾股份,0.868801652892562,0.13119834710743802
002268,卫士通,0.8966442953020134,0.10335570469798658
300253,卫宁健康,0.8972943125345113,0.10270568746548868
002648,卫星石化,0.918,0.082
002143,印纪传媒,0.8,0.2
300471,厚普股份,0.8837772397094431,0.1162227602905569
002718,友邦吊顶,0.8693069306930693,0.1306930693069307
002277,友阿股份,0.8885793871866295,0.11142061281337047
002481,双塔食品,0.9285714285714286,0.07142857142857142
002693,双成药业,0.8470627392244966,0.15293726077550343
002585,双星新材,0.957983193277311,0.04201680672268908
300444,双杰电气,0.9430431244914564,0.05695687550854353
300100,双林股份,0.823258577157285,0.176741422842715
002381,双箭股份,0.8975741239892183,0.10242587601078167
002395,双象股份,0.8562577447335812,0.14374225526641884
002038,双鹭药业,0.732497102733656,0.26750289726634396
300108,双龙股份,0.8924318094506339,0.10756819054936612
300551,古鳌科技,0.9327830188679245,0.06721698113207547
002782,可立克,0.8857142857142857,0.11428571428571428
300046,台基股份,0.9390581717451524,0.060941828254847646
002366,台海核电,0.9081967213114754,0.09180327868852459
002588,史丹利,0.8209366391184573,0.1790633608815427
002538,司尔特,0.8778436166245389,0.12215638337546099
002383,合众思壮,0.9019987105093488,0.09800128949065119
002228,合兴包装,0.9619500594530321,0.03804994054696789
002217,合力泰,0.8977272727272727,0.10227272727272728
300048,合康新能,0.894630192502533,0.10536980749746708
300477,合纵科技,0.8938203440220853,0.10617965597791464
002208,合肥城建,0.8761061946902655,0.12389380530973451
300597,吉大通信,0.9251263206247129,0.07487367937528709
002803,吉宏股份,0.9063829787234042,0.09361702127659574
300022,吉峰农机,0.875,0.125
000623,吉林敖东,0.9226932668329177,0.0773067331670823
300309,吉艾科技,0.8385416666666666,0.16145833333333334
002835,同为股份,0.9227799227799228,0.07722007722007722
002845,同兴达,0.8478401031592521,0.1521598968407479
300321,同大股份,0.8527746319365799,0.14722536806342015
002360,同德化工,0.8758169934640523,0.12418300653594772
300302,同有科技,0.9281632653061225,0.07183673469387755
002052,同洲电子,0.8898450946643718,0.11015490533562823
300538,同益股份,0.8845025941800135,0.11549740581998647
300506,名家汇,0.9109195402298851,0.08908045977011494
002830,名雕股份,0.8488264155947487,0.15117358440525128
300111,向日葵,0.8787878787878788,0.12121212121212122
002232,启明信息,0.8825531914893617,0.1174468085106383
002439,启明星辰,0.8594847775175644,0.14051522248243561
300500,启迪设计,0.9435483870967742,0.056451612903225805
300292,吴通控股,0.8943661971830986,0.1056338028169014
300550,和仁科技,0.9013150744484295,0.09868492555157049
300273,和佳股份,0.8843995510662177,0.11560044893378227
300279,和晶科技,0.9136069114470843,0.08639308855291576
002816,和科达,0.819935691318328,0.18006430868167203
002824,和胜股份,0.8421673373109477,0.1578326626890523
300141,和顺电气,0.8879781420765027,0.11202185792349727
002615,哈尔斯,0.8812785388127854,0.1187214611872146
002567,唐人神,0.8830409356725146,0.11695906432748537
300426,唐德影视,0.9164179104477612,0.08358208955223881
002462,嘉事堂,0.8836509528585758,0.11634904714142427
300117,嘉寓股份,0.8251748251748252,0.17482517482517482
002198,嘉应制药,0.8758169934640523,0.12418300653594772
002404,嘉欣丝绸,0.87882096069869,0.12117903930131005
002486,嘉麟杰,0.885380379817957,0.11461962018204293
300468,四方精创,0.9396681749622926,0.06033182503770739
300179,四方达,0.7891737891737892,0.21082621082621084
002405,四维图新,0.893509857533458,0.10649014246654195
300428,四通新材,0.9193625803974272,0.08063741960257272
300041,回天新材,0.9053227633069083,0.09467723669309173
002586,围海股份,0.8562874251497006,0.1437125748502994
002736,国信证券,0.8538302277432712,0.14616977225672878
002045,国光电器,0.8740239458615304,0.12597605413846955
002749,国光股份,0.8983050847457628,0.1016949152542373
002377,国创高新,0.9144385026737968,0.0855614973262032
002449,国星光电,0.8948751642575559,0.10512483574244415
300077,国民技术,0.8839622641509434,0.1160377358490566
300285,国瓷材料,0.8826979472140762,0.11730205278592376
300388,国祯环保,0.828169014084507,0.17183098591549295
002205,国统股份,0.8700906344410876,0.1299093655589124
300094,国联水产,0.9205714285714286,0.07942857142857143
002093,国脉科技,0.8571428571428571,0.14285714285714285
002074,国轩高科,0.8855721393034826,0.11442786069651742
002299,圣农发展,0.8976744186046511,0.10232558139534884
002473,圣莱达,0.9354838709677419,0.06451612903225806
002580,圣阳股份,0.8813131313131313,0.11868686868686869
300403,地尔汉宇,0.8405107824613981,0.15948921753860187
002791,坚朗五金,0.8915871639202082,0.10841283607979185
300116,坚瑞沃能,0.9226305609284333,0.07736943907156674
002747,埃斯顿,0.9198931909212283,0.0801068090787717
002447,壹桥股份,0.9015918958031838,0.09840810419681621
002761,多喜爱,0.889168765743073,0.11083123425692695
002407,多氟多,0.8781362007168458,0.12186379928315412
002263,大东南,0.8740740740740741,0.1259259259259259
002385,大北农,0.9333333333333333,0.06666666666666667
002236,大华股份,0.9533799533799534,0.046620046620046623
300134,大富科技,0.8997912317327766,0.10020876826722339
002505,大康农业,0.8666666666666667,0.13333333333333333
002008,大族激光,0.8947368421052632,0.10526315789473684
002249,大洋电机,0.923777961888981,0.07622203811101906
002077,大港股份,0.8547486033519553,0.1452513966480447
300021,大禹节水,0.9103274559193955,0.08967254408060453
002606,大连电瓷,0.8861578266494179,0.11384217335058215
002204,大连重工,0.9018691588785047,0.09813084112149532
002487,大金重工,0.8571428571428571,0.14285714285714285
002459,天业通联,0.9071310116086235,0.09286898839137644
300390,天华超净,0.8818380743982495,0.11816192560175055
002386,天原集团,0.907608695652174,0.09239130434782608
300397,天和防务,0.8761904761904762,0.12380952380952381
300205,天喻信息,0.8461751662971175,0.15382483370288247
300332,天壕环境,0.8583234946871311,0.14167650531286896
002009,天奇股份,0.6809623430962343,0.31903765690376573
002238,天威视讯,0.9085872576177285,0.09141274238227147
300394,天孚通信,0.8857142857142857,0.11428571428571428
002220,天宝股份,0.8260869565217391,0.17391304347826086
300313,天山生物,0.9036396962555643,0.09636030374443572
002509,天广中茂,0.905583295506128,0.09441670449387199
002100,天康生物,0.8509601605044426,0.14903983949555746
300169,天晟新材,0.9323671497584541,0.06763285024154589
002510,天汽模,0.8785425101214575,0.1214574898785425
002564,天沃科技,0.8903900076472088,0.10960999235279123
300209,天泽信息,0.9175257731958762,0.08247422680412371
002134,天津普林,0.7857142857142857,0.21428571428571427
300008,天海防务,0.90104662226451,0.09895337773549001
002113,天润数娱,0.9151943462897526,0.08480565371024736
002283,天润曲轴,0.8910454344949272,0.10895456550507279
300047,天源迪科,0.821300929235168,0.17869907076483202
300245,天玑科技,0.779467680608365,0.22053231939163498
300165,天瑞仪器,0.8486486486486486,0.15135135135135136
002354,天神娱乐,0.9126784214945424,0.0873215785054576
300362,天翔环境,0.9090909090909091,0.09090909090909091
300569,天能重工,0.8272082527401676,0.17279174725983237
300148,天舟文化,0.8810861423220974,0.11891385767790262
002419,天虹商场,0.892572387746538,0.10742761225346202
002709,天赐材料,0.855191256830601,0.1448087431693989
002124,天邦股份,0.9099099099099099,0.09009009009009009
300587,天铁股份,0.8849736735520454,0.11502632644795464
300342,天银机电,0.9041533546325878,0.09584664536741214
002759,天际股份,0.863744075829384,0.1362559241706161
002800,天顺股份,0.9250936329588015,0.0749063670411985
002531,天顺风能,0.9236155315085932,0.07638446849140675
002453,天马精化,0.9038461538461539,0.09615384615384616
002122,天马股份,0.9370629370629371,0.06293706293706294
002466,天齐锂业,0.9046153846153846,0.09538461538461539
300029,天龙光电,0.8444444444444444,0.15555555555555556
002433,太安堂,0.9466666666666667,0.05333333333333334
002368,太极股份,0.9137724550898204,0.08622754491017964
300344,太空板业,0.9468791500664011,0.05312084993359894
300570,太辰光,0.9207920792079208,0.07920792079207921
002300,太阳电缆,0.8707865168539326,0.12921348314606743
300123,太阳鸟,0.7870099473376243,0.21299005266237567
002781,奇信股份,0.9560439560439561,0.04395604395604396
002287,奇正藏药,0.8393977415307403,0.1606022584692597
300082,奥克股份,0.8742857142857143,0.12571428571428572
002587,奥拓电子,0.9827027027027027,0.017297297297297298
002338,奥普光电,0.9013906447534766,0.0986093552465234
002239,奥特佳,0.9247648902821317,0.07523510971786834
002227,奥特迅,0.889308176100629,0.11069182389937107
002701,奥瑞金,0.8867521367521367,0.11324786324786325
002231,奥维通信,0.8661202185792349,0.13387978142076504
300585,奥联电子,0.9177570093457944,0.08224299065420561
002292,奥飞娱乐,0.8818025116966265,0.11819748830337355
002668,奥马电器,0.8472222222222222,0.1527777777777778
002729,好利来,0.861271676300578,0.13872832369942195
002582,好想你,0.8729096989966555,0.12709030100334448
002605,姚记扑克,0.8674556213017751,0.13254437869822486
002308,威创股份,0.8920297084580423,0.10797029154195766
002058,威尔泰,0.8764478764478765,0.12355212355212356
002111,威海广泰,0.8557258791704238,0.1442741208295762
002083,孚日股份,0.821656050955414,0.17834394904458598
002164,宁波东力,0.8857142857142857,0.11428571428571428
002048,宁波华翔,0.782016348773842,0.21798365122615804
002142,宁波银行,0.8665554628857381,0.13344453711426188
002289,宇顺电子,0.9037111334002006,0.09628886659979939
300218,安利股份,0.6403326403326404,0.3596673596673597
002235,安妮股份,0.9322873658133773,0.06771263418662263
300155,安居宝,0.8381962864721485,0.16180371352785147
300370,安控科技,0.8956223229058745,0.10437767709412546
300380,安硕信息,0.8179487179487179,0.18205128205128204
300286,安科瑞,0.8716577540106952,0.12834224598930483
300009,安科生物,0.886159216002148,0.11384078399785207
002136,安纳达,0.9080459770114943,0.09195402298850575
300067,安诺其,0.9293598233995585,0.0706401766004415
300572,安车检测,0.9043775225085378,0.09562247749146228
300144,宋城演艺,0.8850491837050007,0.11495081629499922
002624,完美世界,0.9262672811059908,0.07373271889400922
002683,宏大爆破,0.8376383763837638,0.16236162361623616
002062,宏润建设,0.9564541213063764,0.04354587869362364
002211,宏达新材,0.8253968253968254,0.1746031746031746
002144,宏达高科,0.8951965065502183,0.10480349344978165
300328,宜安科技,0.8940809968847352,0.1059190031152648
002627,宜昌交运,0.8468526930564568,0.15314730694354314
300310,宜通世纪,0.835,0.165
300135,宝利国际,0.8156996587030717,0.18430034129692832
300023,宝德股份,0.8915779283639884,0.10842207163601161
300402,宝色股份,0.8477046126876301,0.15229538731236988
002476,宝莫股份,0.8854961832061069,0.11450381679389313
300246,宝莱特,0.9118727050183598,0.08812729498164015
300031,宝通科技,0.8509485094850948,0.14905149051490515
600019,宝钢股份,0.8628785827563532,0.13712141724364676
002514,宝馨科技,0.8702201622247973,0.12977983777520277
002047,宝鹰股份,0.9797979797979798,0.020202020202020204
002552,宝鼎科技,0.8551859099804305,0.14481409001956946
300612,宣亚国际,0.8444816053511706,0.15551839464882944
300576,容大感光,0.9,0.1
300432,富临精工,0.825,0.175
002357,富临运业,0.8855098389982111,0.11449016100178891
002327,富安娜,0.7752808988764045,0.2247191011235955
300299,富春股份,0.9134948096885813,0.08650519031141868
002818,富森美,0.885593220338983,0.11440677966101695
002743,富煌钢构,0.8957585988605191,0.10424140113948091
300228,富瑞特装,0.8218527315914489,0.17814726840855105
300497,富祥股份,0.8518896833503575,0.1481103166496425
300387,富邦股份,0.9197041732699419,0.08029582673005811
300267,尔康制药,0.8945386064030132,0.10546139359698682
002551,尚荣医疗,0.8497948879772799,0.1502051120227201
002427,尤夫股份,0.9140779907468606,0.08592200925313945
002490,山东墨龙,0.8867924528301887,0.11320754716981132
002193,山东如意,0.8855721393034826,0.11442786069651742
002026,山东威达,0.9303944315545244,0.06960556844547564
002526,山东矿机,0.7836041358936484,0.21639586410635156
002598,山东章鼓,0.8408163265306122,0.15918367346938775
002097,山河智能,0.757347400150716,0.24265259984928414
300452,山河药辅,0.8271221532091098,0.17287784679089027
002500,山西证券,0.8151260504201681,0.18487394957983194
300492,山鼎设计,0.9501779359430605,0.0498220640569395
002717,岭南园林,0.9453125,0.0546875
002253,川大智胜,0.6911764705882353,0.3088235294117647
002272,川润股份,0.8511937812326485,0.14880621876735148
300547,川环科技,0.8642251004912908,0.13577489950870925
300505,川金诺,0.9149797570850202,0.08502024291497975
002342,巨力索具,0.8604651162790697,0.13953488372093023
002444,巨星科技,0.919496855345912,0.08050314465408805
002031,巨轮智能,0.887130075705437,0.11286992429456297
002619,巨龙管业,0.7521367521367521,0.24786324786324787
002188,巴士在线,0.912621359223301,0.08737864077669903
300262,巴安水务,0.9053254437869822,0.09467455621301775
002485,希努尔,0.8735275883446993,0.12647241165530068
002798,帝王洁具,0.9016393442622951,0.09836065573770492
002247,帝龙文化,0.9426464563703401,0.05735354362965998
002478,常宝股份,0.8577777777777778,0.14222222222222222
300255,常山药业,0.8986486486486487,0.10135135135135136
002160,常铝股份,0.9177679882525698,0.08223201174743025
300571,平治信息,0.8265582655826558,0.17344173441734417
300528,幸福蓝海,0.9544364508393285,0.045563549160671464
002101,广东鸿图,0.9128065395095368,0.08719346049046321
300537,广信材料,0.8895927784974094,0.11040722150259066
002103,广博股份,0.8602739726027397,0.13972602739726028
002133,广宇集团,0.9403973509933775,0.059602649006622516
002482,广田集团,0.8862590950907419,0.11374090490925817
600831,广电网络,0.9224376731301939,0.07756232686980609
002152,广电运通,0.8308776425368354,0.16912235746316465
002187,广百股份,0.8931297709923665,0.10687022900763359
002410,广联达,0.8871391076115486,0.11286089238845144
002367,康力电梯,0.8406105342174403,0.15938946578255975
002773,康弘药业,0.8282208588957055,0.17177914110429449
002119,康强电子,0.8816568047337278,0.11834319526627218
002450,康得新,0.826722338204593,0.1732776617954071
300455,康拓红外,0.9324324324324325,0.06756756756756757
300445,康斯特,0.9,0.1
600076,康欣新材,0.9308855291576674,0.06911447084233262
300601,康泰生物,0.8966789667896679,0.1033210332103321
002418,康盛股份,0.9278412507516537,0.07215874924834637
300061,康耐特,0.9618320610687023,0.03816793893129771
300086,康芝药业,0.8883349950149552,0.11166500498504486
002669,康达新材,0.8651685393258427,0.1348314606741573
002178,延华智能,0.8448343079922027,0.15516569200779728
300107,建新股份,0.8601165695253955,0.1398834304746045
002398,建研集团,0.9265536723163842,0.07344632768361582
002789,建艺集团,0.958974358974359,0.041025641025641026
300338,开元仪器,0.8486997635933806,0.15130023640661938
300234,开尔新材,0.8651976668826962,0.13480233311730397
300577,开润股份,0.896236012207528,0.10376398779247202
300633,开立医疗,0.9506660088801184,0.0493339911198816
300272,开能环保,0.8498168498168498,0.15018315018315018
002833,弘亚数控,0.8833922261484098,0.1166077738515901
002839,张家港行,0.8640955004591369,0.13590449954086317
300429,强力新材,0.8918918918918919,0.10810810810810811
300073,当升科技,0.9118236472945892,0.08817635270541083
002561,徐家汇,0.8953488372093024,0.10465116279069768
002330,得利斯,0.8845771144278607,0.1154228855721393
002055,得润电子,0.9085545722713865,0.09144542772861357
002177,御银股份,0.8857142857142857,0.11428571428571428
002801,微光股份,0.9324324324324325,0.06756756756756757
002571,德力股份,0.6148976577336991,0.3851023422663009
002260,德奥通航,0.910080454330336,0.08991954566966398
300325,德威新材,0.9267822736030829,0.07321772639691715
002631,德尔未来,0.8867438867438867,0.11325611325611326
300473,德尔股份,0.9342915811088296,0.06570841889117043
002054,德美化工,0.8542199488491049,0.14578005115089515
002666,德联集团,0.7472118959107806,0.2527881040892193
002005,德豪润达,0.7745098039215687,0.22549019607843138
000049,德赛电池,0.9213759213759214,0.07862407862407862
002411,必康股份,0.8576449912126538,0.14235500878734622
300413,快乐购,0.9118942731277533,0.0881057268722467
300078,思创医惠,0.9016393442622951,0.09836065573770492
300608,思特奇,0.8904109589041096,0.1095890410958904
002712,思美传媒,0.9044516829533116,0.09554831704668838
002183,怡亚通,0.8554595443833464,0.14454045561665357
300081,恒信移动,0.8734622144112478,0.1265377855887522
002492,恒基达鑫,0.8930817610062893,0.1069182389937107
002591,恒大高新,0.8625,0.1375
002104,恒宝股份,0.8577777777777778,0.14222222222222222
002219,恒康医疗,0.847457627118644,0.15254237288135594
002132,恒星科技,0.8994413407821229,0.1005586592178771
300513,恒泰实达,0.8688524590163934,0.13114754098360656
300157,恒泰艾普,0.8340740740740741,0.16592592592592592
300374,恒通科技,0.9159935379644588,0.0840064620355412
002237,恒邦股份,0.8567164179104477,0.14328358208955225
300605,恒锋信息,0.9280442804428044,0.07195571955719557
300488,恒锋工具,0.8314785373608903,0.1685214626391097
300208,恒顺众昇,0.8406106184756987,0.15938938152430127
002262,恩华药业,0.8782631509904237,0.12173684900957629
002162,悦心健康,0.9164696611505122,0.08353033884948778
300460,惠伦晶体,0.7683284457478006,0.2316715542521994
002554,惠博普,0.9142125480153649,0.08578745198463508
002343,慈文传媒,0.9216799091940976,0.07832009080590238
300307,慈星股份,0.8674948240165632,0.13250517598343686
002628,成都路桥,0.8969072164948454,0.10309278350515463
002190,成飞集成,0.9065573770491804,0.09344262295081968
300357,我武生物,0.9011627906976745,0.09883720930232558
300314,戴维医疗,0.8949880668257757,0.10501193317422435
002652,扬子新材,0.8562259306803595,0.14377406931964057
300373,扬杰科技,0.9529411764705882,0.047058823529411764
002154,报喜鸟,0.8940493468795355,0.10595065312046444
300229,拓尔思,0.9303391384051329,0.06966086159486709
300607,拓斯达,0.8998577524893314,0.10014224751066857
002218,拓日新能,0.8802006491590441,0.11979935084095604
002261,拓维信息,0.9276018099547512,0.07239819004524888
002139,拓邦股份,0.9086859688195991,0.09131403118040089
001979,招商蛇口,0.9176755447941889,0.08232445520581114
300158,振东制药,0.954954954954955,0.04504504504504504
300101,振芯科技,0.8797509126046811,0.12024908739531888
300182,捷成股份,0.9393939393939394,0.06060606060606061
002609,捷顺科技,0.9611003056404557,0.03889969435954432
300315,掌趣科技,0.8563936675979023,0.14360633240209775
300005,探路者,0.9180373884241846,0.08196261157581541
002451,摩恩电气,0.8851063829787233,0.1148936170212766
002656,摩登大道,0.9116279069767442,0.08837209302325581
300075,数字政通,0.8305084745762712,0.1694915254237288
300579,数字认证,0.8959537572254336,0.10404624277456648
300079,数码视讯,0.8741478762454117,0.12585212375458837
300089,文化长城,0.8847262247838616,0.11527377521613832
002775,文科园林,0.8343895226024504,0.16561047739754967
300382,斯莱克,0.917098445595855,0.08290155440414508
002388,新亚制程,0.8557213930348259,0.14427860696517414
300472,新元科技,0.9083333333333333,0.09166666666666666
002147,新光圆成,0.8897058823529411,0.11029411764705882
300519,新光药业,0.9061913696060038,0.09380863039399624
002376,新北洋,0.9085487077534792,0.09145129224652088
002264,新华都,0.8961038961038961,0.1038961038961039
002001,新和成,0.9238095238095239,0.0761904761904762
300130,新国都,0.9352703199705774,0.06472968002942259
300259,新天科技,0.9079526226734349,0.09204737732656515
300013,新宁物流,0.8838348495451365,0.11616515045486354
002836,新宏泽,0.9440559440559441,0.055944055944055944
300037,新宙邦,0.8634956374894455,0.1365043625105545
002705,新宝股份,0.949685534591195,0.050314465408805034
300248,新开普,0.939679547596607,0.060320452403393024
300109,新开源,0.8448275862068966,0.15517241379310345
300336,新文化,0.9629629629629629,0.037037037037037035
002527,新时达,0.8705114254624592,0.1294885745375408
300502,新易盛,0.938337801608579,0.06166219839142091
300542,新晨科技,0.9001085776330076,0.0998914223669924
002328,新朋股份,0.9192982456140351,0.08070175438596491
002089,新海宜,0.8736842105263158,0.12631578947368421
002532,新界泵业,0.8609574972349502,0.13904250276504979
002700,新疆浩源,0.8894472361809045,0.11055276381909548
300159,新研股份,0.8780487804878049,0.12195121951219512
002480,新筑股份,0.9112627986348123,0.08873720136518772
002341,新纶科技,0.8856304985337243,0.11436950146627566
300509,新美星,0.8636090767198944,0.13639092328010566
300260,新莱应材,0.9145473041709054,0.08545269582909461
002087,新野纺织,0.955456570155902,0.044543429844097995
300593,新雷能,0.871931696905016,0.128068303094984
002196,方正电机,0.9259259259259259,0.07407407407407407
300235,方直科技,0.9268495428096426,0.07315045719035744
002593,日上集团,0.8857142857142857,0.11428571428571428
002520,日发精机,0.9125248508946322,0.0874751491053678
603218,日月股份,0.863517060367454,0.13648293963254593
300470,日机密封,0.7938144329896907,0.20618556701030927
002313,日海通讯,0.837953091684435,0.16204690831556504
600017,日照港,0.8741351782863225,0.1258648217136775
300214,日科化学,0.838748984565394,0.16125101543460604
002516,旷达科技,0.9173184357541899,0.08268156424581005
300418,昆仑万维,0.8528735632183908,0.1471264367816092
002752,昇兴股份,0.825,0.175
300503,昊志机电,0.8281786941580757,0.1718213058419244
300151,昌红科技,0.9432314410480349,0.056768558951965066
300242,明家联合,0.8903225806451613,0.10967741935483871
002574,明牌珠宝,0.8514492753623188,0.14855072463768118
300125,易世达,0.8122866894197952,0.18771331058020477
300376,易事特,0.9193462426718778,0.08065375732812223
300212,易华录,0.9049295774647887,0.09507042253521127
002826,易明医药,0.8404053198226725,0.15959468017732742
300096,易联众,0.9076770499932381,0.09232295000676194
300464,星徽精密,0.9263803680981595,0.0736196319018405
300256,星星科技,0.9235668789808917,0.07643312101910828
002291,星期六,0.9243098842386465,0.07569011576135352
300143,星河生物,0.8590998043052838,0.14090019569471623
300568,星源材质,0.9066937119675457,0.09330628803245436
002829,星网宇达,0.9052523171987642,0.09474768280123584
002396,星网锐捷,0.8580645161290322,0.14193548387096774
300043,星辉娱乐,0.9347724801987887,0.06522751980121137
002547,春兴精工,0.8890510948905109,0.11094890510948906
300139,晓程科技,0.9064327485380117,0.0935672514619883
300138,晨光生物,0.8362183754993342,0.16378162450066577
300610,晨化股份,0.9285714285714286,0.07142857142857142
300581,晨曦航空,0.8863232682060391,0.11367673179396093
300442,普丽盛,0.8428835489833642,0.15711645101663585
002324,普利特,0.9335180055401662,0.0664819944598338
002769,普路通,0.8704156479217604,0.1295843520782396
002663,普邦园林,0.9152404237978811,0.08475957620211899
002067,景兴纸业,0.8153329602686066,0.1846670397313934
300474,景嘉微,0.8811188811188811,0.11888111888111888
300316,晶盛机电,0.9342969776609724,0.0657030223390276
300097,智云股份,0.9223744292237442,0.0776255707762557
002169,智光电气,0.8702153110047847,0.1297846889952153
300173,智慧松德,0.7746096401900883,0.22539035980991173
300122,智飞生物,0.937748344370861,0.06225165562913907
300431,暴风集团,0.8393817204301075,0.16061827956989247
002612,朗姿股份,0.8743169398907104,0.12568306010928962
300175,朗源股份,0.8792270531400966,0.12077294685990338
300288,朗玛信息,0.8711864406779661,0.1288135593220339
300543,朗科智能,0.8774933249568085,0.12250667504319145
300042,朗科科技,0.8886780518659076,0.11132194813409235
002745,木林森,0.8589786946229286,0.14102130537707136
002581,未名医药,0.9014373716632443,0.09856262833675565
300024,机器人,0.882454128440367,0.11754587155963303
300478,杭州高新,0.9001883239171374,0.09981167608286252
002430,杭氧股份,0.8712574850299402,0.12874251497005987
002534,杭锅股份,0.7629738682370261,0.23702613176297385
002353,杰瑞股份,0.8280542986425339,0.17194570135746606
002544,杰赛科技,0.8907103825136612,0.1092896174863388
002454,松芝股份,0.8726475895849446,0.12735241041505543
002535,林州重机,0.8767772511848341,0.12322274881516587
002776,柏堡龙,0.9144011354951415,0.08559886450485862
002346,柘中股份,0.920814479638009,0.07918552036199095
002082,栋梁新材,0.798590130916415,0.2014098690835851
002340,格林美,0.8217079799061188,0.17829202009388126
002820,桂发祥,0.9139454475605071,0.08605455243949289
002275,桂林三金,0.8844444444444445,0.11555555555555555
300275,梅安森,0.9115853658536586,0.08841463414634146
300038,梅泰诺,0.8830313014827018,0.11696869851729819
002397,梦洁股份,0.8488188976377953,0.15118110236220472
002123,梦网荣信,0.8525,0.1475
002634,棒杰股份,0.8528172722485519,0.14718272775144814
002431,棕榈股份,0.9066168623265741,0.09338313767342582
002358,森源电气,0.8989719957461892,0.1010280042538107
300210,森远股份,0.889060092449923,0.11093990755007704
002563,森马服饰,0.8685714285714285,0.13142857142857142
300358,楚天科技,0.8736842105263158,0.12631578947368421
002171,楚江新材,0.8948233360723089,0.10517666392769104
002474,榕基软件,0.9240506329113924,0.0759493670886076
002056,横店东磁,0.9105545617173525,0.08944543828264759
300539,横河模具,0.9454958364875095,0.05450416351249054
300615,欣天科技,0.8935912938331319,0.10640870616686819
300207,欣旺达,0.9181286549707602,0.08187134502923976
300372,欣泰电气,0.7007279590186034,0.29927204098139665
300595,欧普康视,0.7368421052631579,0.2631578947368421
300053,欧比特,0.915527950310559,0.084472049689441
002711,欧浦智网,0.9039262882728991,0.09607371172710097
002456,欧菲光,0.8600066822586034,0.1399933177413966
002241,歌尔股份,0.8582773365913255,0.1417226634086744
300410,正业科技,0.9062447681232212,0.09375523187677884
300224,正海磁材,0.8563300142247511,0.14366998577524892
002157,正邦科技,0.8976109215017065,0.10238907849829351
002569,步森股份,0.916030534351145,0.08396946564885496
002251,步步高,0.8461538461538461,0.15384615384615385
002194,武汉凡谷,0.8622174381054898,0.1377825618945102
002420,毅昌股份,0.9371069182389937,0.06289308176100629
002594,比亚迪,0.8968692449355433,0.10313075506445672
002832,比音勒芬,0.9172413793103448,0.08275862068965517
002234,民和股份,0.7149321266968326,0.2850678733031674
002647,民盛金科,0.9313531353135314,0.06864686468646865
002273,水晶光电,0.8894230769230769,0.11057692307692307
002753,永东股份,0.8752436647173489,0.12475633528265107
002756,永兴特钢,0.8872901678657075,0.11270983213429256
300230,永利股份,0.8957441450516243,0.10425585494837572
002795,永和智控,0.8634713144517067,0.1365286855482934
002326,永太科技,0.9166868491160087,0.08331315088399129
002365,永安药业,0.8486486486486486,0.15135135135135136
300187,永清环保,0.8588838999358563,0.14111610006414368
300351,永贵电器,0.8695652173913043,0.13043478260869565
002641,永高股份,0.8955223880597015,0.1044776119402985
300371,汇中股份,0.861671469740634,0.138328530259366
300282,汇冠股份,0.9065646395489327,0.09343536045106726
300124,汇川技术,0.8122699386503067,0.18773006134969325
002763,汇洁股份,0.935064935064935,0.06493506493506493
300609,汇纳科技,0.9186440677966101,0.08135593220338982
300368,汇金股份,0.9065420560747663,0.09345794392523364
300007,汉威电子,0.8863174989849777,0.11368250101502234
300170,汉得信息,0.9327559857361182,0.06724401426388181
002412,汉森制药,0.911504424778761,0.08849557522123894
002498,汉缆股份,0.8640483383685801,0.13595166163141995
300449,汉邦高科,0.8694390715667312,0.13056092843326886
002158,汉钟精机,0.8488559059987631,0.15114409400123685
300300,汉鼎宇佑,0.8906934777004383,0.10930652229956174
002226,江南化工,0.7490494296577946,0.2509505703422053
002601,江山化工,0.8848314606741573,0.1151685393258427
002484,江海股份,0.9234266570949988,0.0765733429050012
002600,江粉磁材,0.8763575605680869,0.12364243943191311
002091,江苏国泰,0.8952380952380953,0.10476190476190476
002438,江苏神通,0.8811369509043928,0.11886304909560723
002807,江阴银行,0.8615626638699528,0.1384373361300472
300589,江龙船艇,0.9142136248948697,0.08578637510513036
002130,沃尔核材,0.8855140186915887,0.11448598130841121
300483,沃施股份,0.9388145315487572,0.06118546845124283
300142,沃森生物,0.9150125803746156,0.0849874196253844
002075,沙钢股份,0.8876678876678876,0.11233211233211234
002108,沧州明珠,0.8870967741935484,0.11290322580645161
002463,沪电股份,0.7897831679529584,0.21021683204704153
002254,泰和新材,0.9046563192904656,0.09534368070953436
002843,泰嘉股份,0.8765880217785844,0.12341197822141561
002347,泰尔股份,0.8487179487179487,0.15128205128205127
300347,泰格医药,0.7506775067750677,0.24932249322493225
300129,泰胜风能,0.9205183585313175,0.0794816414686825
002304,洋河股份,0.8381914755797384,0.1618085244202617
300334,津膜科技,0.9117647058823529,0.08823529411764706
002802,洪汇新材,0.9343963553530752,0.06560364464692484
002325,洪涛股份,0.916955017301038,0.08304498269896193
300232,洲明科技,0.8610717323504394,0.13892826764956054
002557,洽洽食品,0.9513841998649561,0.048615800135043886
002098,浔兴股份,0.8565545641729582,0.14344543582704186
002266,浙富控股,0.9175257731958762,0.08247422680412371
002522,浙江众成,0.8800959232613909,0.11990407673860912
002489,浙江永强,0.8329355608591885,0.16706443914081145
002677,浙江美大,0.8907363420427553,0.10926365795724466
300448,浩云科技,0.8991596638655462,0.10084033613445378
002203,海亮股份,0.8729139922978177,0.12708600770218229
300201,海伦哲,0.8530424799081515,0.14695752009184845
300329,海伦钢琴,0.909952606635071,0.09004739336492891
300065,海兰信,0.9000449236298292,0.09995507637017072
603639,海利尔,0.8857142857142857,0.11428571428571428
002206,海利得,0.8106870229007633,0.18931297709923664
002596,海南瑞泽,0.9126050420168067,0.08739495798319327
002311,海大集团,0.8992592592592593,0.10074074074074074
002344,海宁皮城,0.8432760364004045,0.15672396359959556
002320,海峡股份,0.9238578680203046,0.07614213197969542
002184,海得控制,0.8203902827558742,0.17960971724412586
002653,海思科,0.7640492851929764,0.23595071480702356
002399,海普瑞,0.8672124600638977,0.13278753993610223
002465,海格通信,0.8840579710144928,0.11594202898550725
002702,海欣食品,0.8758909853249476,0.1241090146750524
300517,海波重科,0.8088235294117647,0.19117647058823528
002724,海洋王,0.8137393767705382,0.18626062322946177
002529,海源机械,0.8709280885064535,0.1290719114935464
002023,海特高新,0.8435754189944135,0.1564245810055866
002537,海立美达,0.8779884583676835,0.12201154163231658
002099,海翔药业,0.8243801652892563,0.17561983471074383
300277,海联讯,0.8486137098145943,0.1513862901854057
600387,海越股份,0.7561904761904762,0.2438095238095238
300584,海辰药业,0.8524229074889867,0.14757709251101322
300320,海达股份,0.8870829769033362,0.11291702309666382
300501,海顺新材,0.9,0.1
002084,海鸥卫浴,0.9125799573560768,0.08742004264392324
300339,润和软件,0.8687507553478628,0.13124924465213714
300493,润欣科技,0.8561278863232682,0.1438721136767318
002483,润邦股份,0.9206349206349206,0.07936507936507936
002507,涪陵榨菜,0.8941798941798942,0.10582010582010581
300540,深冷股份,0.8041884816753927,0.19581151832460733
002168,深圳惠程,0.8496355964710395,0.1503644035289605
002573,清新环境,0.9119496855345912,0.0880503144654088
300283,温州宏丰,0.8739014138326328,0.12609858616736722
300498,温氏股份,0.840630472854641,0.159369527145359
002174,游族网络,0.9655172413793104,0.034482758620689655
002155,湖南黄金,0.8860759493670886,0.11392405063291139
002125,湘潭电化,0.8543891638447513,0.14561083615524878
300381,溢多利,0.9267935578330894,0.07320644216691069
002244,滨江集团,0.9172976121141526,0.08270238788584741
002351,漫步者,0.8352595083000631,0.164740491699937
300191,潜能恒信,0.8672386543237751,0.13276134567622488
002345,潮宏基,0.9133574007220217,0.08664259927797834
002172,澳洋科技,0.9133574007220217,0.08664259927797834
300566,激智科技,0.9018518518518519,0.09814814814814815
002225,濮耐股份,0.82884195193008,0.17115804806991988
300481,濮阳惠成,0.9522673031026253,0.0477326968973747
300360,炬华科技,0.8979624995937998,0.10203750040620023
002315,焦点科技,0.9132007233273056,0.0867992766726944
002695,煌上煌,0.8942115768463074,0.10578842315369262
300588,熙菱信息,0.9027552674230146,0.09724473257698542
002732,燕塘乳业,0.8848063555114201,0.11519364448857994
002403,爱仕达,0.9023474178403755,0.09765258215962441
300521,爱司凯,0.7764705882352941,0.2235294117647059
300015,爱尔眼科,0.8586168147921136,0.14138318520788642
002610,爱康科技,0.932336742722266,0.06766325727773406
002416,爱施德,0.8946050865290426,0.10539491347095743
002714,牧原股份,0.8698328935795955,0.13016710642040458
002728,特一药业,0.9107312440645774,0.0892687559354226
002213,特尔佳,0.7756410256410257,0.22435897435897437
300001,特锐德,0.8853006681514477,0.11469933184855234
002684,猛狮科技,0.9334341906202723,0.06656580937972768
002735,王子新材,0.9124620060790274,0.08753799392097264
002799,环球印务,0.8847945785684033,0.11520542143159677
300425,环能科技,0.890485968514716,0.10951403148528406
300317,珈伟股份,0.8674156260155054,0.1325843739844947
002461,珠江啤酒,0.8983050847457628,0.1016949152542373
300557,理工光科,0.8523399222841697,0.1476600777158304
002322,理工环科,0.941747572815534,0.05825242718446602
300206,理邦仪器,0.9313304721030042,0.06866952789699571
300241,瑞丰光电,0.8310756972111554,0.16892430278884463
300243,瑞丰高材,0.8201058201058201,0.17989417989417988
300154,瑞凌股份,0.8475996951993904,0.1524003048006096
002620,瑞和股份,0.8657718120805369,0.1342281879194631
002790,瑞尔特,0.8956975228161669,0.10430247718383312
002589,瑞康医药,0.9594594594594594,0.04054054054054054
300119,瑞普生物,0.8294117647058824,0.17058823529411765
002066,瑞泰科技,0.8709677419354839,0.12903225806451613
300600,瑞特股份,0.9097502014504432,0.09024979854955681
002095,生意宝,0.8855659025787966,0.11443409742120345
300461,田中精机,0.9344632768361582,0.0655367231638418
002468,申通快递,0.9388888888888889,0.06111111111111111
002730,电光科技,0.9541547277936963,0.045845272206303724
300215,电科院,0.8379768538362623,0.16202314616373767
002715,登云股份,0.851528384279476,0.14847161572052403
002041,登海种业,0.782608695652174,0.21739130434782608
002455,百川股份,0.9473684210526315,0.05263157894736842
002568,百润股份,0.7941680960548885,0.20583190394511147
002329,皇氏集团,0.9108710330857529,0.08912896691424713
002331,皖通科技,0.8802721088435375,0.11972789115646258
002458,益生股份,0.8179271708683473,0.18207282913165265
002566,益盛药业,0.9106976744186046,0.08930232558139535
002847,盐津铺子,0.9168351140629512,0.08316488593704881
300494,盛天网络,0.8360071301247772,0.16399286987522282
300518,盛讯达,0.9356136820925554,0.06438631790744467
002446,盛路通信,0.9028475711892797,0.09715242881072027
300090,盛运环保,0.8786407766990292,0.12135922330097088
002599,盛通股份,0.9249706916764361,0.07502930832356389
002400,省广股份,0.9244734931009441,0.07552650689905592
002771,真视通,0.9317250796540737,0.06827492034592626
002692,睿康股份,0.918757467144564,0.08124253285543608
002153,石基信息,0.9100444108475858,0.08995558915241425
300322,硕贝德,0.9303459484560018,0.06965405154399815
300070,碧水源,0.8396567299006323,0.16034327009936766
300189,神农基因,0.8657127132636213,0.13428728673637866
002361,神剑股份,0.9086021505376344,0.0913978494623656
300563,神宇股份,0.9098265895953758,0.09017341040462427
300002,神州泰岳,0.8968888888888888,0.10311111111111111
002278,神开股份,0.8120649651972158,0.18793503480278423
300479,神思电子,0.8525,0.1475
300156,神雾环保,0.8826267327734494,0.11737326722655064
300194,福安药业,0.8654292343387471,0.1345707656612529
002679,福建金森,0.9069316529326223,0.0930683470673776
002222,福晶科技,0.8841698841698842,0.11583011583011582
300049,福瑞股份,0.8962722852512156,0.10372771474878444
300160,秀强股份,0.8308457711442786,0.1691542288557214
002422,科伦药业,0.8122958122958123,0.1877041877041877
300565,科信技术,0.828393135725429,0.17160686427457097
002335,科华恒盛,0.8628257887517147,0.13717421124828533
002022,科华生物,0.9316389132340053,0.06836108676599474
002518,科士达,0.9199618866126728,0.0800381133873273
300520,科大国创,0.9323308270676691,0.06766917293233082
300222,科大智能,0.9152542372881356,0.0847457627118644
002230,科大讯飞,0.8463003120537368,0.15369968794626332
300340,科恒股份,0.8061224489795918,0.19387755102040816
300192,科斯伍德,0.7948717948717948,0.20512820512820512
300092,科新机电,0.8512820512820513,0.14871794871794872
002499,科林环保,0.8951612903225806,0.10483870967741936
300153,科泰电源,0.8925643200452361,0.10743567995476393
300152,科融环境,0.8586017282010998,0.14139827179890024
002770,科迪乳业,0.8671328671328671,0.13286713286713286
002121,科陆电子,0.9167927382753405,0.08320726172465961
300405,科隆精化,0.8859714928732183,0.1140285071267817
002339,积成电子,0.9060426126440796,0.09395738735592037
300590,移为通信,0.8915211970074813,0.1084788029925187
300010,立思辰,0.9129677980852916,0.08703220191470844
300603,立昂技术,0.8973143759873617,0.10268562401263823
002475,立讯精密,0.8974358974358975,0.10256410256410256
002378,章源钨业,0.9009687836383208,0.09903121636167922
002797,第一创业,0.8899576525060016,0.11004234749399838
002181,粤传媒,0.8478427367883584,0.15215726321164155
002060,粤水电,0.9057971014492754,0.09420289855072464
300099,精准信息,0.8456960211616885,0.15430397883831148
002006,精功科技,0.9130434782608695,0.08695652173913043
300567,精测电子,0.8731707317073171,0.12682926829268293
002295,精艺股份,0.9230769230769231,0.07692307692307693
300258,精锻科技,0.8974358974358975,0.10256410256410256
002766,索菱股份,0.8994974874371859,0.10050251256281408
002572,索菲亚,0.9116022099447514,0.08839779005524862
002049,紫光国芯,0.7375,0.2625
002118,紫鑫药业,0.9359038557836755,0.06409614421632448
002809,红墙股份,0.8347978910369068,0.16520210896309315
300345,红宇新材,0.924812030075188,0.07518796992481203
002165,红宝丽,0.9133333333333333,0.08666666666666667
002697,红旗连锁,0.8713537771129394,0.1286462228870606
300026,红日药业,0.9286775631500742,0.0713224368499257
300427,红相电力,0.8876404494382022,0.11235955056179776
002825,纳尔股份,0.9123259412068077,0.08767405879319236
300198,纳川股份,0.9043824701195219,0.09561752988047809
300120,经纬电材,0.8829676071055381,0.11703239289446186
300508,维宏股份,0.8521939953810623,0.14780600461893764
300190,维尔利,0.8048548310328415,0.1951451689671585
300369,绿盟科技,0.9244060475161987,0.0755939524838013
300017,网宿科技,0.7998065764023211,0.20019342359767892
002114,罗平锌电,0.8672268907563025,0.13277310924369748
002333,罗普斯金,0.8467072495849475,0.15329275041505258
002293,罗莱生活,0.9051474840948525,0.09485251590514748
002690,美亚光电,0.9136690647482014,0.08633093525179857
300188,美亚柏科,0.9045534150612959,0.09544658493870403
300611,美力科技,0.9045092838196287,0.09549071618037135
300495,美尚生态,0.9007633587786259,0.09923664122137404
300495,美尚生态,0.9065420560747663,0.09345794392523364
002044,美年健康,0.8891170431211499,0.11088295687885011
300439,美康生物,0.8307475317348378,0.1692524682651622
300237,美晨科技,0.8589743589743589,0.14102564102564102
002034,美欣达,0.8029411764705883,0.19705882352941176
002303,美盈森,0.8691099476439791,0.13089005235602094
002269,美邦服饰,0.9104725062171871,0.08952749378281293
002842,翔鹭钨业,0.9098360655737705,0.09016393442622951
300199,翰宇药业,0.8979075649574615,0.10209243504253852
002508,老板电器,0.9053254437869822,0.09467455621301775
300456,耐威科技,0.8530183727034121,0.14698162729658792
300343,联创互联,0.9048490393412626,0.09515096065873742
002036,联创电子,0.8225806451612904,0.1774193548387097
002250,联化科技,0.8847858197932054,0.11521418020679468
002394,联发股份,0.8396436525612472,0.1603563474387528
300269,联建光电,0.9266401173758122,0.0733598826241878
300545,联得装备,0.8157894736842105,0.18421052631578946
002280,联络互动,0.9323671497584541,0.06763285024154589
300203,聚光科技,0.8743068391866913,0.1256931608133087
300475,聚隆科技,0.7763157894736842,0.2236842105263158
300303,聚飞光电,0.851063829787234,0.14893617021276595
300202,聚龙股份,0.8682406163850993,0.1317593836149007
002426,胜利精密,0.9438596491228071,0.056140350877192984
300476,胜宏科技,0.8390804597701149,0.16091954022988506
300392,腾信股份,0.8068181818181818,0.19318181818181818
300178,腾邦国际,0.9080909313126375,0.0919090686873625
300204,舒泰神,0.7981256721462591,0.201874327853741
002608,舜天船舶,0.9176954732510288,0.0823045267489712
002025,航天电器,0.9259259259259259,0.07407407407407407
300424,航新科技,0.9098457888493475,0.09015421115065243
002706,良信电器,0.8881118881118881,0.11188811188811189
300389,艾比森,0.8680555555555556,0.13194444444444445
002180,艾派克,0.8394442300270166,0.1605557699729834
002170,芭田股份,0.8735042735042735,0.1264957264957265
300284,苏交科,0.9591836734693877,0.04081632653061224
300331,苏大维格,0.9188712522045855,0.08112874779541446
300507,苏奥传感,0.9251700680272109,0.07482993197278912
002024,苏宁云商,0.9281767955801105,0.0718232044198895
000718,苏宁环球,0.8969072164948454,0.10309278350515463
002808,苏州恒久,0.9458128078817734,0.054187192118226604
002032,苏泊尔,0.9252067601582165,0.07479323984178353
002334,英威腾,0.8153730218538057,0.18462697814619444
000411,英特集团,0.9503105590062112,0.049689440993788817
002837,英维克,0.9034090909090909,0.09659090909090909
002528,英飞拓,0.9073359073359073,0.09266409266409266
300582,英飞特,0.8567774936061381,0.1432225063938619
002660,茂硕电源,0.8969889064976229,0.10301109350237718
300087,荃银高科,0.9065108514190318,0.09348914858096828
002642,荣之联,0.9109947643979057,0.08900523560209424
002146,荣盛发展,0.8681092220504895,0.13189077794951057
002493,荣盛石化,0.8971134609888539,0.10288653901114604
300290,荣科科技,0.8699186991869918,0.13008130081300814
002106,莱宝高科,0.9049128367670365,0.09508716323296355
300006,莱美药业,0.8815489749430524,0.11845102505694761
002166,莱茵生物,0.8980509745127436,0.10194902548725637
300395,菲利华,0.9474375821287779,0.052562417871222074
002731,萃华珠宝,0.890625,0.109375
002737,葵花药业,0.8819523269012486,0.11804767309875142
002614,蒙发利,0.9049188044245705,0.09508119557542952
300355,蒙草生态,0.9356287425149701,0.06437125748502993
002513,蓝丰生化,0.8899687608469281,0.11003123915307185
002382,蓝帆医疗,0.8720538720538721,0.12794612794612795
300433,蓝思科技,0.8841485840382495,0.11585141596175065
300484,蓝海华腾,0.9,0.1
300297,蓝盾股份,0.9526627218934911,0.047337278106508875
300058,蓝色光标,0.8705882352941177,0.12941176470588237
300293,蓝英装备,0.9017857142857143,0.09821428571428571
002765,蓝黛传动,0.868995633187773,0.13100436681222707
002192,融捷股份,0.7930385700846662,0.20696142991533398
002622,融钰集团,0.8938438111812052,0.10615618881879486
300305,裕兴股份,0.9276018099547512,0.07239819004524888
002831,裕同科技,0.951417004048583,0.048582995951417005
002265,西仪股份,0.8637770897832817,0.13622291021671826
002536,西泵股份,0.8210007047216349,0.17899929527836503
002302,西部建设,0.836551724137931,0.16344827586206898
002149,西部材料,0.8113207547169812,0.18867924528301888
300106,西部牧业,0.8498880913791773,0.15011190862082271
002584,西陇科学,0.8901098901098901,0.10989010989010989
002841,视源股份,0.7954782608695652,0.20452173913043478
002437,誉衡药业,0.8494031221303948,0.15059687786960516
002197,证通电子,0.9137168141592921,0.08628318584070796
300430,诚益通,0.8666666666666667,0.13333333333333333
300598,诚迈科技,0.8789007918025151,0.12109920819748488
002215,诺普信,0.8932552954292085,0.10674470457079152
002595,豪迈科技,0.8207043756670224,0.17929562433297758
300064,豫金刚石,0.9083255378858747,0.09167446211412535
002570,贝因美,0.836715282181357,0.163284717818643
300580,贝斯特,0.8906426155580609,0.10935738444193913
002828,贝肯能源,0.8234495246717972,0.1765504753282028
300558,贝达药业,0.8952508851178123,0.10474911488218777
002141,贤丰控股,0.908745247148289,0.09125475285171103
002424,贵州百灵,0.9120743034055727,0.08792569659442724
300044,赛为智能,0.864406779661017,0.13559322033898305
300485,赛升药业,0.8637770897832817,0.13622291021671826
300583,赛托生物,0.9006622516556292,0.09933774834437085
300466,赛摩电气,0.901063566658422,0.09893643334157803
002637,赞宇科技,0.87890625,0.12109375
300457,赢合科技,0.9317073170731708,0.06829268292682927
300377,赢时胜,0.9035563592525618,0.09644364074743822
002460,赣锋锂业,0.9011857707509882,0.09881422924901186
002356,赫美集团,0.9611650485436893,0.038834951456310676
300036,超图软件,0.9110228401191658,0.08897715988083416
002725,跃岭股份,0.899895724713243,0.10010427528675704
002640,跨境通,0.9043435822352367,0.0956564177647633
002813,路畅科技,0.854045037531276,0.14595496246872394
300555,路通视信,0.9050167224080268,0.09498327759197324
002073,软控股份,0.8491379310344828,0.15086206896551724
002046,轴研科技,0.9315673289183223,0.0684326710816777
002496,辉丰股份,0.9225806451612903,0.07741935483870968
002296,辉煌科技,0.8853831294269157,0.11461687057308435
002556,辉隆股份,0.8297413793103449,0.17025862068965517
300523,辰安科技,0.8944193061840121,0.10558069381598793
300103,达刚路机,0.7922134733158355,0.20778652668416447
002512,达华智能,0.892436974789916,0.10756302521008404
300535,达威股份,0.8320610687022901,0.16793893129770993
002030,达安基因,0.9624141669678352,0.0375858330321648
002421,达实智能,0.9523809523809523,0.047619047619047616
300530,达志科技,0.9542203147353362,0.045779685264663805
002209,达意隆,0.84375,0.15625
300467,迅游科技,0.9259259259259259,0.07407407407407407
300463,迈克生物,0.9248971193415638,0.07510288065843622
300440,运达科技,0.9307692307692308,0.06923076923076923
002406,远东传动,0.8145695364238411,0.18543046357615894
002063,远光软件,0.8820861678004536,0.11791383219954649
002689,远大智能,0.9036144578313253,0.0963855421686747
300306,远方光电,0.9012345679012346,0.09876543209876543
002161,远望谷,0.9622030237580993,0.03779697624190065
300412,迦南科技,0.8574162679425837,0.14258373205741626
300167,迪威视讯,0.8461538461538461,0.15384615384615385
300244,迪安诊断,0.8983050847457628,0.1016949152542373
300335,迪森股份,0.9386503067484663,0.06134969325153374
300396,迪瑞医疗,0.8904109589041096,0.1095890410958904
002243,通产丽星,0.8728908886389202,0.12710911136107986
300265,通光线缆,0.9182692307692307,0.08173076923076923
300491,通合科技,0.9137931034482759,0.08620689655172414
002792,通宇通讯,0.9495798319327731,0.05042016806722689
002156,通富微电,0.8873239436619719,0.11267605633802817
002150,通润装备,0.8927835051546392,0.10721649484536082
300164,通源石油,0.9081015719467956,0.09189842805320435
300185,通裕重工,0.8320610687022901,0.16793893129770993
002576,通达动力,0.8743801652892562,0.1256198347107438
002560,通达股份,0.8337557019766852,0.16624429802331475
002491,通鼎互联,0.8795116060646718,0.12048839393532808
002838,道恩股份,0.9111111111111111,0.08888888888888889
300312,邦讯技术,0.8440366972477065,0.1559633027522936
300149,量子高科,0.8992718446601942,0.10072815533980582
002721,金一文化,0.889906640831425,0.11009335916857495
300028,金亚科技,0.867251461988304,0.1327485380116959
300252,金信诺,0.888,0.112
300510,金冠电气,0.8775510204081632,0.12244897959183673
300093,金刚玻璃,0.873015873015873,0.12698412698412698
300069,金利华电,0.8539325842696629,0.14606741573033707
002464,金利科技,0.8162962962962963,0.1837037037037037
300225,金力泰,0.9342465753424658,0.06575342465753424
300349,金卡智能,0.8912386706948641,0.10876132930513595
002762,金发拉比,0.8885941644562334,0.11140583554376658
002488,金固股份,0.9029126213592233,0.0970873786407767
000546,金圆股份,0.7809430255402751,0.21905697445972494
300233,金城医药,0.8697674418604651,0.13023255813953488
300606,金太阳,0.8892307692307693,0.11076923076923077
002515,金字火腿,0.9409012558483132,0.059098744151686776
002636,金安国纪,0.9513184584178499,0.0486815415821501
002548,金新农,0.8641101531334449,0.13588984686655514
300281,金明精机,0.9128786350986166,0.08712136490138345
002090,金智科技,0.9121522693997072,0.08784773060029283
002533,金杯电工,0.9103448275862069,0.0896551724137931
002470,金正大,0.892438942790231,0.10756105720976916
002688,金河生物,0.9065420560747663,0.09345794392523364
002443,金洲管道,0.9316338354577057,0.06836616454229433
300434,金石东方,0.8592292803096956,0.1407707196903044
002597,金禾实业,0.8,0.2
300459,金科娱乐,0.860137851809305,0.139862148190695
002723,金莱特,0.8860759493670886,0.11392405063291139
002081,金螳螂,0.9715142428785607,0.02848575712143928
002716,金贵银业,0.8673139158576052,0.13268608414239483
002722,金轮股份,0.9426751592356688,0.05732484076433121
002626,金达威,0.8095238095238095,0.19047619047619047
300220,金运激光,0.8211716341212744,0.17882836587872558
300091,金通灵,0.8571428571428571,0.14285714285714285
300443,金雷风电,0.8971871968962173,0.10281280310378274
002202,金风科技,0.7945169017833378,0.20548309821666222
300032,金龙机电,0.8436412315930388,0.15635876840696117
300034,钢研高纳,0.8830811554332875,0.11691884456671252
300197,铁汉生态,0.797827903091061,0.20217209690893906
300085,银之杰,0.8908296943231441,0.1091703056768559
300231,银信科技,0.8928571428571429,0.10714285714285714
002786,银宝山新,0.8811369509043928,0.11886304909560723
300020,银江股份,0.8411497730711045,0.15885022692889564
002519,银河电子,0.9322033898305084,0.06779661016949153
300127,银河磁体,0.9240506329113924,0.0759493670886076
300221,银禧科技,0.8901242642249837,0.10987573577501634
002126,银轮股份,0.9393939393939394,0.06060606060606061
300337,银邦股份,0.921311475409836,0.07868852459016394
300126,锐奇股份,0.8996655518394648,0.10033444816053512
300128,锦富技术,0.8568738229755178,0.1431261770244821
002316,键桥通讯,0.8642898217366303,0.13571017826336976
300348,长亮科技,0.7933081489476524,0.20669185105234755
300088,长信科技,0.7783407219759342,0.22165927802406588
002071,长城影视,0.9362549800796812,0.06374501992031872
300301,长方集团,0.9207397622192867,0.07926023778071334
002435,长江润发,0.946875,0.053125
300196,长海股份,0.7605633802816901,0.23943661971830985
002680,长生生物,0.903448275862069,0.09655172413793103
300115,长盈精密,0.9352750809061489,0.06472491909385113
300195,长荣股份,0.8068350668647846,0.19316493313521546
002391,长青股份,0.8598574821852731,0.14014251781472684
002616,长青集团,0.8692098092643051,0.1307901907356948
002452,长高集团,0.8585485854858549,0.14145141451414514
002440,闰土股份,0.9101123595505618,0.0898876404494382
300274,阳光电源,0.8650657518582047,0.1349342481417953
300030,阳普医疗,0.8801331853496115,0.11986681465038845
300121,阳谷华泰,0.8148745107068847,0.1851254892931154
300534,陇神戎发,0.8380952380952381,0.1619047619047619
002363,隆基机械,0.9142857142857143,0.08571428571428572
601012,隆基股份,0.8711340206185567,0.12886597938144329
300599,雄塑科技,0.9215686274509803,0.0784313725490196
300546,雄帝科技,0.946969696969697,0.05303030303030303
002733,雄韬股份,0.8576180971390552,0.14238190286094476
002497,雅化集团,0.8844036697247707,0.11559633027522936
300261,雅本化学,0.9534883720930233,0.046511627906976744
002323,雅百特,0.7632371932845459,0.23676280671545416
300553,集智股份,0.9287720019176768,0.07122799808232314
002477,雏鹰农牧,0.8544698544698545,0.14553014553014554
002639,雪人股份,0.9264555669050051,0.0735444330949949
300511,雪榕生物,0.854251012145749,0.145748987854251
002076,雪莱特,0.9739130434782609,0.02608695652173913
002658,雪迪龙,0.8942917547568711,0.10570824524312897
300162,雷曼股份,0.9468020304568527,0.053197969543147205
002577,雷柏科技,0.8763636363636363,0.12363636363636364
002413,雷科防务,0.8928571428571429,0.10714285714285714
002015,霞客环保,0.8559870550161812,0.14401294498381878
002128,露天煤业,0.827117913343393,0.17288208665660704
002094,青岛金王,0.8839103869653768,0.11608961303462322
300132,青松股份,0.9278350515463918,0.07216494845360824
002646,青青稞酒,0.9152016546018614,0.08479834539813857
002457,青龙管业,0.8974358974358975,0.10256410256410256
002667,鞍重股份,0.867330016583748,0.13266998341625208
002120,韵达股份,0.9357429718875502,0.0642570281124498
002352,顺丰控股,0.8801416507763552,0.11985834922364479
002676,顺威股份,0.9477124183006536,0.05228758169934641
002565,顺灏股份,0.8767895878524946,0.12321041214750543
002138,顺络电子,0.9293739967897271,0.07062600321027288
300113,顺网科技,0.8444444444444444,0.15555555555555556
002694,顾地科技,0.887719298245614,0.11228070175438597
300398,飞凯材料,0.8436568400132494,0.15634315998675058
300287,飞利信,0.9163179916317992,0.08368200836820083
300240,飞力达,0.9142072752230611,0.08579272477693892
300602,飞荣达,0.883672621520565,0.11632737847943499
002210,飞马国际,0.9175757575757576,0.08242424242424243
002665,首航节能,0.8865248226950355,0.11347517730496455
300147,香雪制药,0.8274203247143717,0.17257967528562837
002502,骅威文化,0.8605263157894737,0.1394736842105263
002348,高乐股份,0.935706262829699,0.06429373717030094
002827,高争民爆,0.888631090487239,0.11136890951276102
300465,高伟达,0.749691738594328,0.25030826140567203
002414,高德红外,0.8904109589041096,0.1095890410958904
002848,高斯贝尔,0.9405940594059405,0.0594059405940594
300098,高新兴,0.9291338582677166,0.07086614173228346
300499,高澜股份,0.8455598455598455,0.15444015444015444
300200,高盟新材,0.8676675977653632,0.13233240223463688
002778,高科石化,0.80999180999181,0.19000819000819
002223,鱼跃医疗,0.8137157929442796,0.1862842070557204
300423,鲁亿通,0.8798283261802575,0.12017167381974249
002088,鲁阳节能,0.8789808917197452,0.12101910828025478
300441,鲍斯股份,0.9361702127659575,0.06382978723404255
300219,鸿利智汇,0.8490566037735849,0.1509433962264151
002229,鸿博股份,0.8957345971563981,0.10426540284360189
300176,鸿特精密,0.8554216867469879,0.14457831325301204
002541,鸿路钢构,0.855072463768116,0.14492753623188406
002002,鸿达兴业,0.9247219846022241,0.07527801539777587
300375,鹏翎股份,0.8496732026143791,0.1503267973856209
300438,鹏辉能源,0.9754977029096478,0.02450229709035222
002788,鹭燕医药,0.8403451995685005,0.15965480043149946
300319,麦捷科技,0.8823529411764706,0.11764705882352941
002719,麦趣尔,0.8778625954198473,0.12213740458015267
002137,麦达数字,0.918958031837916,0.08104196816208394
300341,麦迪电气,0.9195979899497487,0.08040201005025126
002817,黄山胶囊,0.9117647058823529,0.08823529411764706
002387,黑牛食品,0.874324111501916,0.1256758884980839
002068,黑猫股份,0.8317256162915327,0.1682743837084673
002039,黔源电力,0.8379888268156425,0.16201117318435754
300378,鼎捷软件,0.9114742934967655,0.08852570650323459
300011,鼎汉技术,0.9015586546349467,0.09844134536505332
300054,鼎龙股份,0.8771867190289182,0.12281328097108175
002521,齐峰新材,0.9282051282051282,0.07179487179487179
002301,齐心集团,0.9343814080656186,0.06561859193438141
002408,齐翔腾达,0.8959537572254336,0.10404624277456648
002604,龙力生物,0.8380487804878048,0.16195121951219513
002726,龙大肉食,0.8727353071144498,0.12726469288555015
002442,龙星化工,0.8901098901098901,0.10989010989010989
002671,龙泉股份,0.881104033970276,0.11889596602972399
002750,龙津药业,0.9202453987730062,0.07975460122699386
002682,龙洲股份,0.924187725631769,0.07581227436823104
300105,龙源技术,0.7462932454695222,0.25370675453047775
002601,龙蟒佰利,0.8813936249073387,0.11860637509266123
