code,short,POS,NEG
2069.0,ST獐岛,0.15877862595419848,0.04465648854961832
2029.0,七匹狼,0.12587131367292226,0.03485254691689008
2085.0,万丰奥威,0.13986486486486485,0.043243243243243246
2543.0,万和电气,0.17574931880108993,0.04495912806539509
300482.0,万孚生物,0.13574423480083858,0.04507337526205451
2590.0,万安科技,0.1261127596439169,0.05192878338278932
2654.0,万润科技,0.16778523489932887,0.03691275167785235
2643.0,万润股份,0.12337662337662338,0.049783549783549784
300268.0,万福生科,0.1967821782178218,0.05198019801980198
2.0,万科A,0.08482142857142858,0.04375
300168.0,万达信息,0.13574074074074075,0.055851851851851854
2739.0,万达院线,0.11859406608226568,0.06104180714767364
300055.0,万邦达,0.19798657718120805,0.03523489932885906
2434.0,万里扬,0.17490118577075098,0.04476284584980237
2785.0,万里石,0.17027863777089783,0.021671826625386997
300591.0,万里马,0.19287833827893175,0.04896142433234421
300552.0,万集科技,0.15841121495327104,0.04719626168224299
300057.0,万顺股份,0.17625,0.0325
2276.0,万马股份,0.12248322147651007,0.06935123042505593
2555.0,三七互娱,0.1781437125748503,0.04530938123752495
300276.0,三丰智能,0.16666666666666666,0.028273809523809524
300051.0,三五互联,0.1546134663341646,0.03366583541147132
2417.0,三元达,0.12045889101338432,0.0248565965583174
2216.0,三全食品,0.14868951612903225,0.04425403225806451
300295.0,三六五网,0.10840336134453782,0.04327731092436975
2224.0,三力士,0.18392370572207084,0.05449591280653951
2112.0,三变科技,0.18326693227091634,0.029880478087649404
2621.0,三垒股份,0.1908730158730159,0.05740740740740741
2780.0,三夫户外,0.14563106796116504,0.02912621359223301
300066.0,三川智慧,0.1143018018018018,0.024774774774774775
300515.0,三德科技,0.1715686274509804,0.031862745098039214
2857.0,三晖电气,0.11502029769959404,0.03484438430311231
2312.0,三泰控股,0.16714285714285715,0.025714285714285714
2159.0,三特索道,0.16713747645951035,0.026365348399246705
300408.0,三环集团,0.12462462462462462,0.024024024024024024
300056.0,三维丝,0.12171474358974359,0.07051282051282051
2469.0,三维工程,0.13026819923371646,0.05938697318007663
2115.0,三维通信,0.13929618768328444,0.02932551319648094
300384.0,三联虹普,0.15833333333333333,0.022222222222222223
300072.0,三聚环保,0.12459194776931447,0.02513601741022851
2050.0,三花智控,0.13945578231292516,0.006802721088435374
300298.0,三诺生物,0.126232741617357,0.04043392504930966
2110.0,三钢闽光,0.14066496163682865,0.028132992327365727
300236.0,上海新阳,0.11219792865362485,0.03049482163406214
2252.0,上海莱士,0.19860742705570292,0.022546419098143235
300226.0,上海钢联,0.1337448559670782,0.028120713305898493
300522.0,世名科技,0.17206982543640897,0.052867830423940144
2796.0,世嘉科技,0.18973214285714285,0.008928571428571428
2558.0,世纪游轮,0.12086513994910941,0.04071246819338423
300150.0,世纪瑞尔,0.11473880597014925,0.07042910447761194
300050.0,世纪鼎利,0.15547703180212014,0.01060070671378092
2285.0,世联行,0.19571045576407506,0.04477211796246649
2016.0,世荣兆业,0.15965732087227413,0.037383177570093455
2748.0,世龙实业,0.15804597701149425,0.035919540229885055
2017.0,东信和平,0.1760797342192691,0.03820598006644518
300354.0,东华测试,0.13586156111929307,0.023564064801178203
2140.0,东华科技,0.13017241379310346,0.04482758620689655
2221.0,东华能源,0.121870925684485,0.04755541069100391
2065.0,东华软件,0.14553752535496958,0.04259634888438134
300353.0,东土科技,0.19260204081632654,0.036224489795918365
300239.0,东宝生物,0.1480978260869565,0.049456521739130434
300171.0,东富龙,0.16341145833333334,0.03177083333333333
2384.0,东山精密,0.15942028985507245,0.051304347826086956
2819.0,东方中科,0.15161290322580645,0.041935483870967745
2310.0,东方园林,0.13135673624288424,0.03510436432637571
300166.0,东方国信,0.17314629258517036,0.051603206412825654
2755.0,东方新星,0.1476510067114094,0.03691275167785235
300118.0,东方日升,0.12229102167182662,0.04295665634674923
2086.0,东方海洋,0.18557692307692308,0.03125
300217.0,东方电热,0.1394658753709199,0.045103857566765576
2611.0,东方精工,0.18604651162790697,0.037209302325581395
300367.0,东方网力,0.11899179366940212,0.010550996483001172
2175.0,东方网络,0.194,0.032
300059.0,东方财富,0.15172955974842767,0.027515723270440252
300379.0,东方通,0.18831877729257643,0.03056768558951965
2545.0,东方铁塔,0.18458549222797926,0.03626943005181347
2167.0,东方锆业,0.13481953290870488,0.051380042462845006
2271.0,东方雨虹,0.11341176470588236,0.03529411764705882
2713.0,东易日盛,0.15163934426229508,0.03278688524590164
2199.0,东晶电子,0.1574074074074074,0.06592592592592593
300486.0,东杰智能,0.130327868852459,0.05639344262295082
2672.0,东江环保,0.1631578947368421,0.03508771929824561
2117.0,东港股份,0.14323607427055704,0.04907161803713528
2675.0,东诚药业,0.11505190311418685,0.050173010380622836
300183.0,东软载波,0.14945226917057902,0.05086071987480438
2793.0,东音股份,0.11635220125786164,0.04323899371069182
2793.0,东音股份,0.1917562724014337,0.03763440860215054
300512.0,中亚股份,0.15848214285714285,0.022321428571428572
2579.0,中京电子,0.10424528301886793,0.04292452830188679
300018.0,中元股份,0.16946308724832215,0.0436241610738255
300414.0,中光防雷,0.18041237113402062,0.05412371134020619
2309.0,中利集团,0.1416490486257928,0.02959830866807611
2542.0,中化岩土,0.163727959697733,0.047103274559193956
2445.0,中南文化,0.1246987951807229,0.07228915662650602
601985.0,中国核电,0.17839195979899497,0.020100502512562814
2116.0,中国海诚,0.11796675191815857,0.040792838874680305
2779.0,中坚科技,0.1442687747035573,0.03162055335968379
300270.0,中威电子,0.152135231316726,0.03558718861209965
300560.0,中富通,0.1876657824933687,0.04111405835543767
2051.0,中工国际,0.14401586157173757,0.04051910598413843
2364.0,中恒电气,0.18672199170124482,0.06431535269709543
2021.0,中捷资源,0.1641509433962264,0.03018867924528302
300364.0,中文在线,0.13513513513513514,0.0472972972972973
300575.0,中旗股份,0.16305182341650673,0.030710172744721688
2080.0,中材科技,0.11748251748251749,0.040646853146853144
300393.0,中来股份,0.16774611398963732,0.04015544041450777
2145.0,中核钛白,0.16556291390728478,0.052980132450331126
2092.0,中泰化学,0.16483113069016153,0.03450807635829662
2659.0,中泰桥梁,0.171455938697318,0.03065134099616858
300435.0,中泰股份,0.19193548387096773,0.037096774193548385
2401.0,中海科技,0.14133333333333334,0.021333333333333333
300177.0,中海达,0.1527508090614887,0.042071197411003236
300526.0,中潜股份,0.1782608695652174,0.0477536231884058
2129.0,中环股份,0.10644614079728583,0.07455470737913486
300140.0,中环装备,0.1312071917808219,0.030179794520547944
2298.0,中电鑫龙,0.15527488855869243,0.07280832095096583
2738.0,中矿资源,0.1166077738515901,0.038869257950530034
2306.0,中科云网,0.13844984802431612,0.07446808510638298
2290.0,中科新材,0.1650485436893204,0.03155339805825243
300035.0,中科电气,0.18333333333333332,0.044
2657.0,中科金财,0.14797136038186157,0.06372315035799522
300062.0,中能电气,0.15166666666666667,0.03333333333333333
2163.0,中航三鑫,0.1634920634920635,0.031746031746031744
2179.0,中航光电,0.14793577981651376,0.030275229357798163
300114.0,中航电测,0.17572463768115942,0.042028985507246375
2822.0,中装建设,0.1642651296829971,0.020172910662824207
2471.0,中超控股,0.13766519823788545,0.06431718061674009
300145.0,中金环境,0.09632446134347275,0.04024081115335868
2057.0,中钢天源,0.15481832543443919,0.03475513428120063
300308.0,中际装备,0.14464285714285716,0.055357142857142855
2511.0,中顺洁柔,0.1705685618729097,0.03511705685618729
300327.0,中颖电子,0.10261707988980716,0.03925619834710744
300489.0,中飞股份,0.17716535433070865,0.03346456692913386
2530.0,丰东股份,0.175,0.045098039215686274
2805.0,丰元股份,0.14620938628158844,0.02527075812274368
2618.0,丹邦科技,0.10720802919708029,0.057025547445255474
2374.0,丽鹏股份,0.16592592592592592,0.04474074074074074
300516.0,久之洋,0.18601895734597157,0.041469194312796206
2279.0,久其软件,0.17236024844720496,0.0453416149068323
300631.0,久吾高科,0.15463659147869674,0.042606516290726815
2037.0,久联发展,0.17793594306049823,0.042704626334519574
2777.0,久远银海,0.10742496050552923,0.05292259083728278
300446.0,乐凯新材,0.1329908675799087,0.0365296803652968
300562.0,乐心医疗,0.14393939393939395,0.03737373737373737
300003.0,乐普医疗,0.1047008547008547,0.03205128205128205
300104.0,乐视网,0.10929717764250138,0.07506917542888766
2319.0,乐通股份,0.16990291262135923,0.014563106796116505
300247.0,乐金健康,0.16458333333333333,0.025
2687.0,乔治白,0.0911297440423654,0.030670785525154457
300040.0,九洲电气,0.1466927453769559,0.03485064011379801
2242.0,九阳股份,0.16109894121942314,0.02332055494706097
2201.0,九鼎新材,0.17378048780487804,0.024390243902439025
2195.0,二三四五,0.1171875,0.0390625
2467.0,二六三,0.1409090909090909,0.048484848484848485
2059.0,云南旅游,0.1557632398753894,0.03115264797507788
2053.0,云南能投,0.11347019122609674,0.02924634420697413
2428.0,云南锗业,0.12108778625954199,0.061020992366412216
2539.0,云图控股,0.1221881390593047,0.08742331288343558
2200.0,云投生态,0.17647058823529413,0.03431372549019608
2182.0,云海金属,0.18995381062355657,0.026558891454965358
300420.0,五洋科技,0.15824468085106383,0.026595744680851064
2375.0,亚厦股份,0.10315186246418338,0.04871060171919771
2607.0,亚夏汽车,0.12576687116564417,0.018404907975460124
2540.0,亚太科技,0.14381720430107528,0.05241935483870968
2284.0,亚太股份,0.13872832369942195,0.038535645472061654
2370.0,亚太药业,0.17101449275362318,0.03333333333333333
2559.0,亚威股份,0.1512770137524558,0.036345776031434185
2811.0,亚泰国际,0.1391304347826087,0.043478260869565216
2623.0,亚玛顿,0.17246376811594202,0.028985507246376812
300399.0,京天利,0.13650306748466257,0.018404907975460124
2662.0,京威股份,0.1255952380952381,0.01904761904761905
2020.0,京新药业,0.16170212765957448,0.04559270516717325
2686.0,亿利达,0.0944206008583691,0.029506437768240343
2019.0,亿帆医药,0.102880658436214,0.024691358024691357
300014.0,亿纬锂能,0.11739130434782609,0.013043478260869565
300211.0,亿通科技,0.1684981684981685,0.0576007326007326
2629.0,仁智股份,0.16707021791767554,0.029055690072639227
300532.0,今天国际,0.14248704663212436,0.036917098445595854
2746.0,仙坛股份,0.1547085201793722,0.02242152466367713
2332.0,仙琚制药,0.14915966386554622,0.03361344537815126
300254.0,仟源医药,0.21690140845070421,0.02535211267605634
2603.0,以岭药业,0.15403225806451612,0.04064516129032258
300311.0,任子行,0.18059125964010284,0.03598971722365039
300415.0,伊之密,0.15595794392523366,0.038551401869158876
2441.0,众业达,0.11971235194585449,0.07081218274111675
2707.0,众信旅游,0.1620795107033639,0.0290519877675841
,众和股份,0.10736342042755344,0.0831353919239905
2317.0,众生药业,0.17125,0.02
300531.0,优博讯,0.15703971119133575,0.04332129963898917
300549.0,优德精密,0.17829457364341086,0.044573643410852716
300578.0,会畅通讯,0.17210682492581603,0.040059347181008904
2372.0,伟星新材,0.08393177737881508,0.03254039497307002
2003.0,伟星股份,0.11348228043143298,0.023112480739599383
2010.0,传化智联,0.14471243042671614,0.05278293135435992
300181.0,佐力药业,0.23308457711442787,0.03482587064676617
2644.0,佛慈制药,0.14570552147239263,0.03067484662576687
300264.0,佳创视讯,0.16346153846153846,0.038461538461538464
300559.0,佳发安泰,0.1452513966480447,0.01675977653631285
300193.0,佳士科技,0.14791183294663574,0.05788863109048724
300213.0,佳讯飞鸿,0.14673913043478262,0.025362318840579712
2495.0,佳隆股份,0.15199335548172757,0.036544850498338874
300249.0,依米康,0.1828358208955224,0.027985074626865673
2286.0,保龄宝,0.16551724137931034,0.05218390804597701
300469.0,信息发展,0.22716346153846154,0.027644230769230768
2294.0,信立泰,0.13843648208469056,0.03257328990228013
300136.0,信维通信,0.13033536585365854,0.018292682926829267
2664.0,信质电机,0.12953995157384987,0.026634382566585957
2390.0,信邦制药,0.16611295681063123,0.023255813953488372
2105.0,信隆健康,0.1720647773279352,0.016194331983805668
300529.0,健帆生物,0.1378737541528239,0.03156146179401993
300174.0,元力股份,0.16794478527607362,0.0352760736196319
2562.0,兄弟科技,0.17114093959731544,0.031879194630872486
2256.0,兆新股份,0.16901408450704225,0.022887323943661973
300333.0,兆日科技,0.14921465968586387,0.041884816753926704
2429.0,兆驰股份,0.14398280802292263,0.02005730659025788
300450.0,先导智能,0.12385057471264369,0.029454022988505746
300137.0,先河环保,0.14102564102564102,0.04807692307692308
300541.0,先进数通,0.1403654485049834,0.029900332225913623
300163.0,先锋新材,0.13703703703703704,0.06314814814814816
2767.0,先锋电子,0.14888535031847133,0.03184713375796178
300356.0,光一科技,0.1424272818455366,0.037512537612838515
2741.0,光华科技,0.19736842105263158,0.04111842105263158
2524.0,光正集团,0.21296296296296297,0.03009259259259259
2708.0,光洋股份,0.13671875,0.05078125
300383.0,光环新网,0.16027397260273973,0.03287671232876712
300251.0,光线传媒,0.14945506692160612,0.061653919694072655
2281.0,光迅科技,0.11955168119551682,0.033623910336239106
300227.0,光韵达,0.16838649155722327,0.04221388367729831
2661.0,克明面业,0.1696969696969697,0.04393939393939394
2043.0,兔宝宝,0.14536516853932585,0.04353932584269663
300458.0,全志科技,0.14285714285714285,0.07142857142857142
2186.0,全聚德,0.10955684870188004,0.041360787824529996
300359.0,全通教育,0.18276762402088773,0.050913838120104436
2592.0,八菱科技,0.11708860759493671,0.060126582278481014
2655.0,共达电声,0.1782178217821782,0.0499009900990099
2436.0,兴森科技,0.12703804347826086,0.04619565217391304
2355.0,兴民智通,0.14220183486238533,0.03211009174311927
300266.0,兴源环境,0.14515113350125944,0.041561712846347604
300573.0,兴齐眼药,0.12835820895522387,0.042388059701492536
2691.0,冀凯股份,0.15343915343915343,0.046296296296296294
300536.0,农尚环境,0.16296928327645052,0.013651877133105802
300238.0,冠昊生物,0.12992537313432836,0.052611940298507465
2102.0,冠福股份,0.13884839650145772,0.041180758017492713
300533.0,冰川网络,0.18303341902313625,0.038560411311053984
2207.0,准油股份,0.10573248407643313,0.06050955414012739
2760.0,凤形股份,0.1799163179916318,0.0400976290097629
2823.0,凯中精密,0.11791237113402062,0.028350515463917526
300326.0,凯利泰,0.087248322147651,0.06375838926174497
300407.0,凯发电气,0.15833333333333333,0.03590909090909091
2012.0,凯恩股份,0.1625,0.02
2425.0,凯撒文化,0.1864754098360656,0.02459016393442623
2072.0,凯瑞德,0.21793103448275863,0.02413793103448276
2549.0,凯美特气,0.17551963048498845,0.03348729792147806
2821.0,凯莱英,0.1021604938271605,0.03111111111111111
2783.0,凯龙股份,0.13422995780590719,0.04430379746835443
2027.0,分众传媒,0.12789150460593654,0.028147389969293755
300451.0,创业软件,0.13028169014084506,0.035211267605633804
300366.0,创意信息,0.15504291845493562,0.04806866952789699
2173.0,创新医疗,0.16856492027334852,0.023917995444191344
300250.0,初灵信息,0.13188311688311688,0.05066558441558442
300296.0,利亚德,0.15481171548117154,0.0397489539748954
2651.0,利君股份,0.1828358208955224,0.027985074626865673
300596.0,利安隆,0.15841584158415842,0.026402640264026403
2258.0,利尔化学,0.11564625850340136,0.024295432458697766
300289.0,利德曼,0.17586580086580086,0.049567099567099565
2131.0,利欧股份,0.1155149051490515,0.052845528455284556
2734.0,利民股份,0.14235033259423505,0.04379157427937916
2501.0,利源精制,0.09963325183374083,0.03202933985330073
601366.0,利群股份,0.18651832460732984,0.04842931937172775
2189.0,利达光电,0.13839285714285715,0.013392857142857142
300421.0,力星股份,0.18379446640316205,0.02766798418972332
300184.0,力源信息,0.17035541195476575,0.04119547657512116
2393.0,力生制药,0.08069552874378992,0.052164655784244146
2650.0,加加食品,0.14339622641509434,0.05452830188679245
2191.0,劲嘉股份,0.17078947368421055,0.05026315789473684
300400.0,劲拓股份,0.11494252873563218,0.034482758620689655
2638.0,勤上股份,0.11552028218694885,0.06437389770723104
2392.0,北京利尔,0.14184397163120568,0.057210401891252954
300223.0,北京君正,0.10725075528700906,0.04984894259818731
2350.0,北京科锐,0.14801670146137788,0.03966597077244259
300352.0,北信源,0.13658536585365855,0.05365853658536585
2246.0,北化股份,0.16246684350132626,0.034482758620689655
2151.0,北斗星通,0.17671517671517672,0.02702702702702703
2307.0,北新路桥,0.1939655172413793,0.04310344827586207
2371.0,北方华创,0.1737704918032787,0.018032786885245903
2613.0,北玻股份,0.17761557177615572,0.025547445255474453
2148.0,北纬通信,0.13482613277133826,0.03724973656480506
300216.0,千山药机,0.1472663139329806,0.028659611992945325
2373.0,千方科技,0.11936936936936937,0.04279279279279279
2550.0,千红制药,0.13309352517985612,0.039568345323741004
2259.0,升达林业,0.18140243902439024,0.051321138211382115
2248.0,华东数控,0.16807909604519775,0.047175141242937854
2685.0,华东重机,0.10412147505422993,0.05032537960954447
300161.0,华中数控,0.11023150612027674,0.032730175625332626
300110.0,华仁药业,0.1449652777777778,0.03125
2018.0,华信国际,0.1360377358490566,0.06150943396226415
2007.0,华兰生物,0.12173763736263736,0.028949175824175822
300592.0,华凯创意,0.175,0.046
300045.0,华力创通,0.10791233283803864,0.034918276374442794
600325.0,华发股份,0.09380097879282219,0.04200652528548124
2185.0,华天科技,0.13532513181019332,0.03943760984182777
607.0,华媒控股,0.16927453769559034,0.05789473684210527
2042.0,华孚色纺,0.1882716049382716,0.03333333333333333
300271.0,华宇软件,0.16391752577319588,0.05670103092783505
2645.0,华宏科技,0.17002881844380405,0.03170028818443804
2064.0,华峰氨纶,0.10869565217391304,0.04978962131837307
300180.0,华峰超纤,0.1582089552238806,0.020895522388059702
2035.0,华帝股份,0.13600852272727273,0.0234375
300291.0,华录百纳,0.14896988906497624,0.04944532488114105
2494.0,华斯股份,0.11125886524822695,0.02925531914893617
2274.0,华昌化工,0.18796992481203006,0.03195488721804511
300278.0,华昌达,0.14986559139784947,0.033602150537634407
2270.0,华明装备,0.19636963696369636,0.0231023102310231
300025.0,华星创业,0.1755424063116371,0.060552268244575935
300012.0,华测检测,0.17493638676844783,0.044529262086514
2787.0,华源控股,0.16326530612244897,0.013605442176870748
300323.0,华灿光电,0.1290983606557377,0.0471311475409836
300133.0,华策影视,0.11010830324909747,0.08077617328519855
2840.0,华统股份,0.16993464052287582,0.02287581699346405
300490.0,华自科技,0.21121883656509696,0.04709141274238227
300527.0,华舟应急,0.18983402489626555,0.038381742738589214
2321.0,华英农业,0.1402439024390244,0.03201219512195122
300330.0,华虹计通,0.14292196007259528,0.07463702359346643
2630.0,华西能源,0.1456140350877193,0.0
300027.0,华谊兄弟,0.14244186046511628,0.04443521594684385
300071.0,华谊嘉信,0.15560640732265446,0.05263157894736842
2758.0,华通医药,0.16508313539192399,0.03800475059382423
2004.0,华邦健康,0.15109343936381708,0.05417495029821073
300462.0,华铭智能,0.13066202090592335,0.024390243902439025
2806.0,华锋股份,0.2,0.008333333333333333
300350.0,华鹏飞,0.17442622950819672,0.03934426229508197
2506.0,协鑫集成,0.16116751269035534,0.05456852791878172
2369.0,卓翼科技,0.17732558139534885,0.024709302325581394
2040.0,南京港,0.1854575163398693,0.02287581699346405
2757.0,南兴装备,0.18674698795180722,0.03815261044176707
300417.0,南华仪器,0.17301038062283736,0.03633217993079585
2305.0,南国置业,0.18484555984555984,0.04247104247104247
300346.0,南大光电,0.12088675213675214,0.07540064102564104
2314.0,南山控股,0.1361344537815126,0.03865546218487395
2096.0,南岭民爆,0.16795366795366795,0.03861003861003861
2127.0,南极电商,0.1631578947368421,0.04240601503759398
2389.0,南洋科技,0.13612004287245444,0.027331189710610933
2212.0,南洋股份,0.18032786885245902,0.030737704918032786
300280.0,南通锻压,0.18269230769230768,0.04881656804733728
300068.0,南都电源,0.12925851703406813,0.026052104208416832
300422.0,博世科,0.1449511400651466,0.016286644951140065
2297.0,博云新材,0.1687022900763359,0.04198473282442748
300548.0,博创科技,0.19138755980861244,0.045454545454545456
2698.0,博实股份,0.10843373493975904,0.02610441767068273
2649.0,博彦科技,0.19360902255639098,0.03007518796992481
300525.0,博思软件,0.1709809264305177,0.03678474114441417
300318.0,博晖创新,0.14036697247706423,0.029357798165137616
300404.0,博济医药,0.14537444933920704,0.048458149779735685
2282.0,博深工具,0.1798780487804878,0.021341463414634148
300363.0,博腾股份,0.12958963282937366,0.046328293736501075
2268.0,卫士通,0.15476190476190477,0.05989010989010989
300253.0,卫宁健康,0.1596045197740113,0.052259887005649715
2648.0,卫星石化,0.15450643776824036,0.030042918454935622
2143.0,印纪传媒,0.1721311475409836,0.04918032786885246
300471.0,厚普股份,0.13366718027734978,0.023882896764252697
2718.0,友邦吊顶,0.1277602523659306,0.03627760252365931
2277.0,友阿股份,0.12607449856733524,0.022922636103151862
2481.0,双塔食品,0.13902147971360382,0.026252983293556086
2693.0,双成药业,0.17167919799498746,0.049373433583959896
2585.0,双星新材,0.16477272727272727,0.019886363636363636
300444.0,双杰电气,0.15466666666666667,0.013333333333333334
300100.0,双林股份,0.18927015250544663,0.0196078431372549
2381.0,双箭股份,0.18364928909952608,0.05853080568720379
2395.0,双象股份,0.14220430107526882,0.05065284178187404
2038.0,双鹭药业,0.14354625550660793,0.05881057268722467
300108.0,双龙股份,0.1596774193548387,0.03978494623655914
300551.0,古鳌科技,0.1554054054054054,0.03427027027027027
2782.0,可立克,0.1551987767584098,0.03363914373088685
300046.0,台基股份,0.18642241379310345,0.05107758620689655
2366.0,台海核电,0.13835616438356163,0.0684931506849315
2588.0,史丹利,0.19023136246786632,0.05835475578406169
2538.0,司尔特,0.13892288861689106,0.07787637698898409
2383.0,合众思壮,0.17719072164948454,0.03479381443298969
2228.0,合兴包装,0.17735042735042736,0.051709401709401706
2217.0,合力泰,0.12459546925566344,0.022653721682847898
300048.0,合康新能,0.12082262210796915,0.07776349614395887
300477.0,合纵科技,0.16009280742459397,0.05730858468677494
2208.0,合肥城建,0.13148148148148148,0.03333333333333333
300597.0,吉大通信,0.14840989399293286,0.045936395759717315
2803.0,吉宏股份,0.21388888888888888,0.022222222222222223
300022.0,吉峰农机,0.10877192982456141,0.042105263157894736
623.0,吉林敖东,0.13747346072186836,0.036093418259023353
300309.0,吉艾科技,0.1554929577464789,0.03943661971830986
2835.0,同为股份,0.18126159554730983,0.039332096474953615
2845.0,同兴达,0.12145969498910675,0.044662309368191724
300321.0,同大股份,0.1826026119402985,0.05317164179104478
2360.0,同德化工,0.16887019230769232,0.04807692307692308
300302.0,同有科技,0.21120689655172414,0.028017241379310345
2052.0,同洲电子,0.15517241379310345,0.07183908045977011
300538.0,同益股份,0.1882716049382716,0.03629629629629629
300506.0,名家汇,0.15258007117437722,0.030249110320284697
2830.0,名雕股份,0.14144736842105263,0.05756578947368421
300111.0,向日葵,0.16465696465696467,0.0395010395010395
2232.0,启明信息,0.15300546448087432,0.051092896174863386
2439.0,启明星辰,0.10290262172284645,0.06179775280898876
300500.0,启迪设计,0.13184438040345822,0.04610951008645533
300292.0,吴通控股,0.18326693227091634,0.029880478087649404
300550.0,和仁科技,0.1650943396226415,0.031446540880503145
300273.0,和佳股份,0.14230019493177387,0.05847953216374269
300279.0,和晶科技,0.164021164021164,0.018518518518518517
2816.0,和科达,0.1282608695652174,0.021739130434782608
2824.0,和胜股份,0.1213768115942029,0.04710144927536232
300141.0,和顺电气,0.1707482993197279,0.03741496598639456
2615.0,哈尔斯,0.15755627009646303,0.04340836012861737
2567.0,唐人神,0.16853035143769968,0.027156549520766772
300426.0,唐德影视,0.13392857142857142,0.03526785714285714
2462.0,嘉事堂,0.11006289308176101,0.050314465408805034
300117.0,嘉寓股份,0.10606060606060606,0.041666666666666664
2198.0,嘉应制药,0.1829004329004329,0.04805194805194805
2404.0,嘉欣丝绸,0.15342960288808663,0.030685920577617327
2486.0,嘉麟杰,0.14845605700712589,0.02494061757719715
300468.0,四方精创,0.17959183673469387,0.04938775510204081
300179.0,四方达,0.10850439882697947,0.04398826979472141
2405.0,四维图新,0.1452270081490105,0.03259604190919674
300428.0,四通新材,0.1297709923664122,0.035623409669211195
300041.0,回天新材,0.15954251386321627,0.04750462107208872
2586.0,围海股份,0.1860655737704918,0.03770491803278689
2736.0,国信证券,0.15331278890600925,0.062326656394453006
2045.0,国光电器,0.18359375,0.04015625
2749.0,国光股份,0.14966367713004483,0.054260089686098655
2377.0,国创高新,0.1625,0.02857142857142857
2449.0,国星光电,0.1375570776255708,0.04052511415525114
300077.0,国民技术,0.13047138047138046,0.045454545454545456
300285.0,国瓷材料,0.14769647696476965,0.037940379403794036
300388.0,国祯环保,0.1275252525252525,0.045770202020202023
2205.0,国统股份,0.1580188679245283,0.030660377358490566
300094.0,国联水产,0.19323394495412843,0.03784403669724771
2093.0,国脉科技,0.18723404255319148,0.031914893617021274
2074.0,国轩高科,0.1763540290620872,0.03857331571994716
2299.0,圣农发展,0.14073305670816044,0.040110650069156296
2473.0,圣莱达,0.18973214285714285,0.017857142857142856
2580.0,圣阳股份,0.175,0.043666666666666666
300403.0,地尔汉宇,0.13066316480630336,0.0391332895600788
2791.0,坚朗五金,0.17350746268656717,0.054104477611940295
300116.0,坚瑞沃能,0.11496980155306298,0.031492666091458156
2747.0,埃斯顿,0.12749445676274945,0.04656319290465632
2447.0,壹桥股份,0.18213296398891968,0.045706371191135735
2761.0,多喜爱,0.15328467153284672,0.021897810218978103
2407.0,多氟多,0.10883204633204634,0.037162162162162164
2263.0,大东南,0.18973214285714285,0.017857142857142856
2385.0,大北农,0.15406976744186046,0.023255813953488372
2236.0,大华股份,0.1683673469387755,0.048104956268221574
300134.0,大富科技,0.16839378238341968,0.05310880829015544
2505.0,大康农业,0.15,0.03
2008.0,大族激光,0.125531914893617,0.03404255319148936
2249.0,大洋电机,0.19181034482758622,0.027298850574712645
2077.0,大港股份,0.168,0.06533333333333333
300021.0,大禹节水,0.1635294117647059,0.02588235294117647
2606.0,大连电瓷,0.16966580976863754,0.032133676092544985
2204.0,大连重工,0.12719298245614036,0.050682261208576995
2487.0,大金重工,0.09829059829059829,0.04700854700854701
2459.0,天业通联,0.11405660377358491,0.04683962264150943
300390.0,天华超净,0.1615598885793872,0.05766016713091922
2386.0,天原集团,0.11578685258964143,0.046812749003984064
300397.0,天和防务,0.1572700296735905,0.03412462908011869
300205.0,天喻信息,0.1828848223896663,0.03498385360602799
300332.0,天壕环境,0.14285714285714285,0.05167173252279635
2009.0,天奇股份,0.127989417989418,0.0746031746031746
2238.0,天威视讯,0.1323024054982818,0.013745704467353952
300394.0,天孚通信,0.12121212121212122,0.04191919191919192
2220.0,天宝股份,0.12804878048780488,0.04878048780487805
300313.0,天山生物,0.1819148936170213,0.04723404255319149
2509.0,天广中茂,0.17802197802197803,0.05318681318681318
2100.0,天康生物,0.171990171990172,0.06068796068796069
300169.0,天晟新材,0.11811023622047244,0.023622047244094488
2510.0,天汽模,0.19907407407407407,0.027777777777777776
2564.0,天沃科技,0.15954415954415954,0.038461538461538464
300209.0,天泽信息,0.16891891891891891,0.02364864864864865
2134.0,天津普林,0.13879598662207357,0.026755852842809364
300008.0,天海防务,0.1864406779661017,0.025423728813559324
2113.0,天润数娱,0.12211221122112212,0.039603960396039604
2283.0,天润曲轴,0.170523138832998,0.03319919517102616
300047.0,天源迪科,0.135290763968073,0.031071835803876853
300245.0,天玑科技,0.17657342657342656,0.046620046620046623
300165.0,天瑞仪器,0.18447293447293447,0.04415954415954416
2354.0,天神娱乐,0.1559119496855346,0.042955974842767294
300362.0,天翔环境,0.1555944055944056,0.02097902097902098
300569.0,天能重工,0.19162591687041564,0.03178484107579462
300148.0,天舟文化,0.16615384615384615,0.05753846153846154
2419.0,天虹商场,0.13902077151335313,0.03523738872403561
2709.0,天赐材料,0.09168865435356201,0.036939313984168866
2124.0,天邦股份,0.13970588235294118,0.04341736694677871
300587.0,天铁股份,0.15945205479452054,0.047123287671232875
300342.0,天银机电,0.1431451612903226,0.027721774193548387
2759.0,天际股份,0.13319672131147542,0.01639344262295082
2800.0,天顺股份,0.15217391304347827,0.03125
2531.0,天顺风能,0.12413793103448276,0.04767241379310345
2453.0,天马精化,0.11278538812785388,0.03538812785388128
2122.0,天马股份,0.1673076923076923,0.023076923076923078
2466.0,天齐锂业,0.12937062937062938,0.018648018648018648
300029.0,天龙光电,0.1617161716171617,0.019801980198019802
2433.0,太安堂,0.14986187845303867,0.03970994475138122
2368.0,太极股份,0.10828025477707007,0.041401273885350316
300344.0,太空板业,0.1743119266055046,0.024464831804281346
300570.0,太辰光,0.18002028397565922,0.04766734279918864
2300.0,太阳电缆,0.17134831460674158,0.03745318352059925
300123.0,太阳鸟,0.1270718232044199,0.04696132596685083
2781.0,奇信股份,0.17142857142857143,0.02857142857142857
2287.0,奇正藏药,0.18958333333333333,0.020833333333333332
300082.0,奥克股份,0.15736677115987463,0.04741379310344827
2587.0,奥拓电子,0.14186851211072665,0.03633217993079585
2338.0,奥普光电,0.13359840954274355,0.02186878727634195
2239.0,奥特佳,0.1616323907455013,0.017994858611825194
2227.0,奥特迅,0.14464285714285716,0.055357142857142855
2701.0,奥瑞金,0.11893980477223427,0.061184924078091105
2231.0,奥维通信,0.17945544554455445,0.049999999999999996
300585.0,奥联电子,0.16243654822335024,0.04746192893401015
2292.0,奥飞娱乐,0.18041237113402062,0.05463917525773196
2668.0,奥马电器,0.0975609756097561,0.032520325203252036
2729.0,好利来,0.13229571984435798,0.05058365758754864
2582.0,好想你,0.18333333333333332,0.044
2605.0,姚记扑克,0.19239373601789708,0.042505592841163314
2308.0,威创股份,0.15281593406593408,0.030013736263736265
2058.0,威尔泰,0.18217821782178217,0.041980198019801976
2111.0,威海广泰,0.1423076923076923,0.052700490998363346
2083.0,孚日股份,0.14492753623188406,0.036231884057971016
2164.0,宁波东力,0.11351351351351352,0.04378378378378378
2048.0,宁波华翔,0.1507056451612903,0.046370967741935484
2142.0,宁波银行,0.13649103139013452,0.04899103139013453
2289.0,宇顺电子,0.15370595382746052,0.05492102065613609
300218.0,安利股份,0.11552346570397112,0.08077617328519855
2235.0,安妮股份,0.15513626834381553,0.04916142557651992
300155.0,安居宝,0.14736842105263157,0.0456140350877193
300370.0,安控科技,0.17379032258064517,0.03655913978494624
300380.0,安硕信息,0.15529695024077048,0.06974317817014447
300286.0,安科瑞,0.13845401174168298,0.0487279843444227
300009.0,安科生物,0.14147331786542924,0.030162412993039442
2136.0,安纳达,0.08011363636363636,0.03551136363636364
300067.0,安诺其,0.16071428571428573,0.04799107142857143
300572.0,安车检测,0.17002881844380405,0.020172910662824207
300144.0,宋城演艺,0.1019163763066202,0.04006968641114982
2624.0,完美世界,0.17191516709511567,0.05784061696658098
2683.0,宏大爆破,0.1431159420289855,0.025362318840579712
2062.0,宏润建设,0.16519434628975266,0.04063604240282685
2211.0,宏达新材,0.22355769230769232,0.04807692307692308
2144.0,宏达高科,0.15676265270506104,0.057766143106457245
300328.0,宜安科技,0.10262449528936743,0.03532974427994617
2627.0,宜昌交运,0.12286324786324786,0.042735042735042736
300310.0,宜通世纪,0.12074074074074075,0.03287037037037037
300135.0,宝利国际,0.165374677002584,0.04780361757105943
300023.0,宝德股份,0.12373737373737374,0.026262626262626262
300402.0,宝色股份,0.17708333333333334,0.05130208333333333
2476.0,宝莫股份,0.12632042253521128,0.06373239436619718
300246.0,宝莱特,0.14492753623188406,0.04106280193236715
300031.0,宝通科技,0.10144927536231885,0.021739130434782608
600019.0,宝钢股份,0.12846509240246407,0.04376283367556468
2514.0,宝馨科技,0.16266666666666665,0.060533333333333335
2047.0,宝鹰股份,0.14573991031390135,0.013452914798206279
2552.0,宝鼎科技,0.152317880794702,0.019867549668874173
300612.0,宣亚国际,0.15331010452961671,0.059233449477351915
300576.0,容大感光,0.17109634551495018,0.04983388704318937
300432.0,富临精工,0.16134751773049646,0.028368794326241134
2357.0,富临运业,0.1876657824933687,0.04111405835543767
2327.0,富安娜,0.10583941605839416,0.03467153284671533
300299.0,富春股份,0.15945330296127563,0.05170842824601367
2818.0,富森美,0.20202020202020202,0.021885521885521887
2743.0,富煌钢构,0.16945288753799392,0.04559270516717325
300228.0,富瑞特装,0.14668769716088328,0.03785488958990536
300497.0,富祥股份,0.15586107091172213,0.06396526772793054
300387.0,富邦股份,0.1865079365079365,0.03306878306878307
300267.0,尔康制药,0.1527777777777778,0.017676767676767676
2551.0,尚荣医疗,0.14209751308900523,0.04450261780104712
2427.0,尤夫股份,0.17352185089974292,0.04113110539845758
2490.0,山东墨龙,0.13991769547325103,0.04938271604938271
2193.0,山东如意,0.12324929971988796,0.04201680672268908
2026.0,山东威达,0.1821138211382114,0.03523035230352303
2526.0,山东矿机,0.1297760210803689,0.054940711462450595
2598.0,山东章鼓,0.15771812080536912,0.06812080536912751
2097.0,山河智能,0.15266106442577032,0.049019607843137254
300452.0,山河药辅,0.17748478701825557,0.047058823529411764
2500.0,山西证券,0.15916955017301038,0.03460207612456748
300492.0,山鼎设计,0.1845703125,0.0234375
2717.0,岭南园林,0.1911504424778761,0.04460176991150443
2253.0,川大智胜,0.1453846153846154,0.046153846153846156
2272.0,川润股份,0.15200845665961946,0.04756871035940803
300547.0,川环科技,0.17827298050139276,0.034818941504178275
300505.0,川金诺,0.15748898678414097,0.05165198237885463
2342.0,巨力索具,0.16551987767584098,0.03058103975535168
2444.0,巨星科技,0.13639125151883352,0.03614823815309842
2031.0,巨轮智能,0.168943661971831,0.04605633802816902
2619.0,巨龙管业,0.18263157894736842,0.0431578947368421
2188.0,巴士在线,0.14855875831485588,0.06097560975609756
300262.0,巴安水务,0.17984189723320157,0.02766798418972332
2485.0,希努尔,0.1312785388127854,0.05867579908675799
2798.0,帝王洁具,0.1525096525096525,0.019305019305019305
2247.0,帝龙文化,0.14370748299319727,0.017006802721088437
2478.0,常宝股份,0.15591397849462366,0.035842293906810034
300255.0,常山药业,0.15360824742268042,0.03402061855670103
2160.0,常铝股份,0.1697841726618705,0.039568345323741004
300571.0,平治信息,0.12608695652173912,0.0391304347826087
300528.0,幸福蓝海,0.16007194244604317,0.02158273381294964
2101.0,广东鸿图,0.2,0.03937007874015748
300537.0,广信材料,0.16807348560079444,0.049155908639523335
2103.0,广博股份,0.17123745819397995,0.04013377926421405
2133.0,广宇集团,0.17560553633217993,0.02768166089965398
2482.0,广田集团,0.08064516129032258,0.03225806451612903
600831.0,广电网络,0.11467889908256881,0.022935779816513763
2152.0,广电运通,0.13537117903930132,0.06586608442503639
2187.0,广百股份,0.15818181818181817,0.03890909090909091
2410.0,广联达,0.1010230179028133,0.03580562659846547
2367.0,康力电梯,0.16931929480901078,0.043095004897159644
2773.0,康弘药业,0.15491803278688523,0.03816393442622951
2119.0,康强电子,0.18917274939172748,0.040145985401459854
2450.0,康得新,0.13052843193566915,0.038742102240091905
300455.0,康拓红外,0.12536443148688048,0.02040816326530612
300445.0,康斯特,0.18326693227091634,0.029880478087649404
600076.0,康欣新材,0.1070528967254408,0.04030226700251889
300601.0,康泰生物,0.1349206349206349,0.049206349206349205
2418.0,康盛股份,0.16826923076923078,0.04807692307692308
300061.0,康耐特,0.16123778501628663,0.016286644951140065
300086.0,康芝药业,0.1758957654723127,0.02280130293159609
2669.0,康达新材,0.10706638115631692,0.02569593147751606
2178.0,延华智能,0.1111111111111111,0.044444444444444446
300107.0,建新股份,0.14785992217898833,0.054474708171206226
2398.0,建研集团,0.13086510263929618,0.017595307917888565
2789.0,建艺集团,0.15384615384615385,0.038461538461538464
300338.0,开元仪器,0.15720338983050847,0.05500000000000001
300234.0,开尔新材,0.18261964735516373,0.06473551637279597
300577.0,开润股份,0.16090909090909092,0.04672727272727273
300633.0,开立医疗,0.17343173431734318,0.03136531365313653
300272.0,开能环保,0.15078791858174656,0.053020354563361786
2833.0,弘亚数控,0.10862619808306709,0.054313099041533544
2839.0,张家港行,0.10185185185185185,0.020061728395061727
300429.0,强力新材,0.21138211382113822,0.014227642276422764
300073.0,当升科技,0.14069920844327177,0.036939313984168866
2561.0,徐家汇,0.11066666666666666,0.042
2330.0,得利斯,0.15695296523517382,0.04243353783231084
2055.0,得润电子,0.18173076923076922,0.04423076923076923
2177.0,御银股份,0.14652014652014653,0.038461538461538464
2801.0,微光股份,0.14522821576763487,0.024896265560165973
2571.0,德力股份,0.1215702947845805,0.08333333333333333
2260.0,德奥通航,0.16131284916201116,0.03770949720670391
300325.0,德威新材,0.1700507614213198,0.03553299492385787
2631.0,德尔未来,0.15758293838862558,0.04739336492890995
300473.0,德尔股份,0.17124105011933174,0.025059665871121718
2054.0,德美化工,0.11141304347826086,0.02717391304347826
2666.0,德联集团,0.11003236245954692,0.016181229773462782
2005.0,德豪润达,0.1344660194174757,0.09603559870550162
49.0,德赛电池,0.19831730769230768,0.025240384615384616
2411.0,必康股份,0.15436241610738255,0.030201342281879196
300413.0,快乐购,0.1384180790960452,0.01977401129943503
300078.0,思创医惠,0.12105263157894737,0.01929824561403509
300608.0,思特奇,0.11875,0.029411764705882353
2712.0,思美传媒,0.16432225063938619,0.023017902813299233
2183.0,怡亚通,0.14843117408906883,0.057692307692307696
300081.0,恒信移动,0.14686468646864687,0.026402640264026403
2492.0,恒基达鑫,0.172008547008547,0.054914529914529914
2591.0,恒大高新,0.13485477178423236,0.02074688796680498
2104.0,恒宝股份,0.11791891891891892,0.07118918918918918
2219.0,恒康医疗,0.1568870523415978,0.05371900826446281
2132.0,恒星科技,0.12921348314606743,0.02902621722846442
300513.0,恒泰实达,0.13068181818181818,0.03787878787878788
300157.0,恒泰艾普,0.18787425149700598,0.02694610778443114
300374.0,恒通科技,0.15492957746478872,0.03755868544600939
2237.0,恒邦股份,0.17219387755102042,0.02423469387755102
300605.0,恒锋信息,0.19180887372013652,0.04436860068259386
300488.0,恒锋工具,0.16312997347480107,0.04429708222811671
300208.0,恒顺众昇,0.10683060109289617,0.0353551912568306
2262.0,恩华药业,0.10738950276243094,0.027624309392265192
2162.0,悦心健康,0.12757731958762886,0.041237113402061855
300460.0,惠伦晶体,0.10091743119266056,0.01834862385321101
2554.0,惠博普,0.1548223350253807,0.030456852791878174
2343.0,慈文传媒,0.14892979452054794,0.03553082191780822
300307.0,慈星股份,0.16052631578947368,0.05973684210526316
2628.0,成都路桥,0.16808510638297872,0.02553191489361702
2190.0,成飞集成,0.17191977077363896,0.04154727793696275
300357.0,我武生物,0.16842105263157894,0.06973684210526315
300314.0,戴维医疗,0.16055846422338568,0.0462478184991274
2652.0,扬子新材,0.16887417218543047,0.046799116997792496
300373.0,扬杰科技,0.14593908629441624,0.030456852791878174
2154.0,报喜鸟,0.15977443609022557,0.03007518796992481
300229.0,拓尔思,0.18591549295774648,0.02112676056338028
300607.0,拓斯达,0.117170626349892,0.029157667386609073
2218.0,拓日新能,0.14066496163682865,0.028132992327365727
2261.0,拓维信息,0.14542322834645668,0.05019685039370079
2139.0,拓邦股份,0.1353021978021978,0.048763736263736264
1979.0,招商蛇口,0.1014218009478673,0.030015797788309637
300158.0,振东制药,0.1372126436781609,0.04885057471264368
300101.0,振芯科技,0.13435374149659865,0.05555555555555555
300182.0,捷成股份,0.14450354609929078,0.03546099290780142
2609.0,捷顺科技,0.20119521912350596,0.01593625498007968
300315.0,掌趣科技,0.163477537437604,0.05798668885191348
300005.0,探路者,0.19267241379310346,0.023168103448275863
2451.0,摩恩电气,0.15350318471337582,0.04777070063694268
2656.0,摩登大道,0.1975,0.015
300075.0,数字政通,0.13106796116504854,0.043689320388349516
300579.0,数字认证,0.1862348178137652,0.030364372469635626
300079.0,数码视讯,0.15654205607476634,0.0502803738317757
300089.0,文化长城,0.18980582524271844,0.02669902912621359
2775.0,文科园林,0.12048665620094191,0.058084772370486655
300382.0,斯莱克,0.20259938837920488,0.0290519877675841
2388.0,新亚制程,0.12269938650306748,0.027607361963190184
300472.0,新元科技,0.11895910780669144,0.011152416356877323
2147.0,新光圆成,0.14878048780487804,0.03861788617886179
300519.0,新光药业,0.17440944881889764,0.044409448818897634
2376.0,新北洋,0.15384615384615385,0.05549450549450549
2264.0,新华都,0.17407407407407408,0.03148148148148148
2001.0,新和成,0.17930555555555555,0.033555555555555554
300130.0,新国都,0.13998035363457761,0.03241650294695481
300259.0,新天科技,0.13773584905660377,0.0330188679245283
300013.0,新宁物流,0.13829787234042554,0.04964539007092199
2836.0,新宏泽,0.16326530612244897,0.027210884353741496
300037.0,新宙邦,0.125,0.05319148936170213
2705.0,新宝股份,0.16337078651685394,0.02696629213483146
300248.0,新开普,0.16971279373368145,0.05926892950391645
300109.0,新开源,0.1527777777777778,0.030864197530864196
300336.0,新文化,0.09375,0.06818181818181818
2527.0,新时达,0.140625,0.05352393617021277
300502.0,新易盛,0.16645962732919256,0.027950310559006212
300542.0,新晨科技,0.17351351351351352,0.03783783783783784
2328.0,新朋股份,0.146875,0.028749999999999998
2089.0,新海宜,0.1172150411280846,0.05699177438307873
2532.0,新界泵业,0.13548728813559321,0.04067796610169491
2700.0,新疆浩源,0.15949820788530467,0.03225806451612903
300159.0,新研股份,0.18229166666666666,0.027777777777777776
2480.0,新筑股份,0.1672661870503597,0.02997601918465228
2341.0,新纶科技,0.17077759197324416,0.04381270903010033
300509.0,新美星,0.18880597014925374,0.020522388059701493
300260.0,新莱应材,0.11797752808988764,0.029213483146067417
2087.0,新野纺织,0.16600790513833993,0.02766798418972332
300593.0,新雷能,0.14047029702970298,0.051856435643564354
2196.0,方正电机,0.13675213675213677,0.02849002849002849
300235.0,方直科技,0.16470588235294117,0.01568627450980392
2593.0,日上集团,0.18503937007874016,0.04763779527559055
2520.0,日发精机,0.10120898100172714,0.030224525043177894
603218.0,日月股份,0.16904761904761906,0.030612244897959183
300470.0,日机密封,0.19125248508946321,0.04771371769383698
2313.0,日海通讯,0.15961098398169338,0.05835240274599542
600017.0,日照港,0.15962145110410095,0.04416403785488959
300214.0,日科化学,0.17155425219941348,0.03519061583577713
2516.0,旷达科技,0.1761904761904762,0.031746031746031744
300418.0,昆仑万维,0.11813186813186813,0.038461538461538464
2752.0,昇兴股份,0.12753807106598986,0.04568527918781726
300503.0,昊志机电,0.13951219512195123,0.05121951219512195
300151.0,昌红科技,0.17959183673469387,0.04938775510204081
300242.0,明家联合,0.2125,0.035416666666666666
2574.0,明牌珠宝,0.1327708703374778,0.06127886323268206
300125.0,易世达,0.1408132530120482,0.03313253012048193
300376.0,易事特,0.09897610921501707,0.020477815699658702
300212.0,易华录,0.17735042735042736,0.051709401709401706
2826.0,易明医药,0.17375,0.035
300096.0,易联众,0.1857976653696498,0.04571984435797665
300464.0,星徽精密,0.12087912087912088,0.016483516483516484
300256.0,星星科技,0.16404199475065617,0.05170603674540682
2291.0,星期六,0.1105121293800539,0.03773584905660377
300143.0,星河生物,0.11388888888888889,0.016666666666666666
300568.0,星源材质,0.11937716262975778,0.05968858131487889
2829.0,星网宇达,0.19027484143763213,0.021564482029598306
2396.0,星网锐捷,0.1268472906403941,0.021551724137931036
300043.0,星辉娱乐,0.1975958702064896,0.024321533923303836
2547.0,春兴精工,0.12447698744769875,0.036610878661087864
300139.0,晓程科技,0.14945155393053017,0.04296160877513711
300138.0,晨光生物,0.18269230769230768,0.04881656804733728
300610.0,晨化股份,0.14213893967093236,0.051645338208409504
300581.0,晨曦航空,0.16493055555555555,0.04548611111111111
300442.0,普丽盛,0.15543478260869564,0.050543478260869565
2324.0,普利特,0.15942028985507245,0.04182194616977226
2769.0,普路通,0.16272727272727272,0.057272727272727274
2663.0,普邦园林,0.17595307917888564,0.026392961876832845
2067.0,景兴纸业,0.14042721518987342,0.0490506329113924
300474.0,景嘉微,0.13372093023255813,0.03197674418604651
300316.0,晶盛机电,0.173828125,0.01953125
300097.0,智云股份,0.14156626506024098,0.016566265060240965
2169.0,智光电气,0.16242362525458248,0.032586558044806514
300173.0,智慧松德,0.13190954773869346,0.05025125628140704
300122.0,智飞生物,0.16619718309859155,0.022535211267605635
300431.0,暴风集团,0.13859764089121887,0.09233289646133683
2612.0,朗姿股份,0.11741329479768786,0.0755057803468208
300175.0,朗源股份,0.1425339366515837,0.03733031674208145
300288.0,朗玛信息,0.1280120481927711,0.03162650602409638
300543.0,朗科智能,0.1527972027972028,0.03802447552447553
300042.0,朗科科技,0.16425992779783394,0.04909747292418772
2745.0,木林森,0.15602836879432624,0.02127659574468085
2581.0,未名医药,0.156312625250501,0.045090180360721446
300024.0,机器人,0.16916488222698073,0.027837259100642397
300478.0,杭州高新,0.1856508875739645,0.04215976331360947
2430.0,杭氧股份,0.15675675675675677,0.036036036036036036
2534.0,杭锅股份,0.13788659793814434,0.06374570446735395
2353.0,杰瑞股份,0.14049586776859505,0.01652892561983471
2544.0,杰赛科技,0.14484536082474228,0.03402061855670103
2454.0,松芝股份,0.1511780104712042,0.0450261780104712
2535.0,林州重机,0.15092989985693847,0.0553648068669528
2776.0,柏堡龙,0.14735099337748345,0.016556291390728478
2346.0,柘中股份,0.2069767441860465,0.013953488372093023
2082.0,栋梁新材,0.17155425219941348,0.03519061583577713
2340.0,格林美,0.121414913957935,0.03550031867431485
2820.0,桂发祥,0.13551401869158877,0.037383177570093455
2275.0,桂林三金,0.13803680981595093,0.04294478527607362
300275.0,梅安森,0.13690476190476192,0.025793650793650792
300038.0,梅泰诺,0.1687853107344633,0.04943502824858757
2397.0,梦洁股份,0.11174242424242424,0.02556818181818182
2123.0,梦网荣信,0.1091063829787234,0.04382978723404255
2634.0,棒杰股份,0.14296754250386398,0.03863987635239567
2431.0,棕榈股份,0.157,0.022
2358.0,森源电气,0.15659777424483307,0.02702702702702703
300210.0,森远股份,0.12070610687022901,0.03721374045801527
2563.0,森马服饰,0.14133016627078385,0.04631828978622328
300358.0,楚天科技,0.1103448275862069,0.041379310344827586
2171.0,楚江新材,0.15037593984962405,0.03258145363408521
2474.0,榕基软件,0.1532258064516129,0.033498759305210915
2056.0,横店东磁,0.12989972652689152,0.041499544211485884
300539.0,横河模具,0.12075471698113208,0.011320754716981131
300615.0,欣天科技,0.15616621983914208,0.046849865951742634
300207.0,欣旺达,0.10837438423645321,0.04433497536945813
300372.0,欣泰电气,0.17880794701986755,0.052980132450331126
300595.0,欧普康视,0.15932914046121593,0.039832285115303984
300053.0,欧比特,0.1825,0.02375
2711.0,欧浦智网,0.18055555555555555,0.04861111111111111
2456.0,欧菲光,0.10940545808966862,0.03533138401559454
2241.0,歌尔股份,0.11566358024691359,0.02546296296296296
300410.0,正业科技,0.15953947368421054,0.03289473684210526
300224.0,正海磁材,0.1398550724637681,0.042270531400966184
2157.0,正邦科技,0.16393442622950818,0.02622950819672131
2569.0,步森股份,0.1759581881533101,0.033101045296167246
2251.0,步步高,0.18263473053892215,0.04640718562874251
2194.0,武汉凡谷,0.1777198211624441,0.05394932935916543
2420.0,毅昌股份,0.18333333333333332,0.044
2594.0,比亚迪,0.11993518518518519,0.046481481481481485
2832.0,比音勒芬,0.1724137931034483,0.02490421455938697
2234.0,民和股份,0.1663135593220339,0.05614406779661017
2647.0,民盛金科,0.15335051546391754,0.02577319587628866
2273.0,水晶光电,0.168848167539267,0.031413612565445025
2753.0,永东股份,0.14495798319327732,0.014705882352941176
2756.0,永兴特钢,0.16634146341463416,0.03414634146341464
300230.0,永利股份,0.14655172413793102,0.05295566502463054
2795.0,永和智控,0.16666666666666666,0.04460093896713615
2326.0,永太科技,0.16414141414141414,0.02904040404040404
2365.0,永安药业,0.13560267857142858,0.03125
300187.0,永清环保,0.1676706827309237,0.041499330655957165
300351.0,永贵电器,0.16503496503496504,0.04895104895104895
2641.0,永高股份,0.17630057803468208,0.046242774566473986
300371.0,汇中股份,0.19078947368421054,0.044407894736842105
300282.0,汇冠股份,0.12420508744038156,0.03815580286168521
300124.0,汇川技术,0.1398,0.0352
2763.0,汇洁股份,0.18683651804670912,0.034394904458598725
300609.0,汇纳科技,0.2069767441860465,0.038139534883720926
300368.0,汇金股份,0.10283687943262411,0.024822695035460994
300007.0,汉威电子,0.13320079522862824,0.051888667992047714
300170.0,汉得信息,0.16821808510638298,0.05585106382978723
2412.0,汉森制药,0.13411764705882354,0.04588235294117647
2498.0,汉缆股份,0.15925480769230768,0.04927884615384615
300449.0,汉邦高科,0.1310598111227702,0.06873032528856243
2158.0,汉钟精机,0.13440265486725664,0.030973451327433628
300300.0,汉鼎宇佑,0.19053398058252427,0.05339805825242718
2226.0,江南化工,0.20119521912350596,0.05179282868525897
2601.0,江山化工,0.1707105719237435,0.0389948006932409
2484.0,江海股份,0.17429193899782136,0.05381263616557734
2600.0,江粉磁材,0.19636963696369636,0.0231023102310231
2091.0,江苏国泰,0.1592920353982301,0.029498525073746312
2438.0,江苏神通,0.16709183673469388,0.05918367346938775
2807.0,江阴银行,0.11980369515011548,0.03983833718244804
300589.0,江龙船艇,0.1331096196868009,0.03691275167785235
2130.0,沃尔核材,0.17857142857142858,0.02857142857142857
300483.0,沃施股份,0.19381107491856678,0.02280130293159609
300142.0,沃森生物,0.10145719489981786,0.04143897996357013
2075.0,沙钢股份,0.12307692307692308,0.04
2108.0,沧州明珠,0.13697604790419163,0.0407185628742515
2463.0,沪电股份,0.16864608076009502,0.051543942992874105
2254.0,泰和新材,0.176878612716763,0.03757225433526012
2843.0,泰嘉股份,0.18328445747800587,0.03519061583577713
2347.0,泰尔股份,0.1,0.05
300347.0,泰格医药,0.12042459736456808,0.024890190336749635
300129.0,泰胜风能,0.18711656441717792,0.03987730061349693
2304.0,洋河股份,0.1243455497382199,0.01832460732984293
300334.0,津膜科技,0.16198934280639432,0.03685612788632327
2802.0,洪汇新材,0.16153846153846155,0.036923076923076927
2325.0,洪涛股份,0.16733870967741934,0.024193548387096774
300232.0,洲明科技,0.13796680497925312,0.03423236514522822
2557.0,洽洽食品,0.14668094218415417,0.019271948608137045
2098.0,浔兴股份,0.14761904761904762,0.05238095238095238
2266.0,浙富控股,0.16891891891891891,0.02364864864864865
2522.0,浙江众成,0.15695067264573992,0.02914798206278027
2489.0,浙江永强,0.1305732484076433,0.04414012738853503
2677.0,浙江美大,0.1347554630593132,0.03236212278876171
300448.0,浩云科技,0.1696927374301676,0.0223463687150838
2203.0,海亮股份,0.2035294117647059,0.029411764705882353
300201.0,海伦哲,0.13352272727272727,0.028409090909090908
300329.0,海伦钢琴,0.17834394904458598,0.022292993630573247
300065.0,海兰信,0.17920353982300885,0.04498525073746313
603639.0,海利尔,0.08668831168831169,0.01818181818181818
2206.0,海利得,0.1263676148796499,0.03938730853391685
2596.0,海南瑞泽,0.1237785016286645,0.013029315960912053
2311.0,海大集团,0.15325077399380804,0.047987616099071206
2344.0,海宁皮城,0.1271797153024911,0.046218861209964414
2320.0,海峡股份,0.11736334405144695,0.01929260450160772
2184.0,海得控制,0.1493421052631579,0.0506578947368421
2653.0,海思科,0.14116724738675956,0.05696864111498258
2399.0,海普瑞,0.135390625,0.038489583333333334
2465.0,海格通信,0.1850877192982456,0.04684210526315789
2702.0,海欣食品,0.10552763819095477,0.04271356783919598
300517.0,海波重科,0.17693836978131214,0.048111332007952284
2724.0,海洋王,0.08851674641148326,0.031698564593301434
2529.0,海源机械,0.12277183600713013,0.04046345811051693
2023.0,海特高新,0.1442362428842505,0.04079696394686907
2537.0,海立美达,0.16606425702811245,0.033534136546184735
2099.0,海翔药业,0.1396508728179551,0.02493765586034913
300277.0,海联讯,0.15517241379310345,0.034482758620689655
600387.0,海越股份,0.19055374592833876,0.035830618892508145
300584.0,海辰药业,0.15517241379310345,0.038505747126436785
300320.0,海达股份,0.1789693593314763,0.036211699164345405
300501.0,海顺新材,0.1712707182320442,0.04640883977900552
2084.0,海鸥卫浴,0.17457627118644067,0.020338983050847456
300339.0,润和软件,0.1347926267281106,0.0314900153609831
300493.0,润欣科技,0.141399416909621,0.037900874635568516
2483.0,润邦股份,0.10877192982456141,0.042105263157894736
2507.0,涪陵榨菜,0.12395659432387313,0.03964941569282137
300540.0,深冷股份,0.17903930131004367,0.06768558951965066
2168.0,深圳惠程,0.16120426829268292,0.038871951219512195
2573.0,清新环境,0.1630859375,0.048828125
300283.0,温州宏丰,0.13102119460500963,0.03468208092485549
300498.0,温氏股份,0.13576388888888888,0.03854166666666667
2174.0,游族网络,0.1111111111111111,0.034722222222222224
2155.0,湖南黄金,0.14942528735632185,0.027586206896551724
2125.0,湘潭电化,0.1368909512761021,0.04918793503480278
300381.0,溢多利,0.19081272084805653,0.028268551236749116
2244.0,滨江集团,0.1126865671641791,0.04701492537313433
2351.0,漫步者,0.1662826420890937,0.03456221198156682
300191.0,潜能恒信,0.11027291452111226,0.05735066941297631
2345.0,潮宏基,0.10108303249097472,0.018050541516245487
2172.0,澳洋科技,0.16927083333333334,0.034722222222222224
300566.0,激智科技,0.18322981366459629,0.021739130434782608
2225.0,濮耐股份,0.1732186732186732,0.036855036855036855
300481.0,濮阳惠成,0.1554054054054054,0.04054054054054054
300360.0,炬华科技,0.13260869565217392,0.0531055900621118
2315.0,焦点科技,0.1755150554675119,0.020602218700475437
2695.0,煌上煌,0.1848906560636183,0.05009940357852882
300588.0,熙菱信息,0.16909620991253643,0.048104956268221574
2732.0,燕塘乳业,0.13774403470715835,0.031453362255965296
2403.0,爱仕达,0.17582417582417584,0.04807692307692308
300521.0,爱司凯,0.12735849056603774,0.04716981132075472
300015.0,爱尔眼科,0.17164570230607967,0.044549266247379454
2610.0,爱康科技,0.16161616161616163,0.057323232323232325
2416.0,爱施德,0.12028985507246377,0.028079710144927536
2714.0,牧原股份,0.12859884836852206,0.03934740882917467
2728.0,特一药业,0.19141914191419143,0.024752475247524754
2213.0,特尔佳,0.17269076305220885,0.04618473895582329
300001.0,特锐德,0.11929824561403508,0.04298245614035088
2684.0,猛狮科技,0.17207792207792208,0.022727272727272728
2735.0,王子新材,0.11940298507462686,0.014925373134328358
2799.0,环球印务,0.16911764705882354,0.07022058823529412
300425.0,环能科技,0.12265023112480739,0.025423728813559324
300317.0,珈伟股份,0.15,0.034722222222222224
2461.0,珠江啤酒,0.14492753623188406,0.043478260869565216
300557.0,理工光科,0.11266094420600858,0.045493562231759654
2322.0,理工环科,0.13645418326693226,0.03187250996015936
300206.0,理邦仪器,0.09513742071881606,0.03276955602536998
300241.0,瑞丰光电,0.12023460410557185,0.030791788856304986
300243.0,瑞丰高材,0.12012987012987013,0.03896103896103896
300154.0,瑞凌股份,0.11949685534591195,0.0440251572327044
2620.0,瑞和股份,0.14851024208566108,0.05074487895716946
2790.0,瑞尔特,0.18866459627329193,0.040372670807453416
2589.0,瑞康医药,0.19093851132686085,0.03398058252427184
300119.0,瑞普生物,0.14029850746268657,0.052835820895522384
2066.0,瑞泰科技,0.10222222222222223,0.017777777777777778
300600.0,瑞特股份,0.17847025495750707,0.036827195467422094
2095.0,生意宝,0.16266666666666665,0.060533333333333335
300461.0,田中精机,0.1721311475409836,0.0592896174863388
2468.0,申通快递,0.10863509749303621,0.023676880222841225
2730.0,电光科技,0.11148648648648649,0.006756756756756757
300215.0,电科院,0.11767317939609236,0.05595026642984014
2715.0,登云股份,0.158675799086758,0.0365296803652968
2041.0,登海种业,0.13210702341137123,0.020066889632107024
2455.0,百川股份,0.1970684039087948,0.024429967426710098
2568.0,百润股份,0.10612623762376237,0.08137376237623763
2329.0,皇氏集团,0.11964472309299895,0.04493207941483804
2331.0,皖通科技,0.13958333333333334,0.03270833333333333
2458.0,益生股份,0.15258620689655172,0.04482758620689655
2566.0,益盛药业,0.1731332357247438,0.08162518301610541
2847.0,盐津铺子,0.16989361702127664,0.013191489361702127
300494.0,盛天网络,0.13054187192118227,0.019704433497536946
300518.0,盛讯达,0.14615384615384616,0.04755244755244755
2446.0,盛路通信,0.12544964028776978,0.06380395683453238
300090.0,盛运环保,0.1549079754601227,0.04396728016359918
2599.0,盛通股份,0.12075471698113208,0.04150943396226415
2400.0,省广股份,0.1970684039087948,0.043973941368078175
2771.0,真视通,0.15294117647058825,0.023529411764705882
2692.0,睿康股份,0.1543942992874109,0.061045130641330166
2153.0,石基信息,0.18082264957264957,0.04567307692307692
300322.0,硕贝德,0.16607773851590105,0.02120141342756184
300070.0,碧水源,0.11222222222222222,0.04044444444444444
300189.0,神农基因,0.18840579710144928,0.03140096618357488
2361.0,神剑股份,0.18973214285714285,0.017857142857142856
300563.0,神宇股份,0.2043343653250774,0.032507739938080496
300002.0,神州泰岳,0.1697651663405088,0.0474559686888454
2278.0,神开股份,0.1393884892086331,0.05476618705035971
300479.0,神思电子,0.11659021406727829,0.03631498470948012
300156.0,神雾环保,0.09297108673978066,0.03589232303090728
300194.0,福安药业,0.16615384615384615,0.049846153846153846
2679.0,福建金森,0.18333333333333332,0.044
2222.0,福晶科技,0.11270491803278689,0.01639344262295082
300049.0,福瑞股份,0.18164556962025316,0.039240506329113925
300160.0,秀强股份,0.15555555555555556,0.05023148148148148
2422.0,科伦药业,0.1282051282051282,0.04778311965811966
300565.0,科信技术,0.19421487603305784,0.026859504132231406
2335.0,科华恒盛,0.14937759336099585,0.06576763485477179
2022.0,科华生物,0.12266355140186916,0.02570093457943925
2518.0,科士达,0.17729044834307991,0.037037037037037035
300520.0,科大国创,0.18385093167701863,0.034161490683229816
300222.0,科大智能,0.19655172413793104,0.029310344827586206
2230.0,科大讯飞,0.11716911764705881,0.039025735294117646
300340.0,科恒股份,0.10972404730617609,0.013140604467805518
300192.0,科斯伍德,0.16826923076923078,0.02403846153846154
300092.0,科新机电,0.14298561151079137,0.03597122302158273
2499.0,科林环保,0.12764227642276424,0.04747967479674798
300153.0,科泰电源,0.13220338983050847,0.03728813559322034
300152.0,科融环境,0.20422535211267606,0.02112676056338028
2770.0,科迪乳业,0.17050691244239632,0.026497695852534562
2121.0,科陆电子,0.1140724946695096,0.04051172707889126
300405.0,科隆精化,0.15932914046121593,0.049685534591194964
2339.0,积成电子,0.16319444444444445,0.03958333333333333
300590.0,移为通信,0.16926070038910507,0.04221789883268482
300010.0,立思辰,0.16071428571428573,0.04936974789915966
300603.0,立昂技术,0.07470784641068448,0.025459098497495825
2475.0,立讯精密,0.17595108695652173,0.04755434782608696
2378.0,章源钨业,0.09904153354632587,0.04153354632587859
2797.0,第一创业,0.16219667943805874,0.038314176245210725
2181.0,粤传媒,0.1459660297239915,0.054140127388535034
2060.0,粤水电,0.1527027027027027,0.04054054054054054
300099.0,精准信息,0.11397479954180985,0.056128293241695305
2006.0,精功科技,0.1891891891891892,0.02195945945945946
300567.0,精测电子,0.18175853018372704,0.03674540682414698
2295.0,精艺股份,0.12297734627831715,0.03559870550161812
300258.0,精锻科技,0.15092852137351087,0.02747021723896286
2766.0,索菱股份,0.1875,0.017241379310344827
2572.0,索菲亚,0.07572751322751323,0.03518518518518519
2049.0,紫光国芯,0.12149859943977591,0.03571428571428571
2118.0,紫鑫药业,0.2250825082508251,0.0231023102310231
2809.0,红墙股份,0.13945086705202311,0.06748554913294798
300345.0,红宇新材,0.16415662650602408,0.05112951807228916
2165.0,红宝丽,0.16342412451361868,0.027237354085603113
2697.0,红旗连锁,0.1924703891708968,0.04433164128595601
300026.0,红日药业,0.11390532544378698,0.03550295857988166
300427.0,红相电力,0.15970149253731344,0.04776119402985075
2825.0,纳尔股份,0.18366093366093367,0.045454545454545456
300198.0,纳川股份,0.18393393393393392,0.04054054054054054
300120.0,经纬电材,0.17191435768261965,0.042821158690176324
300508.0,维宏股份,0.1995433789954338,0.03424657534246575
300190.0,维尔利,0.1371244635193133,0.038519313304721026
300369.0,绿盟科技,0.15368421052631578,0.03368421052631579
300017.0,网宿科技,0.11240947992100066,0.059907834101382486
2114.0,罗平锌电,0.14234104046242774,0.02023121387283237
2333.0,罗普斯金,0.17023346303501946,0.03696498054474708
2293.0,罗莱生活,0.14880257009345793,0.06047021028037383
2690.0,美亚光电,0.13072122052704577,0.04854368932038835
300188.0,美亚柏科,0.17834394904458598,0.022292993630573247
300611.0,美力科技,0.1714092140921409,0.04607046070460705
300495.0,美尚生态,0.1654320987654321,0.044444444444444446
300495.0,美尚生态,0.1680327868852459,0.020491803278688523
2044.0,美年健康,0.1353868194842407,0.06260744985673353
300439.0,美康生物,0.17142857142857143,0.06224489795918367
300237.0,美晨科技,0.10101010101010101,0.04713804713804714
2034.0,美欣达,0.14285714285714285,0.03663003663003663
2303.0,美盈森,0.16535433070866143,0.05958005249343832
2269.0,美邦服饰,0.06775544388609715,0.04020100502512563
2842.0,翔鹭钨业,0.10996563573883161,0.041237113402061855
300199.0,翰宇药业,0.15865384615384615,0.034254807692307696
2508.0,老板电器,0.1365,0.033
300456.0,耐威科技,0.1305732484076433,0.03503184713375796
300343.0,联创互联,0.13392857142857142,0.047619047619047616
2036.0,联创电子,0.06764295676429567,0.032426778242677826
2250.0,联化科技,0.12877263581488935,0.02012072434607646
2394.0,联发股份,0.21652421652421652,0.04415954415954416
300269.0,联建光电,0.18981481481481483,0.04814814814814815
300545.0,联得装备,0.15185185185185185,0.025925925925925925
2280.0,联络互动,0.20041322314049587,0.01652892561983471
300203.0,聚光科技,0.13592233009708737,0.0412621359223301
300475.0,聚隆科技,0.17804428044280443,0.03690036900369004
300303.0,聚飞光电,0.16474164133738603,0.0364741641337386
300202.0,聚龙股份,0.14142461964038727,0.037897648686030426
2426.0,胜利精密,0.14464285714285716,0.055357142857142855
300476.0,胜宏科技,0.12320916905444126,0.025787965616045846
300392.0,腾信股份,0.15625,0.029411764705882353
300178.0,腾邦国际,0.15347298787210584,0.05622932745314223
300204.0,舒泰神,0.12441130298273155,0.06691522762951334
2608.0,舜天船舶,0.17124542124542125,0.03663003663003663
2025.0,航天电器,0.17785234899328858,0.04194630872483222
300424.0,航新科技,0.16706730769230768,0.036057692307692304
2706.0,良信电器,0.17195652173913045,0.028985507246376812
300389.0,艾比森,0.13009404388714735,0.03761755485893417
2180.0,艾派克,0.1259351620947631,0.06234413965087282
2170.0,芭田股份,0.15261627906976744,0.04215116279069767
300284.0,苏交科,0.1595744680851064,0.023936170212765957
300331.0,苏大维格,0.14413075780089152,0.04903417533432392
300507.0,苏奥传感,0.18333333333333332,0.029487179487179487
2024.0,苏宁云商,0.14019953051643194,0.03931924882629108
718.0,苏宁环球,0.14007782101167315,0.029182879377431907
2808.0,苏州恒久,0.17896678966789667,0.033210332103321034
2032.0,苏泊尔,0.1388888888888889,0.003472222222222222
2334.0,英威腾,0.14982876712328766,0.03424657534246575
411.0,英特集团,0.09090909090909091,0.020202020202020204
2837.0,英维克,0.16332378223495703,0.04011461318051576
2528.0,英飞拓,0.16033434650455927,0.037993920972644375
300582.0,英飞特,0.11137071651090343,0.03543613707165109
2660.0,茂硕电源,0.1673027989821883,0.035623409669211195
300087.0,荃银高科,0.17706013363028952,0.059465478841870825
2642.0,荣之联,0.14820359281437126,0.03293413173652695
2146.0,荣盛发展,0.14040529363110008,0.04197684036393714
2493.0,荣盛石化,0.18596491228070175,0.03245614035087719
300290.0,荣科科技,0.1351156069364162,0.03901734104046243
2106.0,莱宝高科,0.15461847389558234,0.020080321285140562
300006.0,莱美药业,0.10256410256410256,0.05448717948717949
2166.0,莱茵生物,0.16281512605042017,0.03361344537815126
300395.0,菲利华,0.15033783783783783,0.030405405405405407
2731.0,萃华珠宝,0.18775100401606426,0.03614457831325301
2737.0,葵花药业,0.18382352941176472,0.04745098039215686
2614.0,蒙发利,0.1346153846153846,0.06118881118881119
300355.0,蒙草生态,0.12342829076620826,0.0275049115913556
2513.0,蓝丰生化,0.14913544668587897,0.03025936599423631
2382.0,蓝帆医疗,0.1489071038251366,0.050546448087431695
300433.0,蓝思科技,0.08246414602346806,0.029823989569752282
300484.0,蓝海华腾,0.12211740041928722,0.030922431865828093
300297.0,蓝盾股份,0.11011904761904762,0.01636904761904762
300058.0,蓝色光标,0.11625132555673383,0.06283138918345706
300293.0,蓝英装备,0.1871508379888268,0.042458100558659215
2765.0,蓝黛传动,0.13663663663663664,0.036036036036036036
2192.0,融捷股份,0.11593406593406594,0.03214285714285714
2622.0,融钰集团,0.20220588235294118,0.007352941176470588
300305.0,裕兴股份,0.18736842105263157,0.04
2831.0,裕同科技,0.14049586776859505,0.03305785123966942
2265.0,西仪股份,0.1449652777777778,0.03819444444444445
2536.0,西泵股份,0.1916403785488959,0.03533123028391167
2302.0,西部建设,0.15415335463258786,0.019169329073482427
2149.0,西部材料,0.19651741293532338,0.04776119402985075
300106.0,西部牧业,0.149031432748538,0.09649122807017543
2584.0,西陇科学,0.17474402730375427,0.03754266211604096
2841.0,视源股份,0.13446162046908317,0.05277185501066098
2437.0,誉衡药业,0.16551246537396122,0.07271468144044321
2197.0,证通电子,0.17298701298701297,0.01818181818181818
300430.0,诚益通,0.15609756097560976,0.03597560975609756
300598.0,诚迈科技,0.1691119691119691,0.020752895752895753
2215.0,诺普信,0.0936599423631124,0.023054755043227664
2595.0,豪迈科技,0.12934362934362933,0.055984555984555984
300064.0,豫金刚石,0.1054421768707483,0.03197278911564626
2570.0,贝因美,0.10084033613445378,0.041666666666666664
300580.0,贝斯特,0.18665158371040724,0.02828054298642534
2828.0,贝肯能源,0.130779392338177,0.05085865257595773
300558.0,贝达药业,0.1261904761904762,0.04476190476190476
2141.0,贤丰控股,0.17673521850899743,0.0455012853470437
2424.0,贵州百灵,0.1393577378342832,0.0459776413853573
300044.0,赛为智能,0.16339869281045752,0.049455337690631804
300485.0,赛升药业,0.16645728643216082,0.054899497487437186
300583.0,赛托生物,0.18181818181818182,0.029644268774703556
300466.0,赛摩电气,0.1490566037735849,0.026415094339622643
2637.0,赞宇科技,0.1644100580270793,0.04294003868471954
300457.0,赢合科技,0.11842105263157894,0.03070175438596491
300377.0,赢时胜,0.17813267813267813,0.022113022113022112
2460.0,赣锋锂业,0.12648809523809523,0.023809523809523808
2356.0,赫美集团,0.1372093023255814,0.04186046511627907
300036.0,超图软件,0.1409694555112882,0.020584329349269587
2725.0,跃岭股份,0.15329512893982808,0.05157593123209169
2640.0,跨境通,0.149822695035461,0.031914893617021274
2813.0,路畅科技,0.1473551637279597,0.04659949622166247
300555.0,路通视信,0.19074675324675325,0.05032467532467533
2073.0,软控股份,0.13337250293772032,0.034018801410105756
2046.0,轴研科技,0.14563953488372094,0.033720930232558136
2496.0,辉丰股份,0.158,0.02
2296.0,辉煌科技,0.17743538767395625,0.04473161033797217
2556.0,辉隆股份,0.14537037037037037,0.02962962962962963
300523.0,辰安科技,0.15865384615384615,0.0390625
300103.0,达刚路机,0.1559917355371901,0.04338842975206612
2512.0,达华智能,0.17472118959107807,0.03903345724907063
300535.0,达威股份,0.11165048543689321,0.014563106796116505
2030.0,达安基因,0.17621951219512194,0.03170731707317073
2421.0,达实智能,0.20815217391304347,0.03695652173913044
300530.0,达志科技,0.17615658362989323,0.017793594306049824
2209.0,达意隆,0.1542056074766355,0.06191588785046729
300467.0,迅游科技,0.18788819875776397,0.037267080745341616
300463.0,迈克生物,0.10779352226720648,0.02834008097165992
300440.0,运达科技,0.14600550964187328,0.01928374655647383
2406.0,远东传动,0.18503937007874016,0.04763779527559055
2063.0,远光软件,0.1623989218328841,0.03638814016172507
2689.0,远大智能,0.1501416430594901,0.026912181303116147
300306.0,远方光电,0.11394275161588181,0.029316712834718376
2161.0,远望谷,0.17424242424242425,0.021212121212121213
300412.0,迦南科技,0.184984520123839,0.032507739938080496
300167.0,迪威视讯,0.13751664447403464,0.04061251664447404
300244.0,迪安诊断,0.13278008298755187,0.04071576763485477
300335.0,迪森股份,0.14090019569471623,0.021526418786692758
300396.0,迪瑞医疗,0.1273696682464455,0.03909952606635071
2243.0,通产丽星,0.1764199655765921,0.05456110154905335
300265.0,通光线缆,0.15066225165562913,0.03642384105960265
300491.0,通合科技,0.15154440154440155,0.023166023166023165
2792.0,通宇通讯,0.14444444444444443,0.028703703703703703
2156.0,通富微电,0.15766016713091924,0.019498607242339833
2150.0,通润装备,0.15819209039548024,0.052824858757062144
300164.0,通源石油,0.1174812030075188,0.02631578947368421
300185.0,通裕重工,0.13625541125541127,0.045454545454545456
2576.0,通达动力,0.1953125,0.021875
2560.0,通达股份,0.16132723112128147,0.04004576659038902
2491.0,通鼎互联,0.17536945812807883,0.027093596059113302
2838.0,道恩股份,0.11769005847953216,0.03508771929824561
300312.0,邦讯技术,0.14492753623188406,0.043478260869565216
300149.0,量子高科,0.12625661375661376,0.042328042328042326
2721.0,金一文化,0.16589147286821707,0.056511627906976745
300028.0,金亚科技,0.12156593406593406,0.04828296703296703
300252.0,金信诺,0.14540059347181009,0.032640949554896145
300510.0,金冠电气,0.14146341463414633,0.03170731707317073
300093.0,金刚玻璃,0.11397058823529412,0.06066176470588235
300069.0,金利华电,0.12222222222222222,0.022222222222222223
2464.0,金利科技,0.156289707750953,0.047268106734434566
300225.0,金力泰,0.19425675675675674,0.02195945945945946
300349.0,金卡智能,0.14423076923076922,0.026923076923076925
2762.0,金发拉比,0.12745098039215685,0.03431372549019608
2488.0,金固股份,0.1543026706231454,0.040059347181008904
546.0,金圆股份,0.13929618768328444,0.03519061583577713
300233.0,金城医药,0.14795918367346939,0.05102040816326531
300606.0,金太阳,0.13854489164086686,0.05015479876160991
2515.0,金字火腿,0.15768194070080863,0.026954177897574125
2636.0,金安国纪,0.13596491228070176,0.017543859649122806
2548.0,金新农,0.17573696145124718,0.03786848072562358
300281.0,金明精机,0.1574074074074074,0.05717592592592592
2090.0,金智科技,0.14227642276422764,0.0508130081300813
2533.0,金杯电工,0.1638418079096045,0.04519774011299435
2470.0,金正大,0.15518518518518518,0.04511111111111111
2688.0,金河生物,0.16016260162601625,0.04991869918699187
2443.0,金洲管道,0.17595307917888564,0.04897360703812317
300434.0,金石东方,0.13653136531365315,0.033210332103321034
2597.0,金禾实业,0.12974747474747472,0.016666666666666666
300459.0,金科娱乐,0.1758815232722144,0.06170662905500705
2723.0,金莱特,0.15996503496503497,0.04020979020979021
2081.0,金螳螂,0.16464401294498382,0.038834951456310676
2716.0,金贵银业,0.1770573566084788,0.056608478802992516
2722.0,金轮股份,0.19230769230769232,0.03177257525083612
2626.0,金达威,0.1285714285714286,0.04187192118226601
300220.0,金运激光,0.1822289156626506,0.03614457831325301
300091.0,金通灵,0.1737704918032787,0.027868852459016394
300443.0,金雷风电,0.1141696750902527,0.039711191335740074
2202.0,金风科技,0.11738578680203046,0.04403553299492386
300032.0,金龙机电,0.10061391541609822,0.03437926330150068
300034.0,钢研高纳,0.14340490797546013,0.06595092024539877
300197.0,铁汉生态,0.13315696649029982,0.048500881834215165
300085.0,银之杰,0.17,0.045
300231.0,银信科技,0.16838235294117648,0.025
2786.0,银宝山新,0.17567567567567569,0.033264033264033266
300020.0,银江股份,0.16443418013856814,0.04157043879907621
2519.0,银河电子,0.17219387755102042,0.030612244897959183
300127.0,银河磁体,0.12639405204460966,0.011152416356877323
300221.0,银禧科技,0.14065817409766454,0.03980891719745223
2126.0,银轮股份,0.1580528846153846,0.023677884615384615
300337.0,银邦股份,0.14931350114416475,0.032036613272311214
300126.0,锐奇股份,0.17647058823529413,0.03125
300128.0,锦富技术,0.08292682926829269,0.024390243902439025
2316.0,键桥通讯,0.1751930501930502,0.04633204633204633
300348.0,长亮科技,0.12081005586592179,0.03659217877094972
300088.0,长信科技,0.123484262125903,0.03895768833849329
2071.0,长城影视,0.1578313253012048,0.05542168674698795
300301.0,长方集团,0.13721804511278196,0.05827067669172932
2435.0,长江润发,0.17364016736401675,0.038702928870292884
300196.0,长海股份,0.1378048780487805,0.04878048780487805
2680.0,长生生物,0.15625,0.046370967741935484
300115.0,长盈精密,0.1315359477124183,0.022058823529411766
300195.0,长荣股份,0.1539039039039039,0.02177177177177177
2391.0,长青股份,0.13409961685823754,0.04597701149425287
2616.0,长青集团,0.1791907514450867,0.06394508670520231
2452.0,长高集团,0.1567816091954023,0.02528735632183908
2440.0,闰土股份,0.12533998186763373,0.05258386219401632
300274.0,阳光电源,0.1602905569007264,0.03389830508474576
300030.0,阳普医疗,0.18275154004106775,0.04147843942505133
300121.0,阳谷华泰,0.16002044989775052,0.0408997955010225
300534.0,陇神戎发,0.11312217194570136,0.04072398190045249
2363.0,隆基机械,0.15317460317460319,0.050793650793650794
601012.0,隆基股份,0.11572199730094467,0.04993252361673414
300599.0,雄塑科技,0.1869747899159664,0.037815126050420166
300546.0,雄帝科技,0.14108187134502925,0.029239766081871343
2733.0,雄韬股份,0.16246786632390747,0.0467866323907455
2497.0,雅化集团,0.1927710843373494,0.03463855421686747
300261.0,雅本化学,0.16666666666666666,0.03900709219858156
2323.0,雅百特,0.124,0.10270270270270271
300553.0,集智股份,0.17323369565217392,0.03192934782608696
2477.0,雏鹰农牧,0.12448132780082988,0.029045643153526972
2639.0,雪人股份,0.17126436781609194,0.04367816091954023
300511.0,雪榕生物,0.17133956386292834,0.053738317757009345
2076.0,雪莱特,0.16258741258741258,0.0472027972027972
2658.0,雪迪龙,0.17941176470588235,0.023529411764705882
300162.0,雷曼股份,0.17474048442906576,0.021453287197231833
2577.0,雷柏科技,0.1687062937062937,0.048295454545454544
2413.0,雷科防务,0.1483118971061093,0.051366559485530545
2015.0,霞客环保,0.18067226890756302,0.05518207282913165
2128.0,露天煤业,0.11332923832923833,0.03163390663390663
2094.0,青岛金王,0.09246575342465753,0.019691780821917807
300132.0,青松股份,0.12011173184357542,0.029329608938547486
2646.0,青青稞酒,0.12018255578093306,0.02535496957403651
2457.0,青龙管业,0.18427835051546393,0.029639175257731958
2667.0,鞍重股份,0.1518987341772152,0.03955696202531646
2120.0,韵达股份,0.11067193675889328,0.043478260869565216
2352.0,顺丰控股,0.10750915750915752,0.044413919413919416
2676.0,顺威股份,0.13256484149855907,0.02881844380403458
2565.0,顺灏股份,0.1921641791044776,0.029850746268656716
2138.0,顺络电子,0.10679611650485436,0.025080906148867314
300113.0,顺网科技,0.12042755344418053,0.01840855106888361
2694.0,顾地科技,0.096045197740113,0.04011299435028248
300398.0,飞凯材料,0.18482142857142858,0.05803571428571429
300287.0,飞利信,0.14782244556113902,0.056448911222780576
300240.0,飞力达,0.1705020920502092,0.027196652719665274
300602.0,飞荣达,0.15805084745762712,0.05372881355932203
2210.0,飞马国际,0.11870503597122302,0.014388489208633094
2665.0,首航节能,0.1311207834602829,0.046517954298150165
300147.0,香雪制药,0.15488215488215487,0.020202020202020204
2502.0,骅威文化,0.17543859649122806,0.04758771929824561
2348.0,高乐股份,0.1724343675417661,0.026252983293556086
2827.0,高争民爆,0.11148648648648649,0.04054054054054054
300465.0,高伟达,0.15569272976680384,0.06234567901234568
2414.0,高德红外,0.15186915887850466,0.06223449447748513
2848.0,高斯贝尔,0.1761006289308176,0.0220125786163522
300098.0,高新兴,0.15064102564102563,0.058012820512820515
300499.0,高澜股份,0.11358024691358025,0.050617283950617285
300200.0,高盟新材,0.14694656488549618,0.015267175572519083
2778.0,高科石化,0.13021778584392016,0.06896551724137931
2223.0,鱼跃医疗,0.1305916305916306,0.025252525252525252
300423.0,鲁亿通,0.17639902676399027,0.038929440389294405
2088.0,鲁阳节能,0.125,0.017241379310344827
300441.0,鲍斯股份,0.1648397976391231,0.021922428330522766
300219.0,鸿利智汇,0.18702290076335878,0.02099236641221374
2229.0,鸿博股份,0.17191011235955056,0.03651685393258427
300176.0,鸿特精密,0.17852348993288591,0.02181208053691275
2541.0,鸿路钢构,0.16199376947040497,0.033099688473520246
2002.0,鸿达兴业,0.18207762557077625,0.04223744292237443
300375.0,鹏翎股份,0.1618181818181818,0.03636363636363636
300438.0,鹏辉能源,0.15733590733590733,0.02702702702702703
2788.0,鹭燕医药,0.17758620689655172,0.03954022988505747
300319.0,麦捷科技,0.16193181818181818,0.05776515151515151
2719.0,麦趣尔,0.14655172413793102,0.029840848806366047
2137.0,麦达数字,0.15,0.04406779661016949
300341.0,麦迪电气,0.12025316455696203,0.0379746835443038
2817.0,黄山胶囊,0.12573099415204678,0.04093567251461988
2387.0,黑牛食品,0.14337877312560857,0.02969814995131451
2068.0,黑猫股份,0.15408415841584158,0.04702970297029703
2039.0,黔源电力,0.11609195402298851,0.0367816091954023
300378.0,鼎捷软件,0.12985074626865672,0.026865671641791045
300011.0,鼎汉技术,0.14562289562289563,0.04377104377104377
300054.0,鼎龙股份,0.14841986455981943,0.04702784048156509
2521.0,齐峰新材,0.1791530944625407,0.03501628664495114
2301.0,齐心集团,0.11387434554973822,0.028795811518324606
2408.0,齐翔腾达,0.11996951219512195,0.03426829268292683
2604.0,龙力生物,0.11305048335123523,0.041621911922663804
2726.0,龙大肉食,0.162217659137577,0.044558521560574944
2442.0,龙星化工,0.18668831168831168,0.025974025974025976
2671.0,龙泉股份,0.1,0.043333333333333335
2750.0,龙津药业,0.16748166259168704,0.019559902200488997
2682.0,龙洲股份,0.16567164179104477,0.029850746268656716
300105.0,龙源技术,0.11473684210526315,0.05157894736842105
2601.0,龙蟒佰利,0.1581059390048154,0.04044943820224719
