code,short,pos,neg
002069,ST獐岛,168.375,24.5
002029,七匹狼,198.05,41.0
002085,万丰奥威,170.25,32.5
002543,万和电气,230.5,26.0
300482,万孚生物,113.45,14.399999999999999
002590,万安科技,55.0,14.0
002654,万润科技,91.5,5.0
002643,万润股份,188.25,28.0
300268,万福生科,56.0,17.2
000002,万科A,365.025,44.5
300168,万达信息,220.0,43.0
002739,万达院线,724.25,108.0
300055,万邦达,161.5,25.0
002434,万里扬,205.0,28.0
002785,万里石,143.125,5.0
300591,万里马,369.625,45.5
300552,万集科技,279.75,18.5
300057,万顺股份,231.875,26.0
002276,万马股份,142.75,28.0
002555,三七互娱,375.75,50.25
300276,三丰智能,62.0,10.5
300051,三五互联,104.5,23.0
002417,三元达,184.75,48.0
002216,三全食品,239.0,32.0
300295,三六五网,127.775,33.5
002224,三力士,27.0,14.0
002112,三变科技,50.0,12.625
002621,三垒股份,136.75,13.0
002780,三夫户外,173.75,31.0
300066,三川智慧,182.5,14.0
300515,三德科技,228.5,31.75
002857,三晖电气,117.75,18.75
002312,三泰控股,201.5,27.4
002159,三特索道,156.0,16.0
300408,三环集团,156.875,5.0
300056,三维丝,226.2,60.2
002469,三维工程,175.9,19.5
002115,三维通信,202.0,29.0
300384,三联虹普,217.0,24.0
300072,三聚环保,462.4375,87.2
002050,三花智控,101.25,13.0
300298,三诺生物,193.0,33.0
002110,三钢闽光,140.0,20.5
300236,上海新阳,307.45,37.0
002252,上海莱士,258.75,20.0
300226,上海钢联,198.5,28.0
300522,世名科技,197.75,26.5
002796,世嘉科技,277.75,8.0
002558,世纪游轮,177.25,30.625
300150,世纪瑞尔,154.5,13.0
300050,世纪鼎利,170.0,10.0
002285,世联行,172.5,29.75
002016,世荣兆业,57.0,2.0
002748,世龙实业,120.5,11.0
002017,东信和平,56.0,14.0
300354,东华测试,163.15,28.5
002140,东华科技,254.0,55.0
002221,东华能源,457.45,59.25
002065,东华软件,303.25,41.5
300353,东土科技,90.0,8.75
300239,东宝生物,285.0,21.0
300171,东富龙,225.75,22.0
002384,东山精密,290.5,36.0
002819,东方中科,111.75,20.0
002310,东方园林,252.5,39.0
300166,东方国信,400.2625,38.0
002755,东方新星,53.0,9.75
300118,东方日升,504.25,74.5
002086,东方海洋,241.0,26.0
300217,东方电热,111.0,15.0
002611,东方精工,133.5,17.0
300367,东方网力,439.2625,34.0
002175,东方网络,155.25,9.0
300059,东方财富,346.75,37.5
300379,东方通,180.0,11.75
002545,东方铁塔,191.5,15.2
002167,东方锆业,350.0,59.5
002271,东方雨虹,333.0,33.5
002713,东易日盛,174.25,17.0
002199,东晶电子,184.5,26.0
300486,东杰智能,130.5,19.0
002672,东江环保,537.3,83.0
002117,东港股份,115.0,17.0
002675,东诚药业,180.75,22.0
300183,东软载波,292.625,34.0
002793,东音股份,89.25,8.0
002793,东音股份,107.5,16.0
300512,中亚股份,140.0,8.0
002579,中京电子,139.0,30.625
300018,中元股份,358.75,29.0
300414,中光防雷,582.75,56.0
002309,中利集团,194.75,20.5
002542,中化岩土,166.0,16.5
002445,中南文化,269.25,19.0
601985,中国核电,83.0,13.0
002116,中国海诚,180.5,55.95
002779,中坚科技,160.5,16.0
300270,中威电子,153.75,17.0
300560,中富通,165.75,24.75
002051,中工国际,250.5,42.0
002364,中恒电气,54.0,5.0
002021,中捷资源,216.25,45.0
300364,中文在线,298.25,12.0
300575,中旗股份,249.25,21.0
002080,中材科技,183.1125,19.0
300393,中来股份,136.25,15.75
002145,中核钛白,181.25,28.75
002092,中泰化学,223.0,31.0
002659,中泰桥梁,375.625,26.0
300435,中泰股份,128.5,14.0
002401,中海科技,240.5,29.75
300177,中海达,154.25,17.0
300526,中潜股份,207.5,13.0
002129,中环股份,159.75,31.0
300140,中环装备,316.03125,51.0
002298,中电鑫龙,300.0,15.0
002738,中矿资源,238.0,19.25
002306,中科云网,428.75,141.5
002290,中科新材,62.0,5.0
300035,中科电气,111.75,19.25
002657,中科金财,592.375,71.5
300062,中能电气,255.5,29.0
002163,中航三鑫,202.5,35.5
002179,中航光电,114.5,9.25
300114,中航电测,289.0,25.0
002822,中装建设,219.9,15.5
002471,中超控股,510.9375,73.25
300145,中金环境,338.0,19.0
002057,中钢天源,160.75,25.125
300308,中际装备,204.0,32.0
002511,中顺洁柔,191.5,23.0
300327,中颖电子,176.95,24.25
300489,中飞股份,80.75,5.0
002530,丰东股份,227.25,17.0
002805,丰元股份,240.25,23.0
002618,丹邦科技,275.796875,29.0
002374,丽鹏股份,169.625,22.0
300516,久之洋,142.5,12.0
002279,久其软件,280.75,18.0
300631,久吾高科,197.5,34.0
002037,久联发展,122.0,27.0
002777,久远银海,131.5,13.0
300446,乐凯新材,98.5,11.0
300562,乐心医疗,198.75,16.0
300003,乐普医疗,284.75,29.0
300104,乐视网,531.375,150.5
002319,乐通股份,31.5,5.0
300247,乐金健康,213.5,8.0
002687,乔治白,49.0,8.0
300040,九洲电气,261.875,67.0
002242,九阳股份,315.25,37.0
002201,九鼎新材,126.25,10.0
002195,二三四五,283.0,33.0
002467,二六三,81.0,19.0
002059,云南旅游,153.95,15.0
002053,云南能投,227.25,35.0
002428,云南锗业,180.0,27.75
002539,云图控股,158.0,29.5
002200,云投生态,164.75,19.0
002182,云海金属,129.0,7.0
300420,五洋科技,128.75,16.0
002375,亚厦股份,83.375,32.5
002607,亚夏汽车,274.875,54.0
002540,亚太科技,893.75,91.5
002284,亚太股份,169.5,27.0
002370,亚太药业,223.25,29.0
002559,亚威股份,280.75,30.75
002811,亚泰国际,101.75,13.0
002623,亚玛顿,262.25,23.5
300399,京天利,150.0,23.0
002662,京威股份,50.0,20.0
002020,京新药业,113.9375,12.2
002686,亿利达,74.75,8.5
002019,亿帆医药,115.5,23.0
300014,亿纬锂能,52.0,6.0
300211,亿通科技,122.0,12.0
002629,仁智股份,139.5,26.5
300532,今天国际,281.65,27.25
002746,仙坛股份,95.0,19.0
002332,仙琚制药,280.875,42.0
300254,仟源医药,101.0,14.0
002603,以岭药业,385.25,54.625
300311,任子行,131.0,12.0
300415,伊之密,137.25,10.0
002441,众业达,274.0,54.5
002707,众信旅游,96.25,14.0
,众和股份,182.5,49.0
002317,众生药业,324.25,50.5
300531,优博讯,165.0,27.55
300549,优德精密,205.5,15.0
300578,会畅通讯,116.5,13.0
002372,伟星新材,314.7,67.7
002003,伟星股份,233.225,40.75
002010,传化智联,250.725,22.0
300181,佐力药业,89.5,11.0
002644,佛慈制药,174.8125,16.0
300264,佳创视讯,88.0,6.0
300559,佳发安泰,183.25,21.0
300193,佳士科技,101.0,23.0
300213,佳讯飞鸿,442.0,51.5
002495,佳隆股份,147.775,16.0
300249,依米康,253.25,31.25
002286,保龄宝,247.125,16.5
300469,信息发展,327.5,41.0
002294,信立泰,353.5,38.0
300136,信维通信,182.875,23.0
002664,信质电机,97.7,19.5
002390,信邦制药,160.0,14.5
002105,信隆健康,191.0,13.0
300529,健帆生物,184.0,30.75
300174,元力股份,54.0,4.0
002562,兄弟科技,63.0,8.0
002256,兆新股份,131.0,13.0
300333,兆日科技,167.25,22.5
002429,兆驰股份,343.5,38.0
300450,先导智能,77.75,12.0
300137,先河环保,118.5,20.0
300541,先进数通,234.5,24.0
300163,先锋新材,176.375,34.9
002767,先锋电子,171.0,10.0
300356,光一科技,476.25,50.0
002741,光华科技,118.0,10.0
002524,光正集团,80.0,11.0
002708,光洋股份,49.0,2.0
300383,光环新网,353.5,67.0
300251,光线传媒,334.5,96.95
002281,光迅科技,78.0,12.0
300227,光韵达,302.25,41.7
002661,克明面业,149.5,17.5
002043,兔宝宝,87.0,9.625
300458,全志科技,276.625,56.75
002186,全聚德,335.0,39.5
300359,全通教育,209.5,13.0
002592,八菱科技,43.5,6.0
002655,共达电声,114.5,13.5
002436,兴森科技,97.0,10.0
002355,兴民智通,98.5,6.0
300266,兴源环境,1285.25,197.2
300573,兴齐眼药,80.95,10.0
002691,冀凯股份,148.0,25.0
300536,农尚环境,277.0,19.0
300238,冠昊生物,165.75,19.5
002102,冠福股份,334.375,30.5
300533,冰川网络,149.1875,29.5
002207,准油股份,259.5,90.5
002760,凤形股份,171.0,32.0
002823,凯中精密,140.0,10.0
300326,凯利泰,340.75,76.0
300407,凯发电气,298.5,42.5
002012,凯恩股份,52.5,6.0
002425,凯撒文化,133.2,10.0
002072,凯瑞德,133.75,16.0
002549,凯美特气,280.25,54.87500000000001
002821,凯莱英,193.5,23.75
002783,凯龙股份,461.25,109.25
002027,分众传媒,203.5,56.0
300451,创业软件,641.4,113.2
300366,创意信息,142.6,6.0
002173,创新医疗,265.75,39.625
300250,初灵信息,303.625,26.75
300296,利亚德,158.0,16.2
002651,利君股份,108.0,20.0
300596,利安隆,180.25,11.0
002258,利尔化学,359.75,83.5
300289,利德曼,252.0,39.0
002131,利欧股份,67.0,25.5
002734,利民股份,242.5,63.5
002501,利源精制,108.0,23.0
601366,利群股份,481.0,44.0
002189,利达光电,101.25,7.0
300421,力星股份,64.25,10.5
300184,力源信息,205.25,35.0
002393,力生制药,453.75,46.625
002650,加加食品,73.5,19.2
002191,劲嘉股份,235.625,23.5
300400,劲拓股份,40.5,7.0
002638,勤上股份,263.0,31.0
002392,北京利尔,181.25,34.0
300223,北京君正,180.125,31.0
002350,北京科锐,233.5,15.0
300352,北信源,272.5,31.0
002246,北化股份,129.5,45.0
002151,北斗星通,338.875,49.7
002307,北新路桥,283.5,29.0
002371,北方华创,165.0,14.0
002613,北玻股份,312.25,28.0
002148,北纬通信,286.45,21.0
300216,千山药机,157.25,18.0
002373,千方科技,73.0,13.0
002550,千红制药,127.75,18.5
002259,升达林业,117.75,12.0
002248,华东数控,239.75,34.0
002685,华东重机,214.5,47.0
300161,华中数控,322.4,54.0
300110,华仁药业,268.25,19.0
002018,华信国际,297.0,44.0
002007,华兰生物,329.75,53.0
300592,华凯创意,296.25,41.0
300045,华力创通,103.75,27.0
600325,华发股份,131.25,16.5
002185,华天科技,117.0,22.0
000607,华媒控股,284.625,32.0
002042,华孚色纺,77.5,7.0
300271,华宇软件,94.5,15.0
002645,华宏科技,141.5,18.2
002064,华峰氨纶,261.5,49.0
300180,华峰超纤,73.25,5.0
002035,华帝股份,217.75,10.0
300291,华录百纳,365.75,50.25
002494,华斯股份,129.0,26.0
002274,华昌化工,170.75,28.0
300278,华昌达,105.25,10.0
002270,华明装备,200.9,21.0
300025,华星创业,269.75,38.0625
300012,华测检测,215.875,34.5
002787,华源控股,270.0,35.0
300323,华灿光电,157.9,25.7
300133,华策影视,415.125,31.0
002840,华统股份,139.25,23.0
300490,华自科技,135.0,21.0
300527,华舟应急,137.5,12.0
002321,华英农业,92.25,12.0
300330,华虹计通,453.25,46.75
002630,华西能源,77.0,9.0
300027,华谊兄弟,328.875,47.5
300071,华谊嘉信,177.0,28.5
002758,华通医药,207.5,43.0
002004,华邦健康,215.5,22.75
300462,华铭智能,56.0,29.75
002806,华锋股份,72.75,5.0
300350,华鹏飞,170.75,18.6
002506,协鑫集成,708.25,145.5
002369,卓翼科技,151.875,30.0
002040,南京港,407.25,34.5
002757,南兴装备,94.9,9.0
300417,南华仪器,101.0,9.0
002305,南国置业,272.0,35.5
300346,南大光电,157.5,16.0
002314,南山控股,175.75,27.0
002096,南岭民爆,233.75,40.5
002127,南极电商,188.75,25.0
002389,南洋科技,385.0,68.0
002212,南洋股份,93.5,12.0
300280,南通锻压,304.15,44.0
300068,南都电源,196.25,29.0
300422,博世科,307.5,43.0
002297,博云新材,151.0,17.0
300548,博创科技,214.0,13.5
002698,博实股份,279.4,48.125
002649,博彦科技,75.5,17.0
300525,博思软件,254.75,22.0
300318,博晖创新,185.875,58.0
300404,博济医药,126.0625,13.0
002282,博深工具,178.0,11.0
300363,博腾股份,210.25,31.75
002268,卫士通,167.0,19.25
300253,卫宁健康,812.5,93.0
002648,卫星石化,286.875,25.625
002143,印纪传媒,122.0,30.5
300471,厚普股份,91.25,12.0
002718,友邦吊顶,109.75,16.5
002277,友阿股份,239.25,30.0
002481,双塔食品,65.0,5.0
002693,双成药业,254.5,45.95
002585,双星新材,114.0,5.0
300444,双杰电气,347.7,21.0
300100,双林股份,138.575,29.75
002381,双箭股份,166.5,19.0
002395,双象股份,172.75,29.0
002038,双鹭药业,268.625,98.10000000000001
300108,双龙股份,116.15,14.0
300551,古鳌科技,395.5,28.5
002782,可立克,147.25,19.0
300046,台基股份,169.5,11.0
002366,台海核电,138.5,14.0
002588,史丹利,149.0,32.5
002538,司尔特,529.625,73.7
002383,合众思壮,174.875,19.0
002228,合兴包装,202.25,8.0
002217,合力泰,79.0,9.0
300048,合康新能,220.75,26.0
300477,合纵科技,210.45,25.0
002208,合肥城建,99.0,14.0
300597,吉大通信,503.5,40.75
002803,吉宏股份,106.5,11.0
300022,吉峰农机,91.0,13.0
000623,吉林敖东,555.0,46.5
300309,吉艾科技,161.0,31.0
002835,同为股份,119.5,10.0
002845,同兴达,328.75,59.0
300321,同大股份,150.6,26.0
002360,同德化工,134.0,19.0
300302,同有科技,142.125,11.0
002052,同洲电子,258.5,32.0
300538,同益股份,490.125,64.0
300506,名家汇,792.5,77.5
002830,名雕股份,320.05,57.0
300111,向日葵,79.75,11.0
002232,启明信息,259.25,34.5
002439,启明星辰,110.1,18.0
300500,启迪设计,234.0,14.0
300292,吴通控股,127.0,15.0
300550,和仁科技,207.325,22.7
300273,和佳股份,197.0,25.75
300279,和晶科技,105.75,10.0
002816,和科达,127.5,28.0
002824,和胜股份,606.95,113.75
300141,和顺电气,81.25,10.25
002615,哈尔斯,96.5,13.0
002567,唐人神,151.0,20.0
300426,唐德影视,460.5,42.0
002462,嘉事堂,110.125,14.5
300117,嘉寓股份,118.0,25.0
002198,嘉应制药,100.5,14.25
002404,嘉欣丝绸,201.25,27.75
002486,嘉麟杰,393.95,51.0
300468,四方精创,155.75,10.0
300179,四方达,138.5,37.0
002405,四维图新,310.45,37.0
300428,四通新材,239.42499999999998,21.0
300041,回天新材,499.625,52.25
002586,围海股份,178.75,30.0
002736,国信证券,515.5,88.25
002045,国光电器,209.875,30.25
002749,国光股份,159.0,18.0
002377,国创高新,42.75,4.0
002449,国星光电,255.375,30.0
300077,国民技术,234.25,30.75
300285,国瓷材料,75.25,10.0
300388,国祯环保,147.0,30.5
002205,国统股份,144.0,21.5
300094,国联水产,402.75,34.75
002093,国脉科技,90.0,15.0
002074,国轩高科,356.0,46.0
002299,圣农发展,96.5,11.0
002473,圣莱达,116.0,8.0
002580,圣阳股份,174.5,23.5
300403,地尔汉宇,322.525,61.2
002791,坚朗五金,257.0,31.25
300116,坚瑞沃能,178.875,15.0
002747,埃斯顿,172.25,15.0
002447,壹桥股份,155.75,17.0
002761,多喜爱,88.25,11.0
002407,多氟多,122.5,17.0
002263,大东南,177.0,25.5
002385,大北农,196.0,14.0
002236,大华股份,204.5,10.0
300134,大富科技,188.5625,21.0
002505,大康农业,240.5,37.0
002008,大族激光,106.25,12.5
002249,大洋电机,278.75,23.0
002077,大港股份,153.0,26.0
300021,大禹节水,225.875,22.25
002606,大连电瓷,171.25,22.0
002204,大连重工,386.0,42.0
002487,大金重工,30.0,5.0
002459,天业通联,136.75,14.0
300390,天华超净,201.5,27.0
002386,天原集团,167.0,17.0
300397,天和防务,276.0,39.0
300205,天喻信息,152.65,27.75
300332,天壕环境,90.875,15.0
002009,天奇股份,130.2,61.0
002238,天威视讯,164.0,16.5
300394,天孚通信,108.5,14.0
002220,天宝股份,66.5,14.0
300313,天山生物,215.6875,23.0
002509,天广中茂,249.375,26.0
002100,天康生物,148.45,26.0
300169,天晟新材,48.25,3.5
002510,天汽模,108.5,15.0
002564,天沃科技,174.65,21.5
300209,天泽信息,178.0,16.0
002134,天津普林,99.0,27.0
300008,天海防务,118.375,13.0
002113,天润数娱,64.75,6.0
002283,天润曲轴,202.0,24.7
300047,天源迪科,287.25,62.5
300245,天玑科技,205.0,58.0
300165,天瑞仪器,78.5,14.0
002354,天神娱乐,135.875,13.0
300362,天翔环境,155.0,15.5
300569,天能重工,641.5,134.0
300148,天舟文化,235.25,31.75
002419,天虹商场,265.875,32.0
002709,天赐材料,156.5,26.5
002124,天邦股份,252.5,25.0
300587,天铁股份,273.125,35.5
300342,天银机电,212.25,22.5
002759,天际股份,72.9,11.5
002800,天顺股份,123.5,10.0
002531,天顺风能,181.375,15.0
002453,天马精化,47.0,5.0
002122,天马股份,134.0,9.0
002466,天齐锂业,147.0,15.5
300029,天龙光电,57.0,10.5
002433,太安堂,177.5,10.0
002368,太极股份,190.75,18.0
300344,太空板业,356.5,20.0
300570,太辰光,186.0,16.0
002300,太阳电缆,310.0,46.0
300123,太阳鸟,336.25,91.0
002781,奇信股份,250.125,11.5
002287,奇正藏药,209.0625,40.0
300082,奥克股份,229.5,33.0
002587,奥拓电子,227.25,4.0
002338,奥普光电,178.25,19.5
002239,奥特佳,184.375,15.0
002227,奥特迅,176.75,22.0
002701,奥瑞金,415.0,53.0
002231,奥维通信,158.5,24.5
300585,奥联电子,122.75,11.0
002292,奥飞娱乐,447.625,60.0
002668,奥马电器,61.0,11.0
002729,好利来,74.5,12.0
002582,好想你,358.875,52.25
002605,姚记扑克,183.25,28.0
002308,威创股份,502.9375,60.875
002058,威尔泰,113.5,16.0
002111,威海广泰,237.25,40.0
002083,孚日股份,32.25,7.0
002164,宁波东力,116.25,15.0
002048,宁波华翔,71.75,20.0
002142,宁波银行,259.75,40.0
002289,宇顺电子,225.25,24.0
300218,安利股份,308.0,173.0
002235,安妮股份,282.25,20.5
300155,安居宝,237.0,45.75
300370,安控科技,579.19,67.5
300380,安硕信息,319.0,71.0
300286,安科瑞,163.0,24.0
300009,安科生物,206.28125,26.5
002136,安纳达,39.5,4.0
300067,安诺其,473.625,36.0
300572,安车检测,364.125,38.5
300144,宋城演艺,429.625,55.8
002624,完美世界,188.4375,15.0
002683,宏大爆破,170.25,33.0
002062,宏润建设,153.75,7.0
002211,宏达新材,52.0,11.0
002144,宏达高科,205.0,24.0
300328,宜安科技,143.5,17.0
002627,宜昌交运,489.375,88.5
300310,宜通世纪,83.5,16.5
300135,宝利国际,119.5,27.0
300023,宝德股份,345.375,42.0
300402,宝色股份,193.425,34.75
002476,宝莫股份,580.0,75.0
300246,宝莱特,186.25,18.0
300031,宝通科技,125.6,22.0
600019,宝钢股份,557.7,88.625
002514,宝馨科技,187.75,28.0
002047,宝鹰股份,48.5,1.0
002552,宝鼎科技,218.5,37.0
300612,宣亚国际,252.5,46.5
300576,容大感光,126.0,14.0
300432,富临精工,33.0,7.0
002357,富临运业,123.75,16.0
002327,富安娜,93.15,27.0
300299,富春股份,264.0,25.0
002818,富森美,209.0,27.0
002743,富煌钢构,212.25,24.7
300228,富瑞特装,69.2,15.0
300497,富祥股份,250.2,43.5
300387,富邦股份,435.25,38.0
300267,尔康制药,118.75,14.0
002551,尚荣医疗,336.625,59.5
002427,尤夫股份,69.15,6.5
002490,山东墨龙,94.0,12.0
002193,山东如意,89.0,11.5
002026,山东威达,401.0,30.0
002526,山东矿机,265.25,73.25
002598,山东章鼓,103.0,19.5
002097,山河智能,100.5,32.2
300452,山河药辅,199.75,41.75
002500,山西证券,436.5,99.0
300492,山鼎设计,133.5,7.0
002717,岭南园林,363.0,21.0
002253,川大智胜,47.0,21.0
002272,川润股份,191.625,33.5
300547,川环科技,96.75,15.2
300505,川金诺,113.0,10.5
002342,巨力索具,92.5,15.0
002444,巨星科技,182.75,16.0
002031,巨轮智能,322.25,41.0
002619,巨龙管业,88.0,29.0
002188,巴士在线,94.0,9.0
300262,巴安水务,153.0,16.0
002485,希努尔,352.25,51.0
002798,帝王洁具,55.0,6.0
002247,帝龙文化,287.625,17.5
002478,常宝股份,96.5,16.0
300255,常山药业,133.0,15.0
002160,常铝股份,156.25,14.0
300571,平治信息,76.25,16.0
300528,幸福蓝海,199.0,9.5
002101,广东鸿图,251.25,24.0
300537,广信材料,1098.825,136.375
002103,广博股份,78.5,12.75
002133,广宇集团,284.0,18.0
002482,广田集团,132.4625,17.0
600831,广电网络,83.25,7.0
002152,广电运通,324.25,66.0
002187,广百股份,117.0,14.0
002410,广联达,169.0,21.5
002367,康力电梯,335.95,63.7
002773,康弘药业,135.0,28.0
002119,康强电子,149.0,20.0
002450,康得新,297.0,62.25
300455,康拓红外,69.0,5.0
300445,康斯特,126.0,14.0
600076,康欣新材,107.75,8.0
300601,康泰生物,121.5,14.0
002418,康盛股份,192.875,15.0
300061,康耐特,176.4,7.0
300086,康芝药业,222.75,28.0
002669,康达新材,154.0,24.0
002178,延华智能,270.875,49.75
300107,建新股份,129.125,21.0
002398,建研集团,164.0,13.0
002789,建艺集团,93.5,4.0
300338,开元仪器,89.75,16.0
300234,开尔新材,233.625,36.4
300577,开润股份,220.25,25.5
300633,开立医疗,192.7,10.0
300272,开能环保,580.0,102.5
002833,弘亚数控,125.0,16.5
002839,张家港行,235.25,37.0
300429,强力新材,280.5,34.0
300073,当升科技,398.125,38.5
002561,徐家汇,327.25,38.25
002330,得利斯,222.25,29.0
002055,得润电子,154.0,15.5
002177,御银股份,77.5,10.0
002801,微光股份,69.0,5.0
002571,德力股份,145.7,91.25
002260,德奥通航,192.3,19.0
300325,德威新材,120.25,9.5
002631,德尔未来,344.5,44.0
300473,德尔股份,227.5,16.0
002054,德美化工,167.0,28.5
002666,德联集团,50.25,17.0
002005,德豪润达,256.75,74.75
000049,德赛电池,187.5,16.0
002411,必康股份,244.0,40.5
300413,快乐购,258.75,25.0
300078,思创医惠,110.0,12.0
300608,思特奇,162.5,20.0
002712,思美传媒,208.25,22.0
002183,怡亚通,136.125,23.0
300081,恒信移动,124.25,18.0
002492,恒基达鑫,142.0,17.0
002591,恒大高新,103.5,16.5
002104,恒宝股份,193.0,32.0
002219,恒康医疗,175.0,31.5
002132,恒星科技,80.5,9.0
300513,恒泰实达,212.0,32.0
300157,恒泰艾普,140.75,28.0
300374,恒通科技,141.75,13.0
002237,恒邦股份,143.5,24.0
300605,恒锋信息,251.5,19.5
300488,恒锋工具,130.75,26.5
300208,恒顺众昇,374.45,71.0
002262,恩华药业,167.375,23.2
002162,悦心健康,290.75,26.5
300460,惠伦晶体,65.5,19.75
002554,惠博普,357.0,33.5
002343,慈文传媒,203.0,17.25
300307,慈星股份,104.75,16.0
002628,成都路桥,43.5,5.0
002190,成飞集成,138.25,14.25
300357,我武生物,155.0,17.0
300314,戴维医疗,187.5,22.0
002652,扬子新材,83.375,14.0
300373,扬杰科技,243.0,12.0
002154,报喜鸟,154.0,18.25
300229,拓尔思,253.75,19.0
300607,拓斯达,197.6875,22.0
002218,拓日新能,223.725,30.45
002261,拓维信息,205.0,16.0
002139,拓邦股份,204.0,20.5
001979,招商蛇口,284.25,25.5
300158,振东制药,212.0,10.0
300101,振芯科技,204.85,28.0
300182,捷成股份,170.5,11.0
002609,捷顺科技,172.95,7.0
300315,掌趣科技,218.4125,36.625
300005,探路者,408.825,36.5
002451,摩恩电气,104.0,13.5
002656,摩登大道,196.0,19.0
300075,数字政通,24.5,5.0
300579,数字认证,155.0,18.0
300079,数码视讯,166.7,24.0
300089,文化长城,76.75,10.0
002775,文科园林,197.5,39.2
300382,斯莱克,88.5,8.0
002388,新亚制程,86.0,14.5
300472,新元科技,109.0,11.0
002147,新光圆成,121.0,15.0
300519,新光药业,241.5,25.0
002376,新北洋,228.5,23.0
002264,新华都,69.0,8.0
002001,新和成,145.5,12.0
300130,新国都,317.875,22.0
300259,新天科技,167.6875,17.0
300013,新宁物流,315.75,41.5
002836,新宏泽,135.0,8.0
300037,新宙邦,153.39999999999998,24.25
002705,新宝股份,188.75,10.0
300248,新开普,249.25,16.0
300109,新开源,171.5,31.5
300336,新文化,52.0,2.0
002527,新时达,1000.0,148.75
300502,新易盛,175.0,11.5
300542,新晨科技,207.25,23.0
002328,新朋股份,262.0,23.0
002089,新海宜,83.0,12.0
002532,新界泵业,272.45,44.0
002700,新疆浩源,88.5,11.0
300159,新研股份,126.0,17.5
002480,新筑股份,133.5,13.0
002341,新纶科技,604.0,78.0
300509,新美星,449.5625,71.0
300260,新莱应材,224.75,21.0
002087,新野纺织,107.25,5.0
300593,新雷能,204.25,30.0
002196,方正电机,175.0,14.0
300235,方直科技,139.375,11.0
002593,日上集团,124.0,16.0
002520,日发精机,114.75,11.0
603218,日月股份,164.5,26.0
300470,日机密封,317.625,82.5
002313,日海通讯,98.25,19.0
600017,日照港,492.75,70.95
300214,日科化学,206.5,39.7
002516,旷达科技,205.25,18.5
300418,昆仑万维,185.5,32.0
002752,昇兴股份,66.0,14.0
300503,昊志机电,120.5,25.0
300151,昌红科技,216.0,13.0
300242,明家联合,138.0,17.0
002574,明牌珠宝,141.0,24.599999999999998
300125,易世达,119.0,27.5
300376,易事特,258.75,22.7
300212,易华录,257.0,27.0
002826,易明医药,331.75,63.0
300096,易联众,629.21875,64.0
300464,星徽精密,75.5,6.0
300256,星星科技,145.0,12.0
002291,星期六,259.5,21.25
300143,星河生物,109.75,18.0
300568,星源材质,223.5,23.0
002829,星网宇达,219.75,23.0
002396,星网锐捷,66.5,11.0
300043,星辉娱乐,300.95,21.0
002547,春兴精工,152.25,19.0
300139,晓程科技,174.375,18.0
300138,晨光生物,157.0,30.75
300610,晨化股份,425.75,32.75
300581,晨曦航空,124.75,16.0
300442,普丽盛,114.0,21.25
002324,普利特,126.375,9.0
002769,普路通,178.0,26.5
002663,普邦园林,140.375,13.0
002067,景兴纸业,254.975,57.75
300474,景嘉微,126.0,17.0
300316,晶盛机电,355.5,25.0
300097,智云股份,202.0,17.0
002169,智光电气,363.75,54.25
300173,智慧松德,142.625,41.5
300122,智飞生物,177.0,11.75
300431,暴风集团,312.25,59.75
002612,朗姿股份,160.0,23.0
300175,朗源股份,91.0,12.5
300288,朗玛信息,128.5,19.0
300543,朗科智能,558.7,78.0
300042,朗科科技,175.625,22.0
002745,木林森,63.5,10.425
002581,未名医药,329.25,36.0
300024,机器人,192.375,25.625
300478,杭州高新,239.0,26.5
002430,杭氧股份,145.5,21.5
002534,杭锅股份,103.65,32.2
002353,杰瑞股份,91.5,19.0
002544,杰赛科技,264.875,32.5
002454,松芝股份,169.25,24.7
002535,林州重机,92.5,13.0
002776,柏堡龙,418.75,39.2
002346,柘中股份,101.75,8.75
002082,栋梁新材,99.125,25.0
002340,格林美,498.9,108.25
002820,桂发祥,297.375,28.0
002275,桂林三金,199.0,26.0
300275,梅安森,74.75,7.25
300038,梅泰诺,268.0,35.5
002397,梦洁股份,134.75,24.0
002123,梦网荣信,170.5,29.5
002634,棒杰股份,809.75,139.75
002431,棕榈股份,169.9,17.5
002358,森源电气,507.2,57.0
300210,森远股份,144.25,18.0
002563,森马服饰,114.0,17.25
300358,楚天科技,124.5,18.0
002171,楚江新材,272.25,32.0
002474,榕基软件,146.0,12.0
002056,横店东磁,483.55,47.5
300539,横河模具,156.125,9.0
300615,欣天科技,277.125,33.0
300207,欣旺达,157.0,14.0
300372,欣泰电气,129.95,55.5
300595,欧普康视,70.0,25.0
300053,欧比特,184.25,17.0
002711,欧浦智网,436.5625,46.4
002456,欧菲光,321.75,52.375
002241,歌尔股份,245.875,40.6
300410,正业科技,270.65,28.0
300224,正海磁材,150.5,25.25
002157,正邦科技,131.5,15.0
002569,步森股份,120.0,11.0
002251,步步高,203.5,37.0
002194,武汉凡谷,400.5,64.0
002420,毅昌股份,74.5,5.0
002594,比亚迪,243.5,28.0
002832,比音勒芬,66.5,6.0
002234,民和股份,79.0,31.5
002647,民盛金科,176.375,13.0
002273,水晶光电,185.0,23.0
002753,永东股份,112.25,16.0
002756,永兴特钢,185.0,23.5
300230,永利股份,444.625,51.75
002795,永和智控,148.625,23.5
002326,永太科技,189.25,17.2
002365,永安药业,78.5,14.0
300187,永清环保,334.75,55.0
300351,永贵电器,80.0,12.0
002641,永高股份,120.0,14.0
300371,汇中股份,74.75,12.0
300282,汇冠股份,281.375,29.0
300124,汇川技术,165.5,38.25
002763,汇洁股份,72.0,5.0
300609,汇纳科技,135.5,12.0
300368,汇金股份,315.25,32.5
300007,汉威电子,327.45,42.0
300170,汉得信息,228.875,16.5
002412,汉森制药,154.5,15.0
002498,汉缆股份,286.0,45.0
300449,汉邦高科,224.75,33.75
002158,汉钟精机,428.9375,76.375
300300,汉鼎宇佑,172.75,21.2
002226,江南化工,147.75,49.5
002601,江山化工,236.25,30.75
002484,江海股份,192.95,16.0
002600,江粉磁材,262.25,37.0
002091,江苏国泰,94.0,11.0
002438,江苏神通,255.75,34.5
002807,江阴银行,410.75,66.0
300589,江龙船艇,271.75,25.5
002130,沃尔核材,189.5,24.5
300483,沃施股份,245.5,16.0
300142,沃森生物,204.5625,19.0
002075,沙钢股份,181.75,23.0
002108,沧州明珠,110.0,14.0
002463,沪电股份,268.625,71.5
002254,泰和新材,408.0,43.0
002843,泰嘉股份,120.75,17.0
002347,泰尔股份,82.75,14.75
300347,泰格医药,69.25,23.0
300129,泰胜风能,266.375,23.0
002304,洋河股份,323.5,62.45
300334,津膜科技,124.0,12.0
002802,洪汇新材,256.375,18.0
002325,洪涛股份,132.5,12.0
300232,洲明科技,151.85,24.5
002557,洽洽食品,176.125,9.0
002098,浔兴股份,312.0,52.25
002266,浙富控股,133.5,12.0
002522,浙江众成,183.5,25.0
002489,浙江永强,174.5,35.0
002677,浙江美大,187.5,23.0
300448,浩云科技,160.5,18.0
002203,海亮股份,340.0,49.5
300201,海伦哲,185.75,32.0
300329,海伦钢琴,96.0,9.5
300065,海兰信,400.7,44.5
603639,海利尔,108.5,14.0
002206,海利得,132.75,31.0
002596,海南瑞泽,135.75,13.0
002311,海大集团,303.5,34.0
002344,海宁皮城,208.5,38.75
002320,海峡股份,127.4,10.5
002184,海得控制,309.0,67.65
002653,海思科,222.4625,68.7
002399,海普瑞,217.15,33.25
002465,海格通信,259.25,34.0
002702,海欣食品,261.125,37.0
300517,海波重科,192.5,45.5
002724,海洋王,143.625,32.875
002529,海源机械,141.7,21.0
002023,海特高新,113.25,21.0
002537,海立美达,266.25,37.0
002099,海翔药业,119.7,25.5
300277,海联讯,249.45,44.5
600387,海越股份,49.625,16.0
300584,海辰药业,193.5,33.5
300320,海达股份,259.25,33.0
300501,海顺新材,153.0,17.0
002084,海鸥卫浴,214.0,20.5
300339,润和软件,539.125,81.45
300493,润欣科技,241.0,40.5
002483,润邦股份,174.0,15.0
002507,涪陵榨菜,84.5,10.0
300540,深冷股份,192.0,46.75
002168,深圳惠程,276.875,49.0
002573,清新环境,253.75,24.5
300283,温州宏丰,228.7,33.0
300498,温氏股份,240.0,45.5
002174,游族网络,140.0,5.0
002155,湖南黄金,140.0,18.0
002125,湘潭电化,164.0,27.95
300381,溢多利,158.25,12.5
002244,滨江集团,157.5,14.2
002351,漫步者,198.75,39.2
300191,潜能恒信,480.125,73.5
002345,潮宏基,189.75,18.0
002172,澳洋科技,63.25,6.0
300566,激智科技,243.5,26.5
002225,濮耐股份,113.80000000000001,23.5
300481,濮阳惠成,199.5,10.0
300360,炬华科技,690.825,78.5
002315,焦点科技,315.625,30.0
002695,煌上煌,224.0,26.5
300588,熙菱信息,139.25,15.0
002732,燕塘乳业,334.125,43.5
002403,爱仕达,120.125,13.0
300521,爱司凯,66.0,19.0
300015,爱尔眼科,420.25,69.2
002610,爱康科技,296.25,21.5
002416,爱施德,616.45,72.625
002714,牧原股份,247.25,37.0
002728,特一药业,239.75,23.5
002213,特尔佳,121.0,35.0
300001,特锐德,198.75,25.75
002684,猛狮科技,154.25,11.0
002735,王子新材,187.625,18.0
002799,环球印务,261.125,34.0
300425,环能科技,260.2,32.0
300317,珈伟股份,233.5625,35.7
002461,珠江啤酒,106.0,12.0
300557,理工光科,252.25,43.7
002322,理工环科,291.0,18.0
300206,理邦仪器,108.5,8.0
300241,瑞丰光电,130.375,26.5
300243,瑞丰高材,77.5,17.0
300154,瑞凌股份,333.7,60.0
002620,瑞和股份,161.25,25.0
002790,瑞尔特,171.75,20.0
002589,瑞康医药,71.0,3.0
300119,瑞普生物,141.0,29.0
002066,瑞泰科技,101.25,15.0
300600,瑞特股份,141.125,14.0
002095,生意宝,247.25,31.95
300461,田中精机,413.5,29.0
002468,申通快递,169.0,11.0
002730,电光科技,208.125,10.0
300215,电科院,244.375,47.25
002715,登云股份,97.5,17.0
002041,登海种业,72.0,20.0
002455,百川股份,54.0,3.0
002568,百润股份,138.9,36.0
002329,皇氏集团,337.25,33.0
002331,皖通科技,323.5,44.0
002458,益生股份,146.0,32.5
002566,益盛药业,122.375,12.0
002847,盐津铺子,158.75,14.4
300494,盛天网络,117.25,23.0
300518,盛讯达,465.0,32.0
002446,盛路通信,269.5,29.0
300090,盛运环保,181.0,25.0
002599,盛通股份,295.875,24.0
002400,省广股份,159.125,13.0
002771,真视通,204.7,15.0
002692,睿康股份,384.5,34.0
002153,石基信息,300.96875,29.75
300322,硕贝德,200.35,15.0
300070,碧水源,92.95,17.75
300189,神农基因,196.625,30.5
002361,神剑股份,84.5,8.5
300563,神宇股份,196.75,19.5
300002,神州泰岳,252.25,29.0
002278,神开股份,175.0,40.5
300479,神思电子,170.5,29.5
300156,神雾环保,218.075,29.0
300194,福安药业,93.25,14.5
002679,福建金森,116.9375,12.0
002222,福晶科技,80.15,10.5
300049,福瑞股份,138.25,16.0
300160,秀强股份,83.5,17.0
002422,科伦药业,341.875,79.0
300565,科信技术,265.5,55.0
002335,科华恒盛,314.5,50.0
002022,科华生物,132.875,9.75
002518,科士达,241.375,21.0
300520,科大国创,124.0,9.0
300222,科大智能,270.0,25.0
002230,科大讯飞,400.025,72.65
300340,科恒股份,98.75,23.75
300192,科斯伍德,93.0,24.0
300092,科新机电,83.0,14.5
002499,科林环保,333.0,39.0
300153,科泰电源,394.625,47.5
300152,科融环境,136.625,22.5
002770,科迪乳业,124.0,19.0
002121,科陆电子,242.4,22.0
300405,科隆精化,295.25,38.0
002339,积成电子,324.25,33.625
300590,移为通信,357.5,43.5
300010,立思辰,393.375,37.5
300603,立昂技术,284.0,32.5
002475,立讯精密,140.0,16.0
002378,章源钨业,209.25,23.0
002797,第一创业,682.35,84.371875
002181,粤传媒,415.125,74.5
002060,粤水电,125.0,13.0
300099,精准信息,191.825,35.0
002006,精功科技,189.0,18.0
300567,精测电子,89.5,13.0
002295,精艺股份,108.0,9.0
300258,精锻科技,227.5,26.0
002766,索菱股份,89.5,10.0
002572,索菲亚,82.5,8.0
002049,紫光国芯,88.5,31.5
002118,紫鑫药业,233.625,16.0
002809,红墙股份,237.5,47.0
300345,红宇新材,123.0,10.0
002165,红宝丽,274.0,26.0
002697,红旗连锁,145.625,21.5
300026,红日药业,187.5,14.4
300427,红相电力,142.2,18.0
002825,纳尔股份,176.9,17.0
300198,纳川股份,283.75,30.0
300120,经纬电材,211.25,28.0
300508,维宏股份,184.5,32.0
300190,维尔利,169.1,41.0
300369,绿盟科技,214.0,17.5
300017,网宿科技,413.5,103.5
002114,罗平锌电,129.0,19.75
002333,罗普斯金,191.25,34.625
002293,罗莱生活,391.25,41.0
002690,美亚光电,158.75,15.0
300188,美亚柏科,129.125,13.625
300611,美力科技,170.5,18.0
300495,美尚生态,147.5,16.25
300495,美尚生态,97.0,10.0
002044,美年健康,324.75,40.5
300439,美康生物,147.25,30.0
300237,美晨科技,150.75,24.75
002034,美欣达,136.5,33.5
002303,美盈森,124.5,18.75
002269,美邦服饰,411.875,40.5
002842,翔鹭钨业,111.0,11.0
300199,翰宇药业,195.25,22.2
002508,老板电器,153.0,16.0
300456,耐威科技,162.5,28.0
300343,联创互联,247.25,26.0
002036,联创电子,51.0,11.0
002250,联化科技,149.75,19.5
002394,联发股份,94.25,18.0
300269,联建光电,552.625,43.75
300545,联得装备,62.0,14.0
002280,联络互动,96.5,7.0
300203,聚光科技,118.25,17.0
300475,聚隆科技,59.0,17.0
300303,聚飞光电,140.0,24.5
300202,聚龙股份,307.075,46.599999999999994
002426,胜利精密,134.5,8.0
300476,胜宏科技,36.5,7.0
300392,腾信股份,115.375,27.625
300178,腾邦国际,464.375,47.0
300204,舒泰神,259.75,65.7
002608,舜天船舶,55.75,5.0
002025,航天电器,100.0,8.0
300424,航新科技,95.875,9.5
002706,良信电器,127.0,16.0
300389,艾比森,125.0,19.0
002180,艾派克,271.875,52.0
002170,芭田股份,127.75,18.5
300284,苏交科,188.0,8.0
300331,苏大维格,260.5,23.0
300507,苏奥传感,170.0,13.75
002024,苏宁云商,168.0,13.0
000718,苏宁环球,87.0,10.0
002808,苏州恒久,192.0,11.0
002032,苏泊尔,160.8125,13.0
002334,英威腾,108.2,24.5
000411,英特集团,76.5,4.0
002837,英维克,79.5,8.5
002528,英飞拓,117.5,12.0
300582,英飞特,125.625,21.0
002660,茂硕电源,141.5,16.25
300087,荃银高科,271.5,28.0
002642,荣之联,174.0,17.0
002146,荣盛发展,252.75,38.4
002493,荣盛石化,156.95,18.0
300290,荣科科技,187.25,28.0
002106,莱宝高科,142.75,15.0
300006,莱美药业,96.75,13.0
002166,莱茵生物,149.75,17.0
300395,菲利华,90.125,5.0
002731,萃华珠宝,114.0,14.0
002737,葵花药业,388.5,52.0
002614,蒙发利,192.25,20.2
300355,蒙草生态,312.5,21.5
002513,蓝丰生化,320.5,39.625
002382,蓝帆医疗,129.5,19.0
300433,蓝思科技,240.4,31.5
300484,蓝海华腾,99.0,11.0
300297,蓝盾股份,402.5,20.0
300058,蓝色光标,296.0,44.0
300293,蓝英装备,101.0,11.0
002765,蓝黛传动,199.0,30.0
002192,融捷股份,126.45,33.0
002622,融钰集团,256.8125,30.5
300305,裕兴股份,102.5,8.0
002831,裕同科技,235.0,12.0
002265,西仪股份,69.75,11.0
002536,西泵股份,116.5,25.4
002302,西部建设,303.25,59.25
002149,西部材料,64.5,15.0
300106,西部牧业,550.6,97.25
002584,西陇科学,121.5,15.0
002841,视源股份,142.9375,36.75
002437,誉衡药业,231.25,41.0
002197,证通电子,206.5,19.5
300430,诚益通,136.5,21.0
300598,诚迈科技,188.7,26.0
002215,诺普信,160.25,19.15
002595,豪迈科技,96.125,21.0
300064,豫金刚石,242.75,24.5
002570,贝因美,131.95,25.75
300580,贝斯特,395.0,48.5
002828,贝肯能源,454.75,97.5
300558,贝达药业,916.625,107.25
002141,贤丰控股,119.5,12.0
002424,贵州百灵,368.25,35.5
300044,赛为智能,89.25,14.0
300485,赛升药业,209.25,33.0
300583,赛托生物,136.0,15.0
300466,赛摩电气,182.15,20.0
002637,赞宇科技,225.0,31.0
300457,赢合科技,95.5,7.0
300377,赢时胜,187.375,20.0
002460,赣锋锂业,91.2,10.0
002356,赫美集团,123.75,5.0
300036,超图软件,286.6875,28.0
002725,跃岭股份,215.75,24.0
002640,跨境通,463.25,49.0
002813,路畅科技,102.4,17.5
300555,路通视信,338.25,35.5
002073,软控股份,197.0,35.0
002046,轴研科技,211.0,15.5
002496,辉丰股份,35.75,3.0
002296,辉煌科技,343.75,44.5
002556,辉隆股份,192.5,39.5
300523,辰安科技,296.5,35.0
300103,达刚路机,181.1,47.5
002512,达华智能,132.75,16.0
300535,达威股份,163.5,33.0
002030,达安基因,665.75,26.0
002421,达实智能,180.0,9.0
300530,达志科技,166.75,8.0
002209,达意隆,189.0,35.0
300467,迅游科技,262.5,21.0
300463,迈克生物,449.5,36.5
300440,运达科技,121.0,9.0
002406,远东传动,123.0,28.0
002063,远光软件,194.5,26.0
002689,远大智能,253.125,27.0
300306,远方光电,164.25,18.0
002161,远望谷,178.2,7.0
300412,迦南科技,112.0,18.625
300167,迪威视讯,115.5,21.0
300244,迪安诊断,304.75,34.5
300335,迪森股份,153.0,10.0
300396,迪瑞医疗,243.75,30.0
002243,通产丽星,194.0,28.25
300265,通光线缆,191.0,17.0
300491,通合科技,159.0,15.0
002792,通宇通讯,113.0,6.0
002156,通富微电,173.25,22.0
002150,通润装备,216.5,26.0
300164,通源石油,187.75,19.0
300185,通裕重工,81.75,16.5
002576,通达动力,132.25,19.0
002560,通达股份,205.625,41.0
002491,通鼎互联,327.75,44.900000000000006
002838,道恩股份,61.5,6.0
300312,邦讯技术,92.0,17.0
300149,量子高科,185.25,20.75
002721,金一文化,631.5,78.125
300028,金亚科技,741.5,113.5
300252,金信诺,222.0,28.0
300510,金冠电气,64.5,9.0
300093,金刚玻璃,137.5,20.0
300069,金利华电,76.0,13.0
002464,金利科技,137.75,31.0
300225,金力泰,127.875,9.0
300349,金卡智能,73.75,9.0
002762,金发拉比,167.5,21.0
002488,金固股份,46.5,5.0
000546,金圆股份,397.5,111.5
300233,金城医药,233.75,35.0
300606,金太阳,180.625,22.5
002515,金字火腿,477.625,30.0
002636,金安国纪,117.25,6.0
002548,金新农,167.875,26.4
300281,金明精机,565.825,54.0
002090,金智科技,155.75,15.0
002533,金杯电工,66.0,6.5
002470,金正大,266.75,32.15
002688,金河生物,97.0,10.0
002443,金洲管道,201.0,14.75
300434,金石东方,305.1875,50.0
002597,金禾实业,154.0,38.5
300459,金科娱乐,299.5,48.7
002723,金莱特,70.0,9.0
002081,金螳螂,162.0,4.75
002716,金贵银业,201.0,30.75
002722,金轮股份,148.0,9.0
002626,金达威,85.0,20.0
300220,金运激光,99.875,21.75
300091,金通灵,87.0,14.5
300443,金雷风电,231.25,26.5
002202,金风科技,373.125,96.5
300032,金龙机电,393.875,73.0
300034,钢研高纳,128.4,17.0
300197,铁汉生态,191.0,48.400000000000006
300085,银之杰,204.0,25.0
300231,银信科技,350.0,42.0
002786,银宝山新,170.5,23.0
300020,银江股份,111.2,21.0
002519,银河电子,137.5,10.0
300127,银河磁体,109.5,9.0
300221,银禧科技,170.125,21.0
002126,银轮股份,201.5,13.0
300337,银邦股份,140.5,12.0
300126,锐奇股份,134.5,15.0
300128,锦富技术,113.75,19.0
002316,键桥通讯,375.75,59.0
300348,长亮科技,183.75,47.875
300088,长信科技,184.35000000000002,52.5
002071,长城影视,235.0,16.0
300301,长方集团,348.5,30.0
002435,长江润发,303.0,17.0
300196,长海股份,27.0,8.5
002680,长生生物,65.5,7.0
300115,长盈精密,144.5,10.0
300195,长荣股份,135.75,32.5
002391,长青股份,181.0,29.5
002616,长青集团,79.75,12.0
002452,长高集团,174.5,28.75
002440,闰土股份,374.625,37.0
300274,阳光电源,189.125,29.5
300030,阳普医疗,198.25,27.0
300121,阳谷华泰,176.95,40.2
300534,陇神戎发,132.0,25.5
002363,隆基机械,112.0,10.5
601012,隆基股份,338.0,50.0
300599,雄塑科技,164.5,14.0
300546,雄帝科技,250.0,14.0
002733,雄韬股份,322.25,53.5
002497,雅化集团,120.5,15.75
300261,雅本化学,61.5,3.0
002323,雅百特,265.95,82.5
300553,集智股份,169.5125,13.0
002477,雏鹰农牧,102.75,17.5
002639,雪人股份,226.75,18.0
300511,雪榕生物,105.5,18.0
002076,雪莱特,56.0,1.5
002658,雪迪龙,211.5,25.0
300162,雷曼股份,582.875,32.75
002577,雷柏科技,120.5,17.0
002413,雷科防务,125.0,15.0
002015,霞客环保,264.5,44.5
002128,露天煤业,479.625,100.25
002094,青岛金王,108.5,14.25
300132,青松股份,90.0,7.0
002646,青青稞酒,221.25,20.5
002457,青龙管业,157.5,18.0
002667,鞍重股份,130.75,20.0
002120,韵达股份,233.0,16.0
002352,顺丰控股,403.875,55.0
002676,顺威股份,72.5,4.0
002565,顺灏股份,252.625,35.5
002138,顺络电子,144.75,11.0
300113,顺网科技,76.0,14.0
002694,顾地科技,63.25,8.0
300398,飞凯材料,159.1875,29.5
300287,飞利信,219.0,20.0
300240,飞力达,133.2,12.5
300602,飞荣达,265.875,35.0
002210,飞马国际,378.5,34.0
002665,首航节能,275.0,35.2
300147,香雪制药,172.0,35.875
002502,骅威文化,163.5,26.5
002348,高乐股份,301.9875,20.75
002827,高争民爆,95.75,12.0
300465,高伟达,152.0,50.75
002414,高德红外,325.0,40.0
002848,高斯贝尔,142.5,9.0
300098,高新兴,354.0,27.0
300499,高澜股份,109.5,20.0
300200,高盟新材,124.25,18.95
002778,高科石化,247.25,58.0
002223,鱼跃医疗,123.4,28.25
300423,鲁亿通,153.75,21.0
002088,鲁阳节能,138.0,19.0
300441,鲍斯股份,506.0,34.5
300219,鸿利智汇,78.75,14.0
002229,鸿博股份,94.5,11.0
300176,鸿特精密,106.5,18.0
002541,鸿路钢构,59.0,10.0
002002,鸿达兴业,270.25,22.0
300375,鹏翎股份,162.5,28.75
300438,鹏辉能源,159.25,4.0
002788,鹭燕医药,194.75,37.0
300319,麦捷科技,120.0,16.0
002719,麦趣尔,402.5,56.0
002137,麦达数字,158.75,14.0
300341,麦迪电气,91.5,8.0
002817,黄山胶囊,170.5,16.5
002387,黑牛食品,832.75,119.7
002068,黑猫股份,194.0,39.25
002039,黔源电力,75.0,14.5
300378,鼎捷软件,334.625,32.5
300011,鼎汉技术,274.75,30.0
300054,鼎龙股份,307.125,43.0
002521,齐峰新材,90.5,7.0
002301,齐心集团,170.875,12.0
002408,齐翔腾达,77.5,9.0
002604,龙力生物,214.75,41.5
002726,龙大肉食,98.75,14.4
002442,龙星化工,40.5,5.0
002671,龙泉股份,207.5,28.0
002750,龙津药业,75.0,6.5
002682,龙洲股份,256.0,21.0
300105,龙源技术,169.875,57.75
002601,龙蟒佰利,297.25,40.0
