code,short,allToneQ,allToneA,allRes
2069.0,ST獐岛,0.8729747245625405,0.1270252754374595,655
2029.0,七匹狼,0.8284877640660949,0.17151223593390502,373
2085.0,万丰奥威,0.8397040690505548,0.16029593094944514,370
2543.0,万和电气,0.898635477582846,0.101364522417154,367
300482.0,万孚生物,0.8873680093859991,0.11263199061400077,477
2590.0,万安科技,0.7971014492753623,0.2028985507246377,337
2654.0,万润科技,0.9481865284974094,0.05181347150259067,149
2643.0,万润股份,0.8705202312138728,0.12947976878612716,462
300268.0,万福生科,0.7650273224043715,0.2349726775956284,202
2.0,万科A,0.8913375251816128,0.10866247481838716,1120
300168.0,万达信息,0.8365019011406845,0.1634980988593156,675
2739.0,万达院线,0.8702313006908982,0.12976869930910184,1483
300055.0,万邦达,0.8659517426273459,0.13404825737265416,298
2434.0,万里扬,0.8798283261802575,0.12017167381974247,253
2785.0,万里石,0.9662447257383966,0.033755274261603366,323
300591.0,万里马,0.8903944595001505,0.10960554049984944,337
300552.0,万集科技,0.9379715004191116,0.062028499580888526,535
300057.0,万顺股份,0.8991759573436743,0.10082404265632572,600
2276.0,万马股份,0.83601756954612,0.16398243045387995,447
2555.0,三七互娱,0.8820422535211268,0.11795774647887325,501
300276.0,三丰智能,0.8551724137931035,0.14482758620689656,336
300051.0,三五互联,0.8196078431372549,0.1803921568627451,401
2417.0,三元达,0.7937701396348013,0.20622986036519872,523
2216.0,三全食品,0.8819188191881919,0.11808118081180813,496
300295.0,三六五网,0.7922802666253295,0.2077197333746706,595
2224.0,三力士,0.6585365853658537,0.3414634146341464,367
2112.0,三变科技,0.7984031936127745,0.20159680638722555,251
2621.0,三垒股份,0.9131886477462438,0.08681135225375626,378
2780.0,三夫户外,0.8485958485958486,0.1514041514041514,412
300066.0,三川智慧,0.9287531806615776,0.07124681933842239,444
300515.0,三德科技,0.8780019212295871,0.12199807877041305,408
2857.0,三晖电气,0.8626373626373627,0.13736263736263735,739
2312.0,三泰控股,0.8802970729576234,0.11970292704237658,350
2159.0,三特索道,0.9069767441860463,0.09302325581395347,531
300408.0,三环集团,0.9691119691119692,0.03088803088803089,333
300056.0,三维丝,0.7898044692737429,0.21019553072625705,624
2469.0,三维工程,0.9002047082906858,0.09979529170931424,261
2115.0,三维通信,0.8744588744588745,0.12554112554112554,341
300384.0,三联虹普,0.9004149377593361,0.0995850622406639,360
300072.0,三聚环保,0.8413499806690773,0.15865001933092265,1838
2050.0,三花智控,0.8862144420131292,0.1137855579868709,294
300298.0,三诺生物,0.8539823008849557,0.14601769911504425,507
2110.0,三钢闽光,0.8722741433021807,0.1277258566978193,391
300236.0,上海新阳,0.8925823777035854,0.10741762229641458,869
2252.0,上海莱士,0.9282511210762332,0.07174887892376683,377
300226.0,上海钢联,0.8763796909492274,0.12362030905077265,729
300522.0,世名科技,0.8818283166109253,0.11817168338907467,401
2796.0,世嘉科技,0.9720034995625548,0.02799650043744532,112
2558.0,世纪游轮,0.8526758869512928,0.14732411304870716,393
300150.0,世纪瑞尔,0.9223880597014924,0.07761194029850746,536
300050.0,世纪鼎利,0.9444444444444444,0.05555555555555555,283
2285.0,世联行,0.8529048207663782,0.14709517923362175,373
2016.0,世荣兆业,0.9661016949152542,0.03389830508474576,321
2748.0,世龙实业,0.9163498098859316,0.08365019011406842,348
2017.0,东信和平,0.8,0.2,301
300354.0,东华测试,0.8512914166449257,0.14870858335507434,679
2140.0,东华科技,0.8220064724919094,0.1779935275080906,580
2221.0,东华能源,0.8853299787110508,0.11467002128894907,1534
2065.0,东华软件,0.8796229151559101,0.12037708484408992,493
300353.0,东土科技,0.9113924050632912,0.08860759493670886,392
300239.0,东宝生物,0.931372549019608,0.06862745098039216,368
300171.0,东富龙,0.9112008072653884,0.08879919273461151,384
2384.0,东山精密,0.889739663093415,0.110260336906585,345
2819.0,东方中科,0.8481973434535104,0.15180265654648956,310
2310.0,东方园林,0.8662092624356775,0.13379073756432247,2108
300166.0,东方国信,0.9132939733607142,0.08670602663928582,499
2755.0,东方新星,0.8446215139442231,0.1553784860557769,298
300118.0,东方日升,0.8712742980561555,0.1287257019438445,646
2086.0,东方海洋,0.902621722846442,0.09737827715355804,416
300217.0,东方电热,0.8809523809523809,0.11904761904761905,337
2611.0,东方精工,0.8870431893687708,0.11295681063122925,301
300367.0,东方网力,0.9281582631203612,0.07184173687963867,853
2175.0,东方网络,0.9452054794520548,0.0547945205479452,250
300059.0,东方财富,0.9024072869225764,0.09759271307742357,318
300379.0,东方通,0.938722294654498,0.06127770534550196,458
2545.0,东方铁塔,0.926463473633285,0.07353652636671505,386
2167.0,东方锆业,0.8547008547008547,0.1452991452991453,471
2271.0,东方雨虹,0.9085948158253752,0.09140518417462484,425
2713.0,东易日盛,0.9111111111111112,0.08888888888888889,366
2199.0,东晶电子,0.8764845605700713,0.12351543942992875,405
300486.0,东杰智能,0.8729096989966555,0.12709030100334448,305
2672.0,东江环保,0.8661937772045785,0.1338062227954216,570
2117.0,东港股份,0.8712121212121212,0.12878787878787878,377
2675.0,东诚药业,0.8914919852034525,0.10850801479654748,578
300183.0,东软载波,0.8959050899349407,0.10409491006505933,639
2793.0,东音股份,0.9177377892030848,0.08226221079691516,318
2793.0,东音股份,0.8704453441295547,0.12955465587044535,279
300512.0,中亚股份,0.945945945945946,0.054054054054054064,224
2579.0,中京电子,0.8194546794399409,0.18054532056005893,530
300018.0,中元股份,0.9252095422308187,0.07479045776918118,298
300414.0,中光防雷,0.9123287671232876,0.08767123287671233,388
2309.0,中利集团,0.9047619047619048,0.09523809523809523,473
2542.0,中化岩土,0.9095890410958904,0.0904109589041096,397
2445.0,中南文化,0.9340849956634866,0.06591500433651344,415
601985.0,中国核电,0.8645833333333334,0.13541666666666666,199
2116.0,中国海诚,0.7633749207020513,0.23662507929794885,391
2779.0,中坚科技,0.9093484419263456,0.0906515580736544,253
300270.0,中威电子,0.9004392386530015,0.09956076134699854,281
300560.0,中富通,0.8700787401574803,0.12992125984251968,377
2051.0,中工国际,0.8564102564102564,0.14358974358974358,1387
2364.0,中恒电气,0.9152542372881356,0.0847457627118644,241
2021.0,中捷资源,0.8277511961722488,0.1722488038277512,265
300364.0,中文在线,0.9613215149073328,0.038678485092667206,74
300575.0,中旗股份,0.9222941720629048,0.07770582793709528,521
2080.0,中材科技,0.9059929494712105,0.09400705052878966,572
300393.0,中来股份,0.8963815789473685,0.10361842105263158,386
2145.0,中核钛白,0.8630952380952381,0.13690476190476192,302
2092.0,中泰化学,0.8779527559055118,0.1220472440944882,681
2659.0,中泰桥梁,0.9352629940865236,0.0647370059134765,261
300435.0,中泰股份,0.9017543859649124,0.09824561403508772,310
2401.0,中海科技,0.8899167437557817,0.11008325624421833,375
300177.0,中海达,0.9007299270072991,0.09927007299270073,309
300526.0,中潜股份,0.9410430839002268,0.058956916099773236,690
2129.0,中环股份,0.8374836173001311,0.16251638269986893,1179
300140.0,中环装备,0.8610472541507024,0.13895274584929754,1168
2298.0,中电鑫龙,0.9523809523809524,0.047619047619047616,673
2738.0,中矿资源,0.9251700680272108,0.07482993197278913,283
2306.0,中科云网,0.7518632178868917,0.2481367821131083,987
2290.0,中科新材,0.9253731343283582,0.07462686567164177,206
300035.0,中科电气,0.8530534351145038,0.14694656488549618,375
2657.0,中科金财,0.8922990020711731,0.10770099792882697,419
300062.0,中能电气,0.8980667838312829,0.10193321616871703,300
2163.0,中航三鑫,0.8508403361344538,0.14915966386554622,315
2179.0,中航光电,0.9252525252525252,0.07474747474747474,436
300114.0,中航电测,0.9203821656050956,0.07961783439490445,552
2822.0,中装建设,0.9341546304163126,0.06584536958368734,347
2471.0,中超控股,0.8746121750294212,0.1253878249705788,454
300145.0,中金环境,0.9467787114845938,0.05322128851540616,789
2057.0,中钢天源,0.8648285137861466,0.1351714862138534,633
300308.0,中际装备,0.8644067796610171,0.13559322033898305,280
2511.0,中顺洁柔,0.8927738927738927,0.10722610722610723,299
300327.0,中颖电子,0.8794731610337972,0.1205268389662028,726
300489.0,中飞股份,0.9416909620991254,0.058309037900874626,254
2530.0,丰东股份,0.9303991811668372,0.06960081883316274,510
2805.0,丰元股份,0.912630579297246,0.08736942070275404,277
2618.0,丹邦科技,0.9048546675552366,0.09514533244476342,1096
2374.0,丽鹏股份,0.8851924331376386,0.11480756686236138,675
300516.0,久之洋,0.9223300970873788,0.07766990291262135,422
2279.0,久其软件,0.9397489539748954,0.0602510460251046,644
300631.0,久吾高科,0.8531317494600432,0.1468682505399568,399
2037.0,久联发展,0.8187919463087249,0.1812080536912752,281
2777.0,久远银海,0.9100346020761244,0.08996539792387544,633
300446.0,乐凯新材,0.8995433789954338,0.1004566210045662,438
300562.0,乐心医疗,0.9254947613504074,0.07450523864959255,495
300003.0,乐普医疗,0.9075697211155378,0.09243027888446216,468
300104.0,乐视网,0.7792850595783685,0.22071494042163156,1807
2319.0,乐通股份,0.8630136986301371,0.136986301369863,206
300247.0,乐金健康,0.9638826185101579,0.03611738148984198,240
2687.0,乔治白,0.8596491228070176,0.14035087719298245,1133
300040.0,九洲电气,0.7962751805397187,0.2037248194602813,703
2242.0,九阳股份,0.8949609652235628,0.1050390347764372,2739
2201.0,九鼎新材,0.9266055045871558,0.07339449541284404,164
2195.0,二三四五,0.8955696202531646,0.10443037974683543,512
2467.0,二六三,0.81,0.19,330
2059.0,云南旅游,0.9112163361941402,0.08878366380585972,321
2053.0,云南能投,0.8665395614871306,0.1334604385128694,889
2428.0,云南锗业,0.8664259927797834,0.13357400722021662,1048
2539.0,云图控股,0.8426666666666667,0.15733333333333333,489
2200.0,云投生态,0.8965986394557823,0.10340136054421767,306
2182.0,云海金属,0.9485294117647058,0.05147058823529412,433
300420.0,五洋科技,0.8894645941278065,0.11053540587219343,188
2375.0,亚厦股份,0.7195253505933118,0.28047464940668826,1047
2607.0,亚夏汽车,0.8358038768529077,0.16419612314709234,326
2540.0,亚太科技,0.9071301700076124,0.09286982999238773,744
2284.0,亚太股份,0.8625954198473282,0.13740458015267176,519
2370.0,亚太药业,0.8850346878097126,0.1149653121902874,345
2559.0,亚威股份,0.9012841091492776,0.09871589085072233,509
2811.0,亚泰国际,0.8867102396514162,0.11328976034858387,230
2623.0,亚玛顿,0.9177602799650044,0.08223972003499562,345
300399.0,京天利,0.8670520231213873,0.1329479768786127,326
2662.0,京威股份,0.7142857142857143,0.2857142857142857,420
2020.0,京新药业,0.9032801506292736,0.09671984937072638,329
2686.0,亿利达,0.8978978978978979,0.1021021021021021,466
2019.0,亿帆医药,0.8339350180505415,0.16606498194945848,486
300014.0,亿纬锂能,0.8965517241379308,0.10344827586206896,230
300211.0,亿通科技,0.9104477611940298,0.08955223880597014,546
2629.0,仁智股份,0.8403614457831325,0.15963855421686746,413
300532.0,今天国际,0.9117837487860148,0.08821625121398513,386
2746.0,仙坛股份,0.8333333333333334,0.16666666666666666,223
2332.0,仙琚制药,0.8699186991869918,0.13008130081300814,476
300254.0,仟源医药,0.8782608695652174,0.1217391304347826,355
2603.0,以岭药业,0.8758169934640523,0.12418300653594773,620
300311.0,任子行,0.9160839160839158,0.08391608391608392,389
300415.0,伊之密,0.932088285229202,0.06791171477079798,428
2441.0,众业达,0.8340943683409436,0.1659056316590563,591
2707.0,众信旅游,0.873015873015873,0.12698412698412698,327
,众和股份,0.7883369330453563,0.2116630669546436,2105
2317.0,众生药业,0.8652434956637759,0.13475650433622416,400
300531.0,优博讯,0.8569202804466372,0.14307971955336274,277
300549.0,优德精密,0.9319727891156464,0.06802721088435375,258
300578.0,会畅通讯,0.8996138996138996,0.10038610038610038,337
2372.0,伟星新材,0.8229602510460251,0.17703974895397492,1114
2003.0,伟星股份,0.8512638014417373,0.14873619855826262,649
2010.0,传化智联,0.9193326611055092,0.08066733889449078,539
300181.0,佐力药业,0.8905472636815921,0.10945273631840796,201
2644.0,佛慈制药,0.9161480510972814,0.08385194890271863,326
300264.0,佳创视讯,0.9361702127659576,0.06382978723404255,260
300559.0,佳发安泰,0.8971848225214198,0.10281517747858017,179
300193.0,佳士科技,0.8145161290322581,0.18548387096774194,431
300213.0,佳讯飞鸿,0.8956433637284701,0.10435663627152987,276
2495.0,佳隆股份,0.9023049916043352,0.09769500839566478,301
300249.0,依米康,0.8901581722319859,0.10984182776801406,268
2286.0,保龄宝,0.937411095305832,0.06258890469416785,435
300469.0,信息发展,0.8887381275440976,0.1112618724559023,416
2294.0,信立泰,0.9029374201787996,0.0970625798212005,614
300136.0,信维通信,0.8882817243472981,0.11171827565270187,328
2664.0,信质电机,0.8336177474402731,0.16638225255972694,413
2390.0,信邦制药,0.9169054441260746,0.0830945558739255,301
2105.0,信隆健康,0.9362745098039216,0.06372549019607843,247
300529.0,健帆生物,0.8568102444703143,0.14318975552968569,301
300174.0,元力股份,0.9310344827586208,0.06896551724137931,326
2562.0,兄弟科技,0.8873239436619719,0.11267605633802814,298
2256.0,兆新股份,0.9097222222222222,0.09027777777777778,284
300333.0,兆日科技,0.8814229249011858,0.11857707509881422,382
2429.0,兆驰股份,0.9003931847968545,0.09960681520314547,698
300450.0,先导智能,0.8662952646239555,0.13370473537604458,696
300137.0,先河环保,0.8555956678700359,0.1444043321299639,312
300541.0,先进数通,0.9071566731141201,0.09284332688588008,301
300163.0,先锋新材,0.8348124482309786,0.16518755176902142,810
2767.0,先锋电子,0.9447513812154696,0.055248618784530384,314
300356.0,光一科技,0.9049881235154394,0.09501187648456057,997
2741.0,光华科技,0.921875,0.078125,304
2524.0,光正集团,0.8791208791208791,0.12087912087912088,216
2708.0,光洋股份,0.9607843137254902,0.0392156862745098,256
300383.0,光环新网,0.8406658739595719,0.15933412604042807,365
300251.0,光线传媒,0.7752926179163286,0.22470738208367136,2615
2281.0,光迅科技,0.8666666666666667,0.13333333333333333,803
300227.0,光韵达,0.8787614478848671,0.12123855211513306,533
2661.0,克明面业,0.8952095808383234,0.10479041916167664,330
2043.0,兔宝宝,0.9003880983182406,0.09961190168175936,356
300458.0,全志科技,0.8297712785901762,0.1702287214098238,700
2186.0,全聚德,0.8945260347129506,0.1054739652870494,1117
300359.0,全通教育,0.9415730337078652,0.05842696629213484,383
2592.0,八菱科技,0.8787878787878788,0.12121212121212123,316
2655.0,共达电声,0.89453125,0.10546875,505
2436.0,兴森科技,0.9065420560747663,0.09345794392523364,368
2355.0,兴民智通,0.9425837320574164,0.057416267942583726,218
300266.0,兴源环境,0.8669769638099093,0.1330230361900907,794
300573.0,兴齐眼药,0.8900494777350192,0.10995052226498077,335
2691.0,冀凯股份,0.8554913294797688,0.14450867052023122,378
300536.0,农尚环境,0.9358108108108107,0.06418918918918919,293
300238.0,冠昊生物,0.8947368421052632,0.10526315789473684,670
2102.0,冠福股份,0.9164097293593696,0.08359027064063035,686
300533.0,冰川网络,0.8349073102483385,0.1650926897516614,389
2207.0,准油股份,0.7414285714285714,0.25857142857142856,785
2760.0,凤形股份,0.8423645320197044,0.15763546798029554,717
2823.0,凯中精密,0.9333333333333332,0.06666666666666668,388
300326.0,凯利泰,0.8176364727054589,0.18236352729454108,596
300407.0,凯发电气,0.875366568914956,0.124633431085044,660
2012.0,凯恩股份,0.8974358974358975,0.10256410256410256,200
2425.0,凯撒文化,0.9301675977653632,0.06983240223463688,244
2072.0,凯瑞德,0.8931552587646077,0.10684474123539232,290
2549.0,凯美特气,0.8362551286833271,0.1637448713166729,433
2821.0,凯莱英,0.8906789413118527,0.1093210586881473,810
2783.0,凯龙股份,0.8085013146362839,0.19149868536371606,474
2027.0,分众传媒,0.7842003853564548,0.21579961464354527,977
300451.0,创业软件,0.8499867479459315,0.15001325205406835,852
300366.0,创意信息,0.9596231493943472,0.04037685060565276,466
2173.0,创新医疗,0.8702415063446582,0.12975849365534178,439
300250.0,初灵信息,0.9190314037079076,0.08096859629209231,1540
300296.0,利亚德,0.9070034443168772,0.09299655568312283,478
2651.0,利君股份,0.84375,0.15625,268
300596.0,利安隆,0.9424836601307188,0.057516339869281036,303
2258.0,利尔化学,0.8116187253243091,0.1883812746756909,1029
300289.0,利德曼,0.865979381443299,0.13402061855670105,462
2131.0,利欧股份,0.7243243243243244,0.2756756756756757,369
2734.0,利民股份,0.7924836601307189,0.20751633986928106,451
2501.0,利源精制,0.8244274809160306,0.17557251908396945,818
601366.0,利群股份,0.9161904761904762,0.0838095238095238,382
2189.0,利达光电,0.9353348729792148,0.06466512702078522,224
300421.0,力星股份,0.8595317725752508,0.14046822742474915,253
300184.0,力源信息,0.8543184183142559,0.14568158168574402,619
2393.0,力生制药,0.9068198850861854,0.09318011491381464,1409
2650.0,加加食品,0.7928802588996764,0.2071197411003236,530
2191.0,劲嘉股份,0.9093101784852872,0.09068982151471296,760
300400.0,劲拓股份,0.8526315789473684,0.14736842105263154,261
2638.0,勤上股份,0.8945578231292517,0.1054421768707483,567
2392.0,北京利尔,0.8420441347270615,0.15795586527293845,423
300223.0,北京君正,0.8531675547661338,0.14683244523386618,993
2350.0,北京科锐,0.9396378269617708,0.060362173038229376,479
300352.0,北信源,0.8978583196046128,0.10214168039538717,410
2246.0,北化股份,0.7421203438395415,0.25787965616045844,377
2151.0,北斗星通,0.8720967638165091,0.12790323618349098,481
2307.0,北新路桥,0.9072,0.0928,406
2371.0,北方华创,0.9217877094972068,0.0782122905027933,305
2613.0,北玻股份,0.917707567964732,0.08229243203526819,411
2148.0,北纬通信,0.9316962107659782,0.06830378923402179,1898
300216.0,千山药机,0.8972895863052782,0.10271041369472182,567
2373.0,千方科技,0.8488372093023255,0.1511627906976744,222
2550.0,千红制药,0.8735042735042735,0.1264957264957265,556
2259.0,升达林业,0.907514450867052,0.09248554913294796,492
2248.0,华东数控,0.8757990867579909,0.12420091324200913,354
2685.0,华东重机,0.8202676864244742,0.17973231357552585,461
300161.0,华中数控,0.8565356004250797,0.1434643995749203,1879
300110.0,华仁药业,0.9338555265448216,0.06614447345517843,288
2018.0,华信国际,0.8709677419354839,0.12903225806451613,1060
2007.0,华兰生物,0.8615284128020901,0.13847158719790986,1456
300592.0,华凯创意,0.8784284655300222,0.12157153446997775,450
300045.0,华力创通,0.7934990439770554,0.20650095602294452,673
600325.0,华发股份,0.8883248730964467,0.1116751269035533,613
2185.0,华天科技,0.8417266187050358,0.15827338129496402,569
607.0,华媒控股,0.8989340702724042,0.10106592972759572,703
2042.0,华孚色纺,0.9171597633136096,0.08284023668639054,405
300271.0,华宇软件,0.8630136986301371,0.136986301369863,485
2645.0,华宏科技,0.8860363180964309,0.1139636819035692,347
2064.0,华峰氨纶,0.8421900161030595,0.15780998389694045,713
300180.0,华峰超纤,0.9361022364217252,0.06389776357827476,335
2035.0,华帝股份,0.95609220636663,0.043907793633369926,704
300291.0,华录百纳,0.8792067307692307,0.12079326923076925,631
2494.0,华斯股份,0.832258064516129,0.16774193548387098,1128
2274.0,华昌化工,0.8591194968553459,0.14088050314465408,266
300278.0,华昌达,0.9132321041214749,0.08676789587852493,372
2270.0,华明装备,0.9053627760252366,0.0946372239747634,303
300025.0,华星创业,0.8763451776649747,0.12365482233502538,507
300012.0,华测检测,0.8622066899650525,0.13779331003494755,393
2787.0,华源控股,0.8852459016393442,0.11475409836065575,294
300323.0,华灿光电,0.8600217864923748,0.13997821350762527,488
300133.0,华策影视,0.9305127486690951,0.06948725133090501,554
2840.0,华统股份,0.8582434514637904,0.14175654853620956,306
300490.0,华自科技,0.8653846153846154,0.1346153846153846,361
300527.0,华舟应急,0.9197324414715721,0.0802675585284281,241
2321.0,华英农业,0.8848920863309353,0.11510791366906475,328
300330.0,华虹计通,0.9065,0.0935,1653
2630.0,华西能源,0.8953488372093024,0.10465116279069768,285
300027.0,华谊兄弟,0.8737960810362005,0.1262039189637994,602
300071.0,华谊嘉信,0.8613138686131386,0.1386861313868613,437
2758.0,华通医药,0.8283433133732535,0.17165668662674652,421
2004.0,华邦健康,0.9045120671563484,0.09548793284365163,503
300462.0,华铭智能,0.6530612244897959,0.3469387755102041,287
2806.0,华锋股份,0.9356913183279744,0.06430868167202572,120
300350.0,华鹏飞,0.9017692104568259,0.09823078954317403,305
2506.0,协鑫集成,0.8295754026354321,0.17042459736456808,394
2369.0,卓翼科技,0.8350515463917526,0.16494845360824742,344
2040.0,南京港,0.9219015280135824,0.07809847198641766,306
2757.0,南兴装备,0.913378248315688,0.08662175168431184,249
300417.0,南华仪器,0.9181818181818182,0.08181818181818183,289
2305.0,南国置业,0.8845528455284553,0.11544715447154473,518
300346.0,南大光电,0.9077809798270894,0.09221902017291066,936
2314.0,南山控股,0.8668310727496917,0.13316892725030827,595
2096.0,南岭民爆,0.8523245214220602,0.14767547857793986,518
2127.0,南极电商,0.8830409356725146,0.11695906432748535,665
2389.0,南洋科技,0.8498896247240618,0.15011037527593818,933
2212.0,南洋股份,0.8862559241706162,0.11374407582938388,244
300280.0,南通锻压,0.8736176935229067,0.12638230647709325,338
300068.0,南都电源,0.8712541620421753,0.12874583795782465,998
300422.0,博世科,0.8773181169757489,0.12268188302425105,307
2297.0,博云新材,0.8988095238095238,0.1011904761904762,262
300548.0,博创科技,0.9406593406593406,0.05934065934065934,418
2698.0,博实股份,0.8530646515533166,0.14693534844668346,498
2649.0,博彦科技,0.8162162162162162,0.1837837837837838,266
300525.0,博思软件,0.920505871725384,0.07949412827461608,367
300318.0,博晖创新,0.7621732444900051,0.2378267555099949,545
300404.0,博济医药,0.9065168539325844,0.09348314606741573,227
2282.0,博深工具,0.9417989417989416,0.0582010582010582,328
300363.0,博腾股份,0.868801652892562,0.13119834710743802,463
2268.0,卫士通,0.8966442953020134,0.10335570469798658,546
300253.0,卫宁健康,0.8972943125345113,0.10270568746548868,354
2648.0,卫星石化,0.9179999999999999,0.08199999999999999,466
2143.0,印纪传媒,0.8,0.2,305
300471.0,厚普股份,0.8837772397094431,0.1162227602905569,649
2718.0,友邦吊顶,0.8693069306930693,0.1306930693069307,317
2277.0,友阿股份,0.8885793871866295,0.11142061281337047,698
2481.0,双塔食品,0.9285714285714286,0.07142857142857142,419
2693.0,双成药业,0.8470627392244966,0.15293726077550346,399
2585.0,双星新材,0.9579831932773109,0.04201680672268908,528
300444.0,双杰电气,0.9430431244914564,0.056956875508543524,375
300100.0,双林股份,0.823258577157285,0.17674142284271502,459
2381.0,双箭股份,0.8975741239892183,0.10242587601078168,422
2395.0,双象股份,0.8562577447335812,0.14374225526641884,1302
2038.0,双鹭药业,0.7324971027336559,0.267502897266344,2270
300108.0,双龙股份,0.8924318094506339,0.10756819054936613,465
300551.0,古鳌科技,0.9327830188679244,0.06721698113207547,925
2782.0,可立克,0.8857142857142857,0.11428571428571427,327
300046.0,台基股份,0.9390581717451524,0.06094182825484765,464
2366.0,台海核电,0.9081967213114754,0.0918032786885246,365
2588.0,史丹利,0.8209366391184573,0.1790633608815427,389
2538.0,司尔特,0.8778436166245389,0.122156383375461,817
2383.0,合众思壮,0.9019987105093488,0.0980012894906512,388
2228.0,合兴包装,0.961950059453032,0.038049940546967885,468
2217.0,合力泰,0.8977272727272727,0.10227272727272728,309
300048.0,合康新能,0.894630192502533,0.10536980749746708,389
300477.0,合纵科技,0.8938203440220853,0.10617965597791464,431
2208.0,合肥城建,0.8761061946902655,0.12389380530973453,270
300597.0,吉大通信,0.9251263206247128,0.07487367937528709,283
2803.0,吉宏股份,0.9063829787234042,0.09361702127659574,180
300022.0,吉峰农机,0.875,0.125,285
623.0,吉林敖东,0.9226932668329176,0.0773067331670823,471
300309.0,吉艾科技,0.8385416666666666,0.16145833333333334,355
2835.0,同为股份,0.9227799227799228,0.07722007722007722,539
2845.0,同兴达,0.8478401031592521,0.1521598968407479,918
300321.0,同大股份,0.8527746319365799,0.14722536806342015,536
2360.0,同德化工,0.8758169934640523,0.12418300653594773,416
300302.0,同有科技,0.9281632653061224,0.07183673469387755,232
2052.0,同洲电子,0.8898450946643718,0.11015490533562823,435
300538.0,同益股份,0.8845025941800135,0.11549740581998648,405
300506.0,名家汇,0.9109195402298852,0.08908045977011493,562
2830.0,名雕股份,0.8488264155947487,0.15117358440525128,304
300111.0,向日葵,0.8787878787878788,0.12121212121212123,481
2232.0,启明信息,0.8825531914893617,0.1174468085106383,366
2439.0,启明星辰,0.8594847775175644,0.1405152224824356,534
300500.0,启迪设计,0.9435483870967742,0.05645161290322581,347
300292.0,吴通控股,0.8943661971830986,0.1056338028169014,251
300550.0,和仁科技,0.9013150744484296,0.09868492555157048,318
300273.0,和佳股份,0.8843995510662177,0.11560044893378227,513
300279.0,和晶科技,0.9136069114470844,0.08639308855291576,378
2816.0,和科达,0.8199356913183279,0.18006430868167206,230
2824.0,和胜股份,0.8421673373109477,0.1578326626890523,276
300141.0,和顺电气,0.8879781420765027,0.11202185792349728,294
2615.0,哈尔斯,0.8812785388127854,0.1187214611872146,311
2567.0,唐人神,0.8830409356725146,0.11695906432748535,313
300426.0,唐德影视,0.9164179104477612,0.08358208955223881,560
2462.0,嘉事堂,0.8836509528585758,0.11634904714142427,318
300117.0,嘉寓股份,0.8251748251748252,0.17482517482517482,264
2198.0,嘉应制药,0.8758169934640523,0.12418300653594773,462
2404.0,嘉欣丝绸,0.87882096069869,0.12117903930131005,554
2486.0,嘉麟杰,0.885380379817957,0.11461962018204293,421
300468.0,四方精创,0.9396681749622926,0.060331825037707384,490
300179.0,四方达,0.7891737891737892,0.21082621082621086,341
2405.0,四维图新,0.893509857533458,0.10649014246654197,859
300428.0,四通新材,0.9193625803974272,0.08063741960257273,393
300041.0,回天新材,0.9053227633069084,0.09467723669309172,541
2586.0,围海股份,0.8562874251497006,0.1437125748502994,305
2736.0,国信证券,0.8538302277432712,0.14616977225672878,649
2045.0,国光电器,0.8740239458615304,0.12597605413846955,640
2749.0,国光股份,0.8983050847457628,0.1016949152542373,446
2377.0,国创高新,0.9144385026737968,0.0855614973262032,280
2449.0,国星光电,0.8948751642575559,0.10512483574244416,438
300077.0,国民技术,0.8839622641509434,0.1160377358490566,297
300285.0,国瓷材料,0.8826979472140762,0.11730205278592375,369
300388.0,国祯环保,0.828169014084507,0.17183098591549295,792
2205.0,国统股份,0.8700906344410876,0.1299093655589124,424
300094.0,国联水产,0.9205714285714286,0.07942857142857143,436
2093.0,国脉科技,0.8571428571428571,0.14285714285714285,235
2074.0,国轩高科,0.8855721393034826,0.11442786069651742,757
2299.0,圣农发展,0.8976744186046511,0.10232558139534884,723
2473.0,圣莱达,0.935483870967742,0.06451612903225806,224
2580.0,圣阳股份,0.8813131313131313,0.11868686868686867,600
300403.0,地尔汉宇,0.8405107824613981,0.15948921753860187,1523
2791.0,坚朗五金,0.8915871639202082,0.10841283607979184,268
300116.0,坚瑞沃能,0.9226305609284332,0.07736943907156674,1159
2747.0,埃斯顿,0.9198931909212285,0.0801068090787717,451
2447.0,壹桥股份,0.9015918958031838,0.0984081041968162,361
2761.0,多喜爱,0.8891687657430729,0.11083123425692697,411
2407.0,多氟多,0.8781362007168458,0.12186379928315412,1036
2263.0,大东南,0.8740740740740741,0.1259259259259259,224
2385.0,大北农,0.9333333333333332,0.06666666666666668,344
2236.0,大华股份,0.9533799533799534,0.046620046620046623,343
300134.0,大富科技,0.8997912317327766,0.1002087682672234,193
2505.0,大康农业,0.8666666666666667,0.13333333333333333,300
2008.0,大族激光,0.8947368421052632,0.10526315789473684,470
2249.0,大洋电机,0.923777961888981,0.07622203811101906,348
2077.0,大港股份,0.8547486033519553,0.1452513966480447,375
300021.0,大禹节水,0.9103274559193956,0.08967254408060453,425
2606.0,大连电瓷,0.8861578266494179,0.11384217335058215,389
2204.0,大连重工,0.9018691588785048,0.09813084112149532,513
2487.0,大金重工,0.8571428571428571,0.14285714285714285,234
2459.0,天业通联,0.9071310116086236,0.09286898839137643,530
300390.0,天华超净,0.8818380743982495,0.11816192560175055,359
2386.0,天原集团,0.9076086956521741,0.09239130434782608,502
300397.0,天和防务,0.8761904761904762,0.1238095238095238,337
300205.0,天喻信息,0.8461751662971175,0.15382483370288247,929
300332.0,天壕环境,0.8583234946871311,0.14167650531286896,658
2009.0,天奇股份,0.6809623430962343,0.3190376569037657,945
2238.0,天威视讯,0.9085872576177284,0.09141274238227147,291
300394.0,天孚通信,0.8857142857142857,0.11428571428571427,495
2220.0,天宝股份,0.8260869565217391,0.17391304347826084,328
300313.0,天山生物,0.9036396962555644,0.09636030374443573,470
2509.0,天广中茂,0.9055832955061279,0.094416704493872,455
2100.0,天康生物,0.8509601605044426,0.14903983949555746,407
300169.0,天晟新材,0.932367149758454,0.06763285024154589,254
2510.0,天汽模,0.8785425101214575,0.1214574898785425,270
2564.0,天沃科技,0.8903900076472088,0.10960999235279124,351
300209.0,天泽信息,0.9175257731958762,0.08247422680412371,296
2134.0,天津普林,0.7857142857142857,0.21428571428571427,299
300008.0,天海防务,0.9010466222645099,0.09895337773549,295
2113.0,天润数娱,0.9151943462897526,0.08480565371024736,303
2283.0,天润曲轴,0.8910454344949272,0.1089545655050728,497
300047.0,天源迪科,0.821300929235168,0.17869907076483202,1754
300245.0,天玑科技,0.7794676806083649,0.22053231939163495,429
300165.0,天瑞仪器,0.8486486486486486,0.15135135135135136,351
2354.0,天神娱乐,0.9126784214945424,0.0873215785054576,795
300362.0,天翔环境,0.9090909090909092,0.09090909090909093,286
300569.0,天能重工,0.8272082527401676,0.17279174725983235,409
300148.0,天舟文化,0.8810861423220974,0.11891385767790262,325
2419.0,天虹商场,0.8925723877465379,0.10742761225346202,674
2709.0,天赐材料,0.8551912568306009,0.1448087431693989,379
2124.0,天邦股份,0.90990990990991,0.09009009009009007,714
300587.0,天铁股份,0.8849736735520454,0.11502632644795464,365
300342.0,天银机电,0.9041533546325878,0.09584664536741214,496
2759.0,天际股份,0.8637440758293841,0.1362559241706161,244
2800.0,天顺股份,0.9250936329588016,0.0749063670411985,368
2531.0,天顺风能,0.9236155315085932,0.07638446849140675,580
2453.0,天马精化,0.903846153846154,0.09615384615384616,219
2122.0,天马股份,0.9370629370629372,0.06293706293706294,260
2466.0,天齐锂业,0.9046153846153846,0.0953846153846154,429
300029.0,天龙光电,0.8444444444444444,0.15555555555555556,303
2433.0,太安堂,0.9466666666666668,0.05333333333333334,724
2368.0,太极股份,0.9137724550898204,0.08622754491017964,314
300344.0,太空板业,0.9468791500664012,0.05312084993359894,327
300570.0,太辰光,0.9207920792079208,0.07920792079207921,493
2300.0,太阳电缆,0.8707865168539326,0.12921348314606745,267
300123.0,太阳鸟,0.7870099473376243,0.21299005266237567,362
2781.0,奇信股份,0.956043956043956,0.04395604395604396,210
2287.0,奇正藏药,0.8393977415307403,0.1606022584692597,240
300082.0,奥克股份,0.8742857142857143,0.12571428571428572,638
2587.0,奥拓电子,0.9827027027027028,0.017297297297297298,578
2338.0,奥普光电,0.9013906447534766,0.0986093552465234,503
2239.0,奥特佳,0.9247648902821316,0.07523510971786834,389
2227.0,奥特迅,0.889308176100629,0.11069182389937107,280
2701.0,奥瑞金,0.8867521367521367,0.11324786324786325,1844
2231.0,奥维通信,0.8661202185792349,0.13387978142076504,404
300585.0,奥联电子,0.9177570093457944,0.08224299065420561,394
2292.0,奥飞娱乐,0.8818025116966265,0.11819748830337355,485
2668.0,奥马电器,0.8472222222222222,0.1527777777777778,369
2729.0,好利来,0.861271676300578,0.13872832369942195,257
2582.0,好想你,0.8729096989966555,0.12709030100334448,375
2605.0,姚记扑克,0.8674556213017751,0.13254437869822486,447
2308.0,威创股份,0.8920297084580423,0.10797029154195767,1456
2058.0,威尔泰,0.8764478764478765,0.12355212355212356,505
2111.0,威海广泰,0.8557258791704238,0.1442741208295762,611
2083.0,孚日股份,0.821656050955414,0.17834394904458598,276
2164.0,宁波东力,0.8857142857142857,0.11428571428571427,370
2048.0,宁波华翔,0.782016348773842,0.21798365122615804,496
2142.0,宁波银行,0.8665554628857381,0.13344453711426188,892
2289.0,宇顺电子,0.9037111334002006,0.0962888665997994,823
300218.0,安利股份,0.6403326403326404,0.3596673596673597,554
2235.0,安妮股份,0.9322873658133772,0.06771263418662263,477
300155.0,安居宝,0.8381962864721485,0.16180371352785147,285
300370.0,安控科技,0.8956223229058745,0.10437767709412546,930
300380.0,安硕信息,0.8179487179487179,0.18205128205128204,623
300286.0,安科瑞,0.8716577540106952,0.12834224598930485,511
300009.0,安科生物,0.886159216002148,0.11384078399785208,862
2136.0,安纳达,0.9080459770114944,0.09195402298850576,352
300067.0,安诺其,0.9293598233995584,0.0706401766004415,448
300572.0,安车检测,0.9043775225085378,0.09562247749146227,347
300144.0,宋城演艺,0.8850491837050007,0.11495081629499923,861
2624.0,完美世界,0.9262672811059908,0.07373271889400923,778
2683.0,宏大爆破,0.8376383763837638,0.16236162361623616,276
2062.0,宏润建设,0.9564541213063764,0.04354587869362364,283
2211.0,宏达新材,0.8253968253968254,0.1746031746031746,104
2144.0,宏达高科,0.8951965065502183,0.10480349344978164,1146
300328.0,宜安科技,0.8940809968847352,0.1059190031152648,743
2627.0,宜昌交运,0.8468526930564568,0.15314730694354314,468
300310.0,宜通世纪,0.835,0.165,540
300135.0,宝利国际,0.8156996587030717,0.18430034129692832,387
300023.0,宝德股份,0.8915779283639884,0.1084220716360116,495
300402.0,宝色股份,0.8477046126876301,0.15229538731236988,384
2476.0,宝莫股份,0.8854961832061069,0.11450381679389313,568
300246.0,宝莱特,0.9118727050183598,0.08812729498164015,621
300031.0,宝通科技,0.8509485094850948,0.14905149051490515,276
600019.0,宝钢股份,0.8628785827563532,0.13712141724364674,1948
2514.0,宝馨科技,0.8702201622247973,0.12977983777520274,375
2047.0,宝鹰股份,0.9797979797979798,0.020202020202020204,223
2552.0,宝鼎科技,0.8551859099804305,0.14481409001956946,302
300612.0,宣亚国际,0.8444816053511706,0.15551839464882944,287
300576.0,容大感光,0.9,0.1,301
300432.0,富临精工,0.825,0.175,282
2357.0,富临运业,0.8855098389982111,0.11449016100178892,377
2327.0,富安娜,0.7752808988764045,0.2247191011235955,548
300299.0,富春股份,0.9134948096885812,0.08650519031141868,439
2818.0,富森美,0.8855932203389829,0.11440677966101695,297
2743.0,富煌钢构,0.8957585988605191,0.10424140113948092,329
300228.0,富瑞特装,0.8218527315914489,0.17814726840855105,317
300497.0,富祥股份,0.8518896833503575,0.1481103166496425,691
300387.0,富邦股份,0.919704173269942,0.08029582673005811,378
300267.0,尔康制药,0.8945386064030132,0.10546139359698682,396
2551.0,尚荣医疗,0.8497948879772799,0.1502051120227201,764
2427.0,尤夫股份,0.9140779907468606,0.08592200925313945,389
2490.0,山东墨龙,0.8867924528301887,0.11320754716981132,243
2193.0,山东如意,0.8855721393034826,0.11442786069651742,357
2026.0,山东威达,0.9303944315545244,0.06960556844547564,369
2526.0,山东矿机,0.7836041358936484,0.2163958641063516,759
2598.0,山东章鼓,0.8408163265306122,0.15918367346938775,447
2097.0,山河智能,0.757347400150716,0.2426525998492841,357
300452.0,山河药辅,0.8271221532091098,0.17287784679089027,493
2500.0,山西证券,0.8151260504201681,0.18487394957983194,289
300492.0,山鼎设计,0.9501779359430604,0.0498220640569395,256
2717.0,岭南园林,0.9453125,0.0546875,565
2253.0,川大智胜,0.6911764705882353,0.3088235294117647,325
2272.0,川润股份,0.8511937812326485,0.14880621876735148,473
300547.0,川环科技,0.8642251004912908,0.13577489950870925,359
300505.0,川金诺,0.9149797570850202,0.08502024291497975,454
2342.0,巨力索具,0.8604651162790697,0.13953488372093026,327
2444.0,巨星科技,0.919496855345912,0.08050314465408805,823
2031.0,巨轮智能,0.8871300757054371,0.11286992429456295,710
2619.0,巨龙管业,0.7521367521367521,0.2478632478632479,475
2188.0,巴士在线,0.912621359223301,0.08737864077669902,451
300262.0,巴安水务,0.9053254437869822,0.09467455621301776,253
2485.0,希努尔,0.8735275883446993,0.12647241165530068,438
2798.0,帝王洁具,0.9016393442622952,0.09836065573770493,259
2247.0,帝龙文化,0.94264645637034,0.05735354362965998,294
2478.0,常宝股份,0.8577777777777778,0.14222222222222222,279
300255.0,常山药业,0.8986486486486487,0.10135135135135136,485
2160.0,常铝股份,0.9177679882525698,0.08223201174743025,278
300571.0,平治信息,0.8265582655826558,0.17344173441734415,230
300528.0,幸福蓝海,0.9544364508393284,0.04556354916067146,417
2101.0,广东鸿图,0.9128065395095368,0.08719346049046321,381
300537.0,广信材料,0.8895927784974094,0.11040722150259066,1007
2103.0,广博股份,0.8602739726027397,0.13972602739726028,299
2133.0,广宇集团,0.9403973509933776,0.05960264900662252,289
2482.0,广田集团,0.8862590950907419,0.11374090490925814,186
600831.0,广电网络,0.922437673130194,0.07756232686980609,436
2152.0,广电运通,0.8308776425368354,0.16912235746316465,687
2187.0,广百股份,0.8931297709923665,0.1068702290076336,275
2410.0,广联达,0.8871391076115486,0.11286089238845146,391
2367.0,康力电梯,0.8406105342174403,0.15938946578255975,1021
2773.0,康弘药业,0.8282208588957055,0.17177914110429449,305
2119.0,康强电子,0.8816568047337278,0.11834319526627217,411
2450.0,康得新,0.8267223382045931,0.1732776617954071,1741
300455.0,康拓红外,0.9324324324324323,0.06756756756756757,343
300445.0,康斯特,0.9,0.1,251
600076.0,康欣新材,0.9308855291576674,0.06911447084233263,397
300601.0,康泰生物,0.8966789667896679,0.1033210332103321,315
2418.0,康盛股份,0.9278412507516536,0.07215874924834638,312
300061.0,康耐特,0.9618320610687024,0.03816793893129771,307
300086.0,康芝药业,0.8883349950149552,0.11166500498504486,307
2669.0,康达新材,0.8651685393258427,0.1348314606741573,467
2178.0,延华智能,0.8448343079922027,0.15516569200779728,270
300107.0,建新股份,0.8601165695253955,0.1398834304746045,257
2398.0,建研集团,0.9265536723163842,0.07344632768361582,341
2789.0,建艺集团,0.958974358974359,0.04102564102564103,260
300338.0,开元仪器,0.8486997635933806,0.15130023640661938,590
300234.0,开尔新材,0.8651976668826962,0.13480233311730394,397
300577.0,开润股份,0.8962360122075279,0.10376398779247202,550
300633.0,开立医疗,0.9506660088801184,0.0493339911198816,271
300272.0,开能环保,0.8498168498168498,0.15018315018315018,1523
2833.0,弘亚数控,0.8833922261484098,0.1166077738515901,313
2839.0,张家港行,0.8640955004591369,0.13590449954086314,324
300429.0,强力新材,0.8918918918918919,0.10810810810810813,246
300073.0,当升科技,0.9118236472945892,0.08817635270541083,758
2561.0,徐家汇,0.8953488372093024,0.10465116279069768,375
2330.0,得利斯,0.8845771144278607,0.1154228855721393,489
2055.0,得润电子,0.9085545722713864,0.09144542772861357,260
2177.0,御银股份,0.8857142857142857,0.11428571428571427,273
2801.0,微光股份,0.9324324324324323,0.06756756756756757,241
2571.0,德力股份,0.6148976577336991,0.3851023422663009,1764
2260.0,德奥通航,0.910080454330336,0.08991954566966398,358
300325.0,德威新材,0.9267822736030829,0.07321772639691715,197
2631.0,德尔未来,0.8867438867438867,0.11325611325611325,422
300473.0,德尔股份,0.9342915811088296,0.06570841889117042,419
2054.0,德美化工,0.8542199488491049,0.14578005115089515,368
2666.0,德联集团,0.7472118959107806,0.2527881040892193,309
2005.0,德豪润达,0.7745098039215687,0.22549019607843135,1236
49.0,德赛电池,0.9213759213759214,0.07862407862407862,416
2411.0,必康股份,0.8576449912126538,0.14235500878734622,298
300413.0,快乐购,0.9118942731277532,0.0881057268722467,354
300078.0,思创医惠,0.9016393442622952,0.09836065573770493,285
300608.0,思特奇,0.8904109589041096,0.1095890410958904,680
2712.0,思美传媒,0.9044516829533116,0.09554831704668837,391
2183.0,怡亚通,0.8554595443833464,0.14454045561665355,988
300081.0,恒信移动,0.8734622144112478,0.1265377855887522,303
2492.0,恒基达鑫,0.8930817610062893,0.1069182389937107,468
2591.0,恒大高新,0.8625,0.1375,241
2104.0,恒宝股份,0.8577777777777778,0.14222222222222222,1850
2219.0,恒康医疗,0.8474576271186439,0.15254237288135594,363
2132.0,恒星科技,0.8994413407821229,0.1005586592178771,267
300513.0,恒泰实达,0.8688524590163934,0.13114754098360654,396
300157.0,恒泰艾普,0.8340740740740741,0.16592592592592592,334
300374.0,恒通科技,0.9159935379644588,0.0840064620355412,213
2237.0,恒邦股份,0.8567164179104477,0.14328358208955225,392
300605.0,恒锋信息,0.9280442804428044,0.07195571955719557,293
300488.0,恒锋工具,0.8314785373608903,0.1685214626391097,377
300208.0,恒顺众昇,0.8406106184756987,0.15938938152430127,1830
2262.0,恩华药业,0.8782631509904237,0.12173684900957628,724
2162.0,悦心健康,0.9164696611505122,0.08353033884948778,388
300460.0,惠伦晶体,0.7683284457478006,0.2316715542521994,218
2554.0,惠博普,0.9142125480153648,0.08578745198463507,394
2343.0,慈文传媒,0.9216799091940976,0.07832009080590238,1168
300307.0,慈星股份,0.8674948240165632,0.13250517598343686,380
2628.0,成都路桥,0.8969072164948454,0.10309278350515463,235
2190.0,成飞集成,0.9065573770491804,0.09344262295081968,349
300357.0,我武生物,0.9011627906976744,0.09883720930232558,380
300314.0,戴维医疗,0.8949880668257757,0.10501193317422436,573
2652.0,扬子新材,0.8562259306803595,0.14377406931964054,453
300373.0,扬杰科技,0.9529411764705882,0.047058823529411764,394
2154.0,报喜鸟,0.8940493468795355,0.10595065312046444,266
300229.0,拓尔思,0.9303391384051328,0.06966086159486709,355
300607.0,拓斯达,0.8998577524893314,0.10014224751066857,463
2218.0,拓日新能,0.8802006491590441,0.11979935084095605,391
2261.0,拓维信息,0.9276018099547512,0.07239819004524888,508
2139.0,拓邦股份,0.9086859688195992,0.09131403118040088,728
1979.0,招商蛇口,0.9176755447941888,0.08232445520581114,633
300158.0,振东制药,0.954954954954955,0.045045045045045036,1044
300101.0,振芯科技,0.8797509126046811,0.12024908739531888,441
300182.0,捷成股份,0.9393939393939394,0.060606060606060615,282
2609.0,捷顺科技,0.9611003056404556,0.038899694359544316,251
300315.0,掌趣科技,0.8563936675979023,0.14360633240209775,601
300005.0,探路者,0.9180373884241846,0.08196261157581541,464
2451.0,摩恩电气,0.8851063829787233,0.1148936170212766,314
2656.0,摩登大道,0.9116279069767442,0.08837209302325581,200
300075.0,数字政通,0.8305084745762712,0.1694915254237288,206
300579.0,数字认证,0.8959537572254336,0.10404624277456648,247
300079.0,数码视讯,0.8741478762454117,0.12585212375458835,535
300089.0,文化长城,0.8847262247838616,0.11527377521613832,412
2775.0,文科园林,0.8343895226024504,0.16561047739754967,637
300382.0,斯莱克,0.917098445595855,0.08290155440414508,327
2388.0,新亚制程,0.8557213930348259,0.14427860696517414,326
300472.0,新元科技,0.9083333333333332,0.09166666666666666,269
2147.0,新光圆成,0.8897058823529411,0.11029411764705882,492
300519.0,新光药业,0.9061913696060038,0.09380863039399624,635
2376.0,新北洋,0.9085487077534792,0.09145129224652088,364
2264.0,新华都,0.8961038961038961,0.1038961038961039,270
2001.0,新和成,0.923809523809524,0.0761904761904762,900
300130.0,新国都,0.9352703199705774,0.06472968002942259,509
300259.0,新天科技,0.9079526226734348,0.09204737732656516,477
300013.0,新宁物流,0.8838348495451365,0.11616515045486354,423
2836.0,新宏泽,0.944055944055944,0.05594405594405594,147
300037.0,新宙邦,0.8634956374894455,0.1365043625105545,658
2705.0,新宝股份,0.949685534591195,0.050314465408805034,445
300248.0,新开普,0.9396795475966071,0.060320452403393024,383
300109.0,新开源,0.8448275862068966,0.15517241379310345,324
300336.0,新文化,0.9629629629629628,0.037037037037037035,176
2527.0,新时达,0.8705114254624592,0.1294885745375408,752
300502.0,新易盛,0.9383378016085792,0.06166219839142091,644
300542.0,新晨科技,0.9001085776330076,0.0998914223669924,370
2328.0,新朋股份,0.9192982456140352,0.08070175438596491,320
2089.0,新海宜,0.8736842105263158,0.1263157894736842,851
2532.0,新界泵业,0.8609574972349502,0.1390425027650498,472
2700.0,新疆浩源,0.8894472361809045,0.11055276381909547,279
300159.0,新研股份,0.8780487804878049,0.12195121951219512,288
2480.0,新筑股份,0.9112627986348124,0.08873720136518773,417
2341.0,新纶科技,0.8856304985337243,0.11436950146627566,598
300509.0,新美星,0.8636090767198944,0.13639092328010566,268
300260.0,新莱应材,0.9145473041709054,0.08545269582909461,445
2087.0,新野纺织,0.9554565701559019,0.044543429844098,253
300593.0,新雷能,0.871931696905016,0.12806830309498402,404
2196.0,方正电机,0.925925925925926,0.07407407407407407,351
300235.0,方直科技,0.9268495428096426,0.07315045719035744,255
2593.0,日上集团,0.8857142857142857,0.11428571428571427,508
2520.0,日发精机,0.9125248508946322,0.0874751491053678,579
603218.0,日月股份,0.8635170603674541,0.13648293963254593,294
300470.0,日机密封,0.7938144329896907,0.20618556701030927,503
2313.0,日海通讯,0.837953091684435,0.16204690831556506,437
600017.0,日照港,0.8741351782863225,0.1258648217136775,634
300214.0,日科化学,0.838748984565394,0.16125101543460604,341
2516.0,旷达科技,0.91731843575419,0.08268156424581005,315
300418.0,昆仑万维,0.8528735632183908,0.1471264367816092,364
2752.0,昇兴股份,0.825,0.175,197
300503.0,昊志机电,0.8281786941580757,0.1718213058419244,410
300151.0,昌红科技,0.9432314410480348,0.05676855895196506,490
300242.0,明家联合,0.8903225806451613,0.10967741935483873,240
2574.0,明牌珠宝,0.8514492753623188,0.14855072463768118,563
300125.0,易世达,0.8122866894197952,0.1877133105802048,332
300376.0,易事特,0.9193462426718778,0.08065375732812223,293
300212.0,易华录,0.9049295774647887,0.09507042253521128,468
2826.0,易明医药,0.8404053198226725,0.15959468017732742,400
300096.0,易联众,0.907677049993238,0.09232295000676194,514
300464.0,星徽精密,0.9263803680981596,0.0736196319018405,182
300256.0,星星科技,0.9235668789808916,0.07643312101910828,381
2291.0,星期六,0.9243098842386464,0.07569011576135352,371
300143.0,星河生物,0.8590998043052838,0.14090019569471626,360
300568.0,星源材质,0.9066937119675456,0.09330628803245436,578
2829.0,星网宇达,0.9052523171987642,0.09474768280123584,473
2396.0,星网锐捷,0.8580645161290322,0.14193548387096774,406
300043.0,星辉娱乐,0.9347724801987888,0.06522751980121137,3390
2547.0,春兴精工,0.8890510948905109,0.11094890510948906,478
300139.0,晓程科技,0.9064327485380116,0.0935672514619883,547
300138.0,晨光生物,0.8362183754993342,0.16378162450066575,338
300610.0,晨化股份,0.9285714285714286,0.07142857142857142,547
300581.0,晨曦航空,0.8863232682060391,0.11367673179396093,576
300442.0,普丽盛,0.8428835489833642,0.15711645101663585,460
2324.0,普利特,0.9335180055401662,0.0664819944598338,483
2769.0,普路通,0.8704156479217604,0.1295843520782396,275
2663.0,普邦园林,0.9152404237978812,0.08475957620211899,341
2067.0,景兴纸业,0.8153329602686066,0.1846670397313934,632
300474.0,景嘉微,0.8811188811188811,0.11888111888111888,344
300316.0,晶盛机电,0.9342969776609724,0.0657030223390276,256
300097.0,智云股份,0.9223744292237442,0.0776255707762557,332
2169.0,智光电气,0.8702153110047847,0.1297846889952153,491
300173.0,智慧松德,0.7746096401900883,0.2253903598099117,398
300122.0,智飞生物,0.9377483443708609,0.06225165562913908,355
300431.0,暴风集团,0.8393817204301075,0.16061827956989247,763
2612.0,朗姿股份,0.8743169398907104,0.12568306010928962,692
300175.0,朗源股份,0.8792270531400966,0.12077294685990338,442
300288.0,朗玛信息,0.8711864406779661,0.1288135593220339,332
300543.0,朗科智能,0.8774933249568085,0.12250667504319145,572
300042.0,朗科科技,0.8886780518659076,0.11132194813409237,554
2745.0,木林森,0.8589786946229286,0.14102130537707136,282
2581.0,未名医药,0.9014373716632444,0.09856262833675564,499
300024.0,机器人,0.8824541284403671,0.11754587155963304,467
300478.0,杭州高新,0.9001883239171374,0.09981167608286252,338
2430.0,杭氧股份,0.8712574850299402,0.12874251497005987,555
2534.0,杭锅股份,0.7629738682370261,0.23702613176297385,873
2353.0,杰瑞股份,0.8280542986425339,0.17194570135746606,363
2544.0,杰赛科技,0.8907103825136612,0.1092896174863388,485
2454.0,松芝股份,0.8726475895849446,0.12735241041505546,382
2535.0,林州重机,0.8767772511848341,0.12322274881516587,699
2776.0,柏堡龙,0.9144011354951416,0.08559886450485862,302
2346.0,柘中股份,0.9208144796380091,0.07918552036199095,215
2082.0,栋梁新材,0.798590130916415,0.2014098690835851,341
2340.0,格林美,0.8217079799061188,0.17829202009388126,1569
2820.0,桂发祥,0.9139454475605072,0.08605455243949289,428
2275.0,桂林三金,0.8844444444444445,0.11555555555555555,326
300275.0,梅安森,0.9115853658536586,0.08841463414634146,252
300038.0,梅泰诺,0.8830313014827018,0.1169686985172982,354
2397.0,梦洁股份,0.8488188976377953,0.15118110236220472,264
2123.0,梦网荣信,0.8525,0.1475,1175
2634.0,棒杰股份,0.8528172722485519,0.14718272775144814,647
2431.0,棕榈股份,0.906616862326574,0.09338313767342582,500
2358.0,森源电气,0.8989719957461892,0.1010280042538107,629
300210.0,森远股份,0.889060092449923,0.11093990755007704,524
2563.0,森马服饰,0.8685714285714285,0.13142857142857142,421
300358.0,楚天科技,0.8736842105263158,0.1263157894736842,290
2171.0,楚江新材,0.8948233360723089,0.10517666392769104,399
2474.0,榕基软件,0.9240506329113924,0.0759493670886076,403
2056.0,横店东磁,0.9105545617173524,0.08944543828264759,1097
300539.0,横河模具,0.9454958364875096,0.05450416351249054,265
300615.0,欣天科技,0.8935912938331319,0.1064087061668682,746
300207.0,欣旺达,0.9181286549707602,0.08187134502923976,406
300372.0,欣泰电气,0.7007279590186034,0.29927204098139665,302
300595.0,欧普康视,0.7368421052631579,0.2631578947368421,477
300053.0,欧比特,0.9155279503105591,0.08447204968944098,400
2711.0,欧浦智网,0.9039262882728992,0.09607371172710097,360
2456.0,欧菲光,0.8600066822586034,0.1399933177413966,1026
2241.0,歌尔股份,0.8582773365913255,0.1417226634086744,648
300410.0,正业科技,0.9062447681232212,0.09375523187677884,304
300224.0,正海磁材,0.8563300142247511,0.14366998577524892,414
2157.0,正邦科技,0.8976109215017065,0.10238907849829353,305
2569.0,步森股份,0.916030534351145,0.08396946564885496,287
2251.0,步步高,0.8461538461538461,0.15384615384615385,334
2194.0,武汉凡谷,0.8622174381054898,0.1377825618945102,671
2420.0,毅昌股份,0.9371069182389936,0.06289308176100629,375
2594.0,比亚迪,0.8968692449355433,0.10313075506445672,2700
2832.0,比音勒芬,0.9172413793103448,0.08275862068965517,261
2234.0,民和股份,0.7149321266968326,0.2850678733031674,472
2647.0,民盛金科,0.9313531353135314,0.06864686468646865,194
2273.0,水晶光电,0.8894230769230769,0.11057692307692307,382
2753.0,永东股份,0.8752436647173489,0.12475633528265108,238
2756.0,永兴特钢,0.8872901678657075,0.11270983213429255,410
300230.0,永利股份,0.8957441450516243,0.10425585494837572,406
2795.0,永和智控,0.8634713144517067,0.1365286855482934,213
2326.0,永太科技,0.9166868491160088,0.08331315088399129,396
2365.0,永安药业,0.8486486486486486,0.15135135135135136,448
300187.0,永清环保,0.8588838999358563,0.14111610006414368,747
300351.0,永贵电器,0.8695652173913043,0.13043478260869565,286
2641.0,永高股份,0.8955223880597015,0.1044776119402985,346
300371.0,汇中股份,0.8616714697406339,0.138328530259366,304
300282.0,汇冠股份,0.9065646395489328,0.09343536045106726,629
300124.0,汇川技术,0.8122699386503067,0.18773006134969325,1250
2763.0,汇洁股份,0.935064935064935,0.06493506493506493,471
300609.0,汇纳科技,0.91864406779661,0.08135593220338982,215
300368.0,汇金股份,0.9065420560747663,0.09345794392523364,282
300007.0,汉威电子,0.8863174989849777,0.11368250101502235,1006
300170.0,汉得信息,0.9327559857361182,0.06724401426388181,376
2412.0,汉森制药,0.9115044247787609,0.08849557522123894,425
2498.0,汉缆股份,0.8640483383685801,0.13595166163141995,416
300449.0,汉邦高科,0.8694390715667312,0.13056092843326886,953
2158.0,汉钟精机,0.8488559059987631,0.15114409400123685,452
300300.0,汉鼎宇佑,0.8906934777004383,0.10930652229956174,412
2226.0,江南化工,0.7490494296577946,0.2509505703422053,251
2601.0,江山化工,0.8848314606741573,0.1151685393258427,577
2484.0,江海股份,0.9234266570949988,0.0765733429050012,459
2600.0,江粉磁材,0.8763575605680869,0.12364243943191312,303
2091.0,江苏国泰,0.8952380952380953,0.10476190476190476,339
2438.0,江苏神通,0.8811369509043928,0.11886304909560726,392
2807.0,江阴银行,0.8615626638699528,0.1384373361300472,866
300589.0,江龙船艇,0.9142136248948696,0.08578637510513036,447
2130.0,沃尔核材,0.8855140186915887,0.1144859813084112,280
300483.0,沃施股份,0.9388145315487572,0.06118546845124283,307
300142.0,沃森生物,0.9150125803746156,0.0849874196253844,549
2075.0,沙钢股份,0.8876678876678876,0.11233211233211234,325
2108.0,沧州明珠,0.8870967741935484,0.1129032258064516,668
2463.0,沪电股份,0.7897831679529584,0.21021683204704156,421
2254.0,泰和新材,0.9046563192904656,0.09534368070953436,346
2843.0,泰嘉股份,0.8765880217785844,0.1234119782214156,341
2347.0,泰尔股份,0.8487179487179487,0.15128205128205127,320
300347.0,泰格医药,0.7506775067750677,0.24932249322493225,683
300129.0,泰胜风能,0.9205183585313176,0.0794816414686825,489
2304.0,洋河股份,0.8381914755797384,0.1618085244202617,764
300334.0,津膜科技,0.9117647058823528,0.08823529411764706,563
2802.0,洪汇新材,0.9343963553530752,0.06560364464692484,325
2325.0,洪涛股份,0.9169550173010379,0.08304498269896192,248
300232.0,洲明科技,0.8610717323504394,0.13892826764956054,482
2557.0,洽洽食品,0.951384199864956,0.048615800135043886,467
2098.0,浔兴股份,0.8565545641729582,0.14344543582704186,315
2266.0,浙富控股,0.9175257731958762,0.08247422680412371,296
2522.0,浙江众成,0.8800959232613909,0.11990407673860913,223
2489.0,浙江永强,0.8329355608591885,0.16706443914081145,785
2677.0,浙江美大,0.8907363420427553,0.10926365795724466,961
300448.0,浩云科技,0.8991596638655462,0.10084033613445377,358
2203.0,海亮股份,0.8729139922978177,0.12708600770218229,340
300201.0,海伦哲,0.8530424799081515,0.14695752009184845,352
300329.0,海伦钢琴,0.9099526066350709,0.09004739336492891,314
300065.0,海兰信,0.9000449236298292,0.09995507637017073,339
603639.0,海利尔,0.8857142857142857,0.11428571428571427,1540
2206.0,海利得,0.8106870229007633,0.18931297709923664,457
2596.0,海南瑞泽,0.9126050420168068,0.08739495798319327,307
2311.0,海大集团,0.8992592592592593,0.10074074074074074,323
2344.0,海宁皮城,0.8432760364004045,0.15672396359959556,1124
2320.0,海峡股份,0.9238578680203046,0.07614213197969542,311
2184.0,海得控制,0.8203902827558742,0.17960971724412586,380
2653.0,海思科,0.7640492851929764,0.2359507148070236,1435
2399.0,海普瑞,0.8672124600638977,0.13278753993610226,1920
2465.0,海格通信,0.8840579710144928,0.11594202898550725,570
2702.0,海欣食品,0.8758909853249476,0.1241090146750524,398
300517.0,海波重科,0.8088235294117647,0.19117647058823528,503
2724.0,海洋王,0.8137393767705382,0.18626062322946174,418
2529.0,海源机械,0.8709280885064535,0.1290719114935464,561
2023.0,海特高新,0.8435754189944135,0.1564245810055866,527
2537.0,海立美达,0.8779884583676835,0.12201154163231658,498
2099.0,海翔药业,0.8243801652892563,0.17561983471074386,401
300277.0,海联讯,0.8486137098145943,0.1513862901854057,261
600387.0,海越股份,0.7561904761904762,0.2438095238095238,307
300584.0,海辰药业,0.8524229074889867,0.14757709251101322,435
300320.0,海达股份,0.8870829769033362,0.11291702309666382,359
300501.0,海顺新材,0.9,0.1,543
2084.0,海鸥卫浴,0.9125799573560768,0.08742004264392324,295
300339.0,润和软件,0.8687507553478628,0.13124924465213714,651
300493.0,润欣科技,0.8561278863232682,0.1438721136767318,343
2483.0,润邦股份,0.9206349206349206,0.07936507936507936,285
2507.0,涪陵榨菜,0.8941798941798942,0.1058201058201058,599
300540.0,深冷股份,0.8041884816753927,0.19581151832460733,229
2168.0,深圳惠程,0.8496355964710395,0.1503644035289605,656
2573.0,清新环境,0.9119496855345912,0.0880503144654088,512
300283.0,温州宏丰,0.8739014138326328,0.12609858616736722,519
300498.0,温氏股份,0.8406304728546409,0.159369527145359,720
2174.0,游族网络,0.9655172413793104,0.03448275862068965,144
2155.0,湖南黄金,0.8860759493670886,0.1139240506329114,435
2125.0,湘潭电化,0.8543891638447513,0.14561083615524878,431
300381.0,溢多利,0.9267935578330894,0.07320644216691069,283
2244.0,滨江集团,0.9172976121141526,0.08270238788584741,670
2351.0,漫步者,0.8352595083000631,0.164740491699937,651
300191.0,潜能恒信,0.8672386543237751,0.13276134567622488,1942
2345.0,潮宏基,0.9133574007220217,0.08664259927797834,277
2172.0,澳洋科技,0.9133574007220217,0.08664259927797834,288
300566.0,激智科技,0.901851851851852,0.09814814814814816,322
2225.0,濮耐股份,0.8288419519300799,0.17115804806991988,407
300481.0,濮阳惠成,0.9522673031026252,0.0477326968973747,296
300360.0,炬华科技,0.8979624995937998,0.10203750040620024,805
2315.0,焦点科技,0.9132007233273056,0.0867992766726944,631
2695.0,煌上煌,0.8942115768463074,0.10578842315369262,503
300588.0,熙菱信息,0.9027552674230146,0.09724473257698542,343
2732.0,燕塘乳业,0.8848063555114201,0.11519364448857995,461
2403.0,爱仕达,0.9023474178403756,0.0976525821596244,364
300521.0,爱司凯,0.7764705882352941,0.2235294117647059,212
300015.0,爱尔眼科,0.8586168147921136,0.14138318520788642,954
2610.0,爱康科技,0.932336742722266,0.06766325727773406,396
2416.0,爱施德,0.8946050865290426,0.10539491347095743,1380
2714.0,牧原股份,0.8698328935795955,0.13016710642040458,521
2728.0,特一药业,0.9107312440645774,0.0892687559354226,303
2213.0,特尔佳,0.7756410256410257,0.2243589743589744,249
300001.0,特锐德,0.8853006681514477,0.11469933184855235,285
2684.0,猛狮科技,0.9334341906202724,0.06656580937972767,308
2735.0,王子新材,0.9124620060790274,0.08753799392097264,268
2799.0,环球印务,0.8847945785684033,0.11520542143159675,544
300425.0,环能科技,0.8904859685147158,0.10951403148528406,649
300317.0,珈伟股份,0.8674156260155054,0.1325843739844947,360
2461.0,珠江啤酒,0.8983050847457628,0.1016949152542373,276
300557.0,理工光科,0.8523399222841697,0.1476600777158304,466
2322.0,理工环科,0.941747572815534,0.05825242718446603,251
300206.0,理邦仪器,0.9313304721030042,0.06866952789699571,473
300241.0,瑞丰光电,0.8310756972111554,0.16892430278884465,341
300243.0,瑞丰高材,0.8201058201058201,0.17989417989417988,308
300154.0,瑞凌股份,0.8475996951993904,0.1524003048006096,318
2620.0,瑞和股份,0.8657718120805369,0.1342281879194631,537
2790.0,瑞尔特,0.8956975228161669,0.10430247718383312,322
2589.0,瑞康医药,0.9594594594594594,0.040540540540540536,309
300119.0,瑞普生物,0.8294117647058824,0.17058823529411765,335
2066.0,瑞泰科技,0.8709677419354839,0.12903225806451613,225
300600.0,瑞特股份,0.9097502014504432,0.0902497985495568,353
2095.0,生意宝,0.8855659025787966,0.11443409742120345,375
300461.0,田中精机,0.9344632768361582,0.0655367231638418,366
2468.0,申通快递,0.9388888888888888,0.06111111111111111,359
2730.0,电光科技,0.9541547277936964,0.045845272206303724,296
300215.0,电科院,0.8379768538362623,0.16202314616373767,563
2715.0,登云股份,0.851528384279476,0.14847161572052406,219
2041.0,登海种业,0.7826086956521741,0.21739130434782608,299
2455.0,百川股份,0.9473684210526316,0.05263157894736842,307
2568.0,百润股份,0.7941680960548885,0.20583190394511147,808
2329.0,皇氏集团,0.9108710330857528,0.08912896691424713,957
2331.0,皖通科技,0.8802721088435375,0.11972789115646257,480
2458.0,益生股份,0.8179271708683473,0.18207282913165265,290
2566.0,益盛药业,0.9106976744186046,0.08930232558139535,683
2847.0,盐津铺子,0.9168351140629512,0.08316488593704881,470
300494.0,盛天网络,0.8360071301247772,0.16399286987522282,203
300518.0,盛讯达,0.9356136820925554,0.06438631790744467,715
2446.0,盛路通信,0.9028475711892796,0.09715242881072028,1112
300090.0,盛运环保,0.8786407766990292,0.12135922330097088,489
2599.0,盛通股份,0.924970691676436,0.07502930832356389,265
2400.0,省广股份,0.924473493100944,0.07552650689905592,307
2771.0,真视通,0.9317250796540736,0.06827492034592626,255
2692.0,睿康股份,0.9187574671445641,0.08124253285543608,421
2153.0,石基信息,0.9100444108475858,0.08995558915241425,936
300322.0,硕贝德,0.9303459484560018,0.06965405154399815,283
300070.0,碧水源,0.8396567299006323,0.16034327009936766,1125
300189.0,神农基因,0.8657127132636213,0.13428728673637866,207
2361.0,神剑股份,0.9086021505376344,0.0913978494623656,224
300563.0,神宇股份,0.9098265895953758,0.09017341040462427,323
300002.0,神州泰岳,0.8968888888888888,0.10311111111111113,511
2278.0,神开股份,0.8120649651972158,0.18793503480278426,556
300479.0,神思电子,0.8525,0.1475,654
300156.0,神雾环保,0.8826267327734494,0.11737326722655066,1003
300194.0,福安药业,0.8654292343387471,0.1345707656612529,325
2679.0,福建金森,0.9069316529326223,0.0930683470673776,375
2222.0,福晶科技,0.8841698841698842,0.11583011583011582,488
300049.0,福瑞股份,0.8962722852512156,0.10372771474878444,395
300160.0,秀强股份,0.8308457711442786,0.1691542288557214,432
2422.0,科伦药业,0.8122958122958123,0.1877041877041877,1872
300565.0,科信技术,0.828393135725429,0.17160686427457095,242
2335.0,科华恒盛,0.8628257887517147,0.13717421124828533,482
2022.0,科华生物,0.9316389132340052,0.06836108676599474,428
2518.0,科士达,0.9199618866126728,0.0800381133873273,513
300520.0,科大国创,0.9323308270676692,0.06766917293233082,322
300222.0,科大智能,0.9152542372881356,0.0847457627118644,290
2230.0,科大讯飞,0.8463003120537368,0.15369968794626332,2720
300340.0,科恒股份,0.8061224489795918,0.19387755102040816,761
300192.0,科斯伍德,0.7948717948717948,0.20512820512820512,208
300092.0,科新机电,0.8512820512820513,0.14871794871794872,278
2499.0,科林环保,0.8951612903225806,0.10483870967741936,1230
300153.0,科泰电源,0.8925643200452361,0.10743567995476393,295
300152.0,科融环境,0.8586017282010998,0.14139827179890024,142
2770.0,科迪乳业,0.8671328671328671,0.13286713286713284,434
2121.0,科陆电子,0.9167927382753404,0.08320726172465961,469
300405.0,科隆精化,0.8859714928732183,0.1140285071267817,477
2339.0,积成电子,0.9060426126440796,0.09395738735592037,360
300590.0,移为通信,0.8915211970074813,0.1084788029925187,514
300010.0,立思辰,0.9129677980852916,0.08703220191470844,476
300603.0,立昂技术,0.8973143759873617,0.10268562401263824,599
2475.0,立讯精密,0.8974358974358975,0.10256410256410256,368
2378.0,章源钨业,0.9009687836383208,0.09903121636167922,313
2797.0,第一创业,0.8899576525060016,0.11004234749399837,783
2181.0,粤传媒,0.8478427367883584,0.15215726321164155,471
2060.0,粤水电,0.9057971014492754,0.09420289855072464,370
300099.0,精准信息,0.8456960211616885,0.15430397883831148,873
2006.0,精功科技,0.9130434782608696,0.08695652173913042,296
300567.0,精测电子,0.8731707317073171,0.12682926829268293,381
2295.0,精艺股份,0.9230769230769232,0.07692307692307693,309
300258.0,精锻科技,0.8974358974358975,0.10256410256410256,1427
2766.0,索菱股份,0.8994974874371859,0.10050251256281408,232
2572.0,索菲亚,0.9116022099447514,0.08839779005524863,378
2049.0,紫光国芯,0.7375,0.2625,714
2118.0,紫鑫药业,0.9359038557836756,0.06409614421632448,303
2809.0,红墙股份,0.8347978910369068,0.16520210896309315,692
300345.0,红宇新材,0.924812030075188,0.07518796992481203,664
2165.0,红宝丽,0.9133333333333332,0.08666666666666667,257
2697.0,红旗连锁,0.8713537771129394,0.1286462228870606,591
300026.0,红日药业,0.9286775631500742,0.0713224368499257,507
300427.0,红相电力,0.8876404494382022,0.11235955056179776,335
2825.0,纳尔股份,0.9123259412068075,0.08767405879319236,407
300198.0,纳川股份,0.904382470119522,0.09561752988047807,333
300120.0,经纬电材,0.8829676071055381,0.11703239289446185,397
300508.0,维宏股份,0.8521939953810623,0.14780600461893764,438
300190.0,维尔利,0.8048548310328415,0.1951451689671585,466
300369.0,绿盟科技,0.9244060475161988,0.0755939524838013,475
300017.0,网宿科技,0.7998065764023211,0.2001934235976789,1519
2114.0,罗平锌电,0.8672268907563025,0.13277310924369748,346
2333.0,罗普斯金,0.8467072495849475,0.15329275041505258,257
2293.0,罗莱生活,0.9051474840948524,0.09485251590514747,856
2690.0,美亚光电,0.9136690647482014,0.08633093525179858,721
300188.0,美亚柏科,0.904553415061296,0.09544658493870403,314
300611.0,美力科技,0.9045092838196288,0.09549071618037136,369
300495.0,美尚生态,0.900763358778626,0.09923664122137403,405
300495.0,美尚生态,0.9065420560747663,0.09345794392523364,244
2044.0,美年健康,0.8891170431211499,0.11088295687885012,698
300439.0,美康生物,0.8307475317348378,0.1692524682651622,245
300237.0,美晨科技,0.8589743589743589,0.14102564102564102,297
2034.0,美欣达,0.8029411764705883,0.19705882352941176,273
2303.0,美盈森,0.8691099476439791,0.13089005235602094,381
2269.0,美邦服饰,0.9104725062171872,0.08952749378281293,597
2842.0,翔鹭钨业,0.9098360655737704,0.09016393442622953,291
300199.0,翰宇药业,0.8979075649574615,0.10209243504253852,416
2508.0,老板电器,0.9053254437869822,0.09467455621301776,500
300456.0,耐威科技,0.8530183727034121,0.14698162729658792,314
300343.0,联创互联,0.9048490393412626,0.09515096065873742,252
2036.0,联创电子,0.8225806451612904,0.1774193548387097,717
2250.0,联化科技,0.8847858197932054,0.11521418020679468,497
2394.0,联发股份,0.8396436525612472,0.1603563474387528,351
300269.0,联建光电,0.9266401173758122,0.0733598826241878,540
300545.0,联得装备,0.8157894736842105,0.18421052631578946,270
2280.0,联络互动,0.932367149758454,0.06763285024154589,242
300203.0,聚光科技,0.8743068391866913,0.1256931608133087,412
300475.0,聚隆科技,0.7763157894736842,0.2236842105263158,271
300303.0,聚飞光电,0.851063829787234,0.14893617021276595,329
300202.0,聚龙股份,0.8682406163850993,0.1317593836149007,723
2426.0,胜利精密,0.9438596491228072,0.05614035087719298,280
300476.0,胜宏科技,0.8390804597701149,0.16091954022988506,349
300392.0,腾信股份,0.8068181818181818,0.19318181818181815,272
300178.0,腾邦国际,0.9080909313126376,0.0919090686873625,907
300204.0,舒泰神,0.7981256721462591,0.20187432785374101,1274
2608.0,舜天船舶,0.9176954732510288,0.0823045267489712,273
2025.0,航天电器,0.925925925925926,0.07407407407407407,298
300424.0,航新科技,0.9098457888493476,0.09015421115065243,208
2706.0,良信电器,0.8881118881118881,0.11188811188811187,345
300389.0,艾比森,0.8680555555555556,0.13194444444444445,319
2180.0,艾派克,0.8394442300270166,0.1605557699729834,401
2170.0,芭田股份,0.8735042735042735,0.1264957264957265,344
300284.0,苏交科,0.9591836734693876,0.040816326530612235,376
300331.0,苏大维格,0.9188712522045857,0.08112874779541446,673
300507.0,苏奥传感,0.9251700680272108,0.07482993197278913,390
2024.0,苏宁云商,0.9281767955801103,0.0718232044198895,852
718.0,苏宁环球,0.8969072164948454,0.10309278350515463,257
2808.0,苏州恒久,0.9458128078817734,0.054187192118226604,271
2032.0,苏泊尔,0.9252067601582163,0.07479323984178353,288
2334.0,英威腾,0.8153730218538057,0.18462697814619444,292
411.0,英特集团,0.9503105590062112,0.049689440993788817,99
2837.0,英维克,0.9034090909090908,0.09659090909090907,349
2528.0,英飞拓,0.9073359073359072,0.09266409266409266,329
300582.0,英飞特,0.8567774936061381,0.1432225063938619,642
2660.0,茂硕电源,0.8969889064976229,0.10301109350237718,393
300087.0,荃银高科,0.9065108514190318,0.09348914858096828,449
2642.0,荣之联,0.9109947643979056,0.08900523560209424,334
2146.0,荣盛发展,0.8681092220504895,0.13189077794951054,1209
2493.0,荣盛石化,0.8971134609888539,0.10288653901114604,285
300290.0,荣科科技,0.8699186991869918,0.13008130081300814,692
2106.0,莱宝高科,0.9049128367670364,0.09508716323296357,249
300006.0,莱美药业,0.8815489749430524,0.1184510250569476,312
2166.0,莱茵生物,0.8980509745127436,0.10194902548725636,238
300395.0,菲利华,0.947437582128778,0.05256241787122208,296
2731.0,萃华珠宝,0.890625,0.109375,249
2737.0,葵花药业,0.8819523269012486,0.11804767309875143,510
2614.0,蒙发利,0.9049188044245704,0.09508119557542953,286
300355.0,蒙草生态,0.93562874251497,0.06437125748502992,1018
2513.0,蓝丰生化,0.8899687608469281,0.11003123915307184,694
2382.0,蓝帆医疗,0.8720538720538721,0.12794612794612795,366
300433.0,蓝思科技,0.8841485840382495,0.11585141596175065,767
300484.0,蓝海华腾,0.9,0.1,477
300297.0,蓝盾股份,0.9526627218934912,0.04733727810650888,336
300058.0,蓝色光标,0.8705882352941177,0.12941176470588234,943
300293.0,蓝英装备,0.9017857142857144,0.09821428571428573,358
2765.0,蓝黛传动,0.868995633187773,0.13100436681222707,333
2192.0,融捷股份,0.7930385700846662,0.206961429915334,910
2622.0,融钰集团,0.8938438111812052,0.10615618881879486,136
300305.0,裕兴股份,0.9276018099547512,0.07239819004524888,475
2831.0,裕同科技,0.9514170040485831,0.048582995951417005,242
2265.0,西仪股份,0.8637770897832817,0.13622291021671826,288
2536.0,西泵股份,0.8210007047216349,0.17899929527836506,317
2302.0,西部建设,0.8365517241379309,0.16344827586206898,313
2149.0,西部材料,0.8113207547169812,0.18867924528301888,402
300106.0,西部牧业,0.8498880913791773,0.15011190862082271,1368
2584.0,西陇科学,0.8901098901098901,0.10989010989010987,293
2841.0,视源股份,0.7954782608695652,0.2045217391304348,938
2437.0,誉衡药业,0.8494031221303948,0.15059687786960516,361
2197.0,证通电子,0.913716814159292,0.08628318584070796,385
300430.0,诚益通,0.8666666666666667,0.13333333333333333,410
300598.0,诚迈科技,0.8789007918025151,0.12109920819748488,1036
2215.0,诺普信,0.8932552954292085,0.10674470457079152,347
2595.0,豪迈科技,0.8207043756670224,0.17929562433297758,518
300064.0,豫金刚石,0.9083255378858748,0.09167446211412536,735
2570.0,贝因美,0.836715282181357,0.163284717818643,714
300580.0,贝斯特,0.8906426155580609,0.10935738444193913,442
2828.0,贝肯能源,0.8234495246717972,0.1765504753282028,757
300558.0,贝达药业,0.8952508851178123,0.10474911488218776,1050
2141.0,贤丰控股,0.9087452471482891,0.09125475285171104,389
2424.0,贵州百灵,0.9120743034055728,0.08792569659442724,2281
300044.0,赛为智能,0.8644067796610171,0.13559322033898305,459
300485.0,赛升药业,0.8637770897832817,0.13622291021671826,796
300583.0,赛托生物,0.9006622516556292,0.09933774834437084,253
300466.0,赛摩电气,0.901063566658422,0.09893643334157803,265
2637.0,赞宇科技,0.87890625,0.12109375,517
300457.0,赢合科技,0.9317073170731708,0.06829268292682927,228
300377.0,赢时胜,0.9035563592525618,0.09644364074743822,407
2460.0,赣锋锂业,0.9011857707509882,0.09881422924901186,504
2356.0,赫美集团,0.9611650485436892,0.03883495145631068,215
300036.0,超图软件,0.9110228401191658,0.08897715988083416,753
2725.0,跃岭股份,0.899895724713243,0.10010427528675704,349
2640.0,跨境通,0.9043435822352368,0.0956564177647633,564
2813.0,路畅科技,0.8540450375312759,0.14595496246872394,397
300555.0,路通视信,0.9050167224080268,0.09498327759197324,308
2073.0,软控股份,0.8491379310344828,0.15086206896551724,851
2046.0,轴研科技,0.9315673289183224,0.0684326710816777,688
2496.0,辉丰股份,0.9225806451612903,0.07741935483870968,250
2296.0,辉煌科技,0.8853831294269157,0.11461687057308435,503
2556.0,辉隆股份,0.8297413793103449,0.17025862068965514,270
300523.0,辰安科技,0.8944193061840121,0.10558069381598792,416
300103.0,达刚路机,0.7922134733158355,0.20778652668416447,484
2512.0,达华智能,0.8924369747899158,0.10756302521008404,269
300535.0,达威股份,0.8320610687022901,0.16793893129770993,206
2030.0,达安基因,0.9624141669678352,0.0375858330321648,410
2421.0,达实智能,0.9523809523809524,0.047619047619047616,230
300530.0,达志科技,0.9542203147353362,0.045779685264663805,281
2209.0,达意隆,0.84375,0.15625,428
300467.0,迅游科技,0.925925925925926,0.07407407407407407,483
300463.0,迈克生物,0.9248971193415638,0.07510288065843622,247
300440.0,运达科技,0.9307692307692308,0.06923076923076922,363
2406.0,远东传动,0.8145695364238411,0.18543046357615892,508
2063.0,远光软件,0.8820861678004536,0.11791383219954647,371
2689.0,远大智能,0.9036144578313252,0.0963855421686747,353
300306.0,远方光电,0.9012345679012346,0.09876543209876544,1083
2161.0,远望谷,0.9622030237580992,0.03779697624190065,330
300412.0,迦南科技,0.8574162679425837,0.14258373205741626,323
300167.0,迪威视讯,0.8461538461538461,0.15384615384615385,751
300244.0,迪安诊断,0.8983050847457628,0.1016949152542373,964
300335.0,迪森股份,0.9386503067484664,0.061349693251533735,511
300396.0,迪瑞医疗,0.8904109589041096,0.1095890410958904,844
2243.0,通产丽星,0.8728908886389202,0.12710911136107986,581
300265.0,通光线缆,0.9182692307692308,0.08173076923076923,302
300491.0,通合科技,0.913793103448276,0.08620689655172414,259
2792.0,通宇通讯,0.9495798319327732,0.050420168067226885,270
2156.0,通富微电,0.8873239436619719,0.11267605633802814,359
2150.0,通润装备,0.8927835051546392,0.10721649484536082,354
300164.0,通源石油,0.9081015719467956,0.09189842805320436,532
300185.0,通裕重工,0.8320610687022901,0.16793893129770993,462
2576.0,通达动力,0.8743801652892562,0.1256198347107438,320
2560.0,通达股份,0.8337557019766852,0.16624429802331475,437
2491.0,通鼎互联,0.8795116060646718,0.12048839393532808,406
2838.0,道恩股份,0.9111111111111112,0.08888888888888889,342
300312.0,邦讯技术,0.8440366972477065,0.1559633027522936,276
300149.0,量子高科,0.8992718446601942,0.10072815533980582,756
2721.0,金一文化,0.889906640831425,0.11009335916857496,645
300028.0,金亚科技,0.8672514619883042,0.1327485380116959,728
300252.0,金信诺,0.888,0.11199999999999999,337
300510.0,金冠电气,0.8775510204081632,0.12244897959183673,205
300093.0,金刚玻璃,0.873015873015873,0.12698412698412698,272
300069.0,金利华电,0.8539325842696629,0.14606741573033707,180
2464.0,金利科技,0.8162962962962963,0.1837037037037037,787
300225.0,金力泰,0.9342465753424658,0.06575342465753424,296
300349.0,金卡智能,0.8912386706948641,0.10876132930513596,260
2762.0,金发拉比,0.8885941644562334,0.11140583554376657,204
2488.0,金固股份,0.9029126213592232,0.0970873786407767,337
546.0,金圆股份,0.7809430255402751,0.2190569744597249,341
300233.0,金城医药,0.8697674418604651,0.13023255813953488,490
300606.0,金太阳,0.8892307692307693,0.11076923076923076,323
2515.0,金字火腿,0.9409012558483132,0.059098744151686776,371
2636.0,金安国纪,0.95131845841785,0.0486815415821501,342
2548.0,金新农,0.8641101531334449,0.13588984686655514,441
300281.0,金明精机,0.9128786350986166,0.08712136490138345,432
2090.0,金智科技,0.9121522693997072,0.08784773060029283,369
2533.0,金杯电工,0.9103448275862068,0.0896551724137931,177
2470.0,金正大,0.892438942790231,0.10756105720976916,675
2688.0,金河生物,0.9065420560747663,0.09345794392523364,615
2443.0,金洲管道,0.9316338354577056,0.06836616454229433,341
300434.0,金石东方,0.8592292803096956,0.1407707196903044,271
2597.0,金禾实业,0.8,0.2,990
300459.0,金科娱乐,0.8601378518093051,0.139862148190695,709
2723.0,金莱特,0.8860759493670886,0.1139240506329114,286
2081.0,金螳螂,0.9715142428785608,0.028485757121439283,618
2716.0,金贵银业,0.8673139158576052,0.13268608414239486,401
2722.0,金轮股份,0.9426751592356688,0.05732484076433121,299
2626.0,金达威,0.8095238095238095,0.19047619047619047,406
300220.0,金运激光,0.8211716341212744,0.17882836587872558,332
300091.0,金通灵,0.8571428571428571,0.14285714285714285,305
300443.0,金雷风电,0.8971871968962173,0.10281280310378274,554
2202.0,金风科技,0.7945169017833378,0.20548309821666225,1970
300032.0,金龙机电,0.8436412315930388,0.15635876840696114,733
300034.0,钢研高纳,0.8830811554332875,0.11691884456671252,652
300197.0,铁汉生态,0.797827903091061,0.20217209690893906,567
300085.0,银之杰,0.8908296943231441,0.1091703056768559,400
300231.0,银信科技,0.8928571428571429,0.10714285714285714,340
2786.0,银宝山新,0.8811369509043928,0.11886304909560726,481
300020.0,银江股份,0.8411497730711045,0.15885022692889564,433
2519.0,银河电子,0.9322033898305084,0.06779661016949153,392
300127.0,银河磁体,0.9240506329113924,0.0759493670886076,269
300221.0,银禧科技,0.8901242642249837,0.10987573577501633,942
2126.0,银轮股份,0.9393939393939394,0.060606060606060615,832
300337.0,银邦股份,0.9213114754098358,0.07868852459016394,437
300126.0,锐奇股份,0.8996655518394648,0.10033444816053512,272
300128.0,锦富技术,0.8568738229755178,0.1431261770244821,205
2316.0,键桥通讯,0.8642898217366303,0.13571017826336976,518
300348.0,长亮科技,0.7933081489476524,0.20669185105234755,716
300088.0,长信科技,0.7783407219759342,0.22165927802406588,1938
2071.0,长城影视,0.9362549800796812,0.06374501992031872,415
300301.0,长方集团,0.9207397622192868,0.07926023778071334,266
2435.0,长江润发,0.946875,0.053125,478
300196.0,长海股份,0.7605633802816901,0.23943661971830985,410
2680.0,长生生物,0.9034482758620691,0.09655172413793103,248
300115.0,长盈精密,0.9352750809061487,0.06472491909385113,612
300195.0,长荣股份,0.8068350668647846,0.19316493313521546,666
2391.0,长青股份,0.8598574821852731,0.14014251781472686,261
2616.0,长青集团,0.8692098092643051,0.1307901907356948,692
2452.0,长高集团,0.8585485854858549,0.14145141451414514,435
2440.0,闰土股份,0.9101123595505618,0.0898876404494382,1103
300274.0,阳光电源,0.8650657518582047,0.1349342481417953,413
300030.0,阳普医疗,0.8801331853496115,0.11986681465038845,487
300121.0,阳谷华泰,0.8148745107068847,0.1851254892931154,489
300534.0,陇神戎发,0.8380952380952381,0.1619047619047619,221
2363.0,隆基机械,0.9142857142857144,0.08571428571428573,315
601012.0,隆基股份,0.8711340206185567,0.12886597938144329,1482
300599.0,雄塑科技,0.9215686274509804,0.0784313725490196,238
300546.0,雄帝科技,0.946969696969697,0.05303030303030303,342
2733.0,雄韬股份,0.8576180971390552,0.14238190286094474,389
2497.0,雅化集团,0.8844036697247707,0.11559633027522935,332
300261.0,雅本化学,0.9534883720930232,0.04651162790697674,141
2323.0,雅百特,0.7632371932845459,0.23676280671545416,925
300553.0,集智股份,0.9287720019176768,0.07122799808232314,368
2477.0,雏鹰农牧,0.8544698544698545,0.14553014553014554,241
2639.0,雪人股份,0.9264555669050052,0.0735444330949949,435
300511.0,雪榕生物,0.8542510121457491,0.145748987854251,321
2076.0,雪莱特,0.9739130434782608,0.026086956521739132,286
2658.0,雪迪龙,0.8942917547568711,0.10570824524312897,340
300162.0,雷曼股份,0.9468020304568529,0.053197969543147205,289
2577.0,雷柏科技,0.8763636363636363,0.12363636363636366,286
2413.0,雷科防务,0.8928571428571429,0.10714285714285714,622
2015.0,霞客环保,0.8559870550161812,0.14401294498381878,357
2128.0,露天煤业,0.8271179133433929,0.17288208665660704,814
2094.0,青岛金王,0.8839103869653768,0.11608961303462323,292
300132.0,青松股份,0.9278350515463918,0.07216494845360824,358
2646.0,青青稞酒,0.9152016546018614,0.08479834539813857,493
2457.0,青龙管业,0.8974358974358975,0.10256410256410256,388
2667.0,鞍重股份,0.8673300165837479,0.13266998341625208,316
2120.0,韵达股份,0.9357429718875502,0.0642570281124498,253
2352.0,顺丰控股,0.8801416507763552,0.1198583492236448,1092
2676.0,顺威股份,0.9477124183006536,0.052287581699346414,347
2565.0,顺灏股份,0.8767895878524946,0.12321041214750544,268
2138.0,顺络电子,0.9293739967897272,0.07062600321027288,618
300113.0,顺网科技,0.8444444444444444,0.15555555555555556,421
2694.0,顾地科技,0.887719298245614,0.11228070175438597,354
300398.0,飞凯材料,0.8436568400132494,0.15634315998675058,672
300287.0,飞利信,0.9163179916317992,0.08368200836820082,597
300240.0,飞力达,0.9142072752230612,0.08579272477693893,239
300602.0,飞荣达,0.883672621520565,0.116327378479435,590
2210.0,飞马国际,0.9175757575757576,0.08242424242424243,278
2665.0,首航节能,0.8865248226950355,0.11347517730496455,919
300147.0,香雪制药,0.8274203247143717,0.17257967528562834,297
2502.0,骅威文化,0.8605263157894737,0.1394736842105263,456
2348.0,高乐股份,0.935706262829699,0.06429373717030094,419
2827.0,高争民爆,0.8886310904872391,0.11136890951276103,296
300465.0,高伟达,0.749691738594328,0.25030826140567203,729
2414.0,高德红外,0.8904109589041096,0.1095890410958904,1177
2848.0,高斯贝尔,0.9405940594059404,0.0594059405940594,318
300098.0,高新兴,0.9291338582677166,0.07086614173228346,624
300499.0,高澜股份,0.8455598455598455,0.15444015444015444,405
300200.0,高盟新材,0.8676675977653632,0.13233240223463688,262
2778.0,高科石化,0.80999180999181,0.19000819000819003,551
2223.0,鱼跃医疗,0.8137157929442796,0.1862842070557204,693
300423.0,鲁亿通,0.8798283261802575,0.12017167381974247,411
2088.0,鲁阳节能,0.8789808917197452,0.12101910828025478,348
300441.0,鲍斯股份,0.9361702127659576,0.06382978723404255,593
300219.0,鸿利智汇,0.8490566037735849,0.1509433962264151,262
2229.0,鸿博股份,0.8957345971563981,0.10426540284360188,356
300176.0,鸿特精密,0.8554216867469879,0.14457831325301204,298
2541.0,鸿路钢构,0.855072463768116,0.14492753623188406,321
2002.0,鸿达兴业,0.924721984602224,0.07527801539777587,438
300375.0,鹏翎股份,0.8496732026143791,0.1503267973856209,275
300438.0,鹏辉能源,0.9754977029096478,0.024502297090352218,259
2788.0,鹭燕医药,0.8403451995685005,0.15965480043149946,435
300319.0,麦捷科技,0.8823529411764706,0.1176470588235294,528
2719.0,麦趣尔,0.8778625954198473,0.12213740458015268,754
2137.0,麦达数字,0.9189580318379159,0.08104196816208394,295
300341.0,麦迪电气,0.9195979899497488,0.08040201005025126,316
2817.0,黄山胶囊,0.9117647058823528,0.08823529411764706,342
2387.0,黑牛食品,0.8743241115019159,0.1256758884980839,1027
2068.0,黑猫股份,0.8317256162915327,0.1682743837084673,404
2039.0,黔源电力,0.8379888268156425,0.16201117318435754,435
300378.0,鼎捷软件,0.9114742934967656,0.08852570650323459,335
300011.0,鼎汉技术,0.9015586546349468,0.09844134536505332,594
300054.0,鼎龙股份,0.8771867190289182,0.12281328097108175,1329
2521.0,齐峰新材,0.9282051282051282,0.07179487179487179,307
2301.0,齐心集团,0.9343814080656186,0.06561859193438141,382
2408.0,齐翔腾达,0.8959537572254336,0.10404624277456648,820
2604.0,龙力生物,0.8380487804878048,0.16195121951219513,931
2726.0,龙大肉食,0.8727353071144498,0.12726469288555015,487
2442.0,龙星化工,0.8901098901098901,0.10989010989010987,308
2671.0,龙泉股份,0.8811040339702758,0.118895966029724,300
2750.0,龙津药业,0.9202453987730062,0.07975460122699386,409
2682.0,龙洲股份,0.924187725631769,0.07581227436823104,335
300105.0,龙源技术,0.7462932454695222,0.2537067545304777,475
2601.0,龙蟒佰利,0.8813936249073387,0.11860637509266125,623
