code,short,allToneQ,allToneA
002069,ST獐岛,0.5609756097560976,0.7361543248288737
002029,七匹狼,0.5869737887212073,0.6614839598504232
002085,万丰奥威,0.5276752767527675,0.6923076923076923
002543,万和电气,0.5882352941176471,0.8048780487804879
300482,万孚生物,0.5013850415512465,0.7799006495987774
002590,万安科技,0.4444444444444444,0.6056338028169014
002654,万润科技,0.6615384615384615,0.9024390243902439
002643,万润股份,0.43209876543209874,0.7120359955005624
300268,万福生科,0.5902439024390244,0.5300546448087431
000002,万科A,0.35842880523731585,0.7878553125558667
300168,万达信息,0.41722768858967724,0.6727272727272727
002739,万达院线,0.3206681350954479,0.7423133235724744
300055,万邦达,0.7142857142857143,0.7326478149100257
002434,万里扬,0.6066000868432478,0.7695473251028807
002785,万里石,0.7846153846153846,0.9346938775510204
300591,万里马,0.6184971098265896,0.7889243258915628
300552,万集科技,0.5512820512820513,0.8783894823336073
300057,万顺股份,0.6803118908382066,0.802936996684036
002276,万马股份,0.18933333333333333,0.6849507735583685
002555,三七互娱,0.6084519189305735,0.7715909090909091
300276,三丰智能,0.7226277372262774,0.7032258064516129
300051,三五互联,0.6516129032258065,0.6579925650557621
002417,三元达,0.6190476190476191,0.6035678889990089
002216,三全食品,0.5396188565697091,0.7726465364120781
300295,三六五网,0.40482573726541554,0.5899569157628881
002224,三力士,0.553072625698324,0.3333333333333333
002112,三变科技,0.7297297297297297,0.5968063872255489
002621,三垒股份,0.5472091810119979,0.8308943089430895
002780,三夫户外,0.68,0.7058125741399762
300066,三川智慧,0.6437246963562753,0.845
300515,三德科技,0.717391304347826,0.7639405204460966
002857,三晖电气,0.5663157894736842,0.7386759581881533
002312,三泰控股,0.7372262773722628,0.7592200084781687
002159,三特索道,0.7425287356321839,0.8260869565217391
300408,三环集团,0.6767676767676768,0.9393479909021987
300056,三维丝,0.26799511996746644,0.5760054533060669
002469,三维工程,0.34579439252336447,0.7906523855890945
002115,三维通信,0.6747967479674797,0.7583333333333333
300384,三联虹普,0.7647058823529411,0.8095238095238095
300072,三聚环保,0.647887323943662,0.6836654636748783
002050,三花智控,0.9069767441860465,0.7837837837837838
300298,三诺生物,0.5260115606936416,0.717948717948718
002110,三钢闽光,0.6901408450704225,0.7297297297297297
300236,上海新阳,0.6061776061776062,0.7935555865532152
002252,上海莱士,0.8076379066478077,0.8647007805724197
300226,上海钢联,0.6653061224489796,0.7547568710359408
300522,世名科技,0.5299334811529933,0.7698154180238871
002796,世嘉科技,0.9101123595505618,0.9453458582408198
002558,世纪游轮,0.5114503816793893,0.7081596188207266
300150,世纪瑞尔,0.2565947242206235,0.8551532033426184
300050,世纪鼎利,0.8775510204081632,0.8936170212765957
002285,世联行,0.6396979503775619,0.7129071170084439
002016,世荣兆业,0.6738324684951816,0.9322033898305084
002748,世龙实业,0.6453900709219859,0.8364312267657993
002017,东信和平,0.635036496350365,0.6111111111111112
300354,东华测试,0.7199124726477024,0.7071667094785512
002140,东华科技,0.4798206278026906,0.6269113149847095
002221,东华能源,0.4425436965414652,0.7743716679360243
002065,东华软件,0.552,0.7562683849278611
300353,东土科技,0.6936353829557712,0.8245614035087719
300239,东宝生物,0.5127175368139223,0.865814696485623
300171,东富龙,0.6829109811565951,0.817279046673287
002384,东山精密,0.4739517153748411,0.7876106194690266
002819,东方中科,0.5873015873015873,0.6986817325800376
002310,东方园林,0.5512300621789673,0.6825396825396826
300166,东方国信,0.5701259227095093,0.835768887928473
002755,东方新星,0.6140350877192983,0.6892430278884463
300118,东方日升,0.49887133182844245,0.7386600083229297
002086,东方海洋,0.721030042918455,0.8115942028985508
300217,东方电热,0.5112540192926045,0.7637795275590551
002611,东方精工,0.6897506925207756,0.7854889589905363
300367,东方网力,0.8371040723981901,0.8604448320976886
002175,东方网络,0.7168141592920354,0.8917293233082707
300059,东方财富,0.675,0.8165137614678899
300379,东方通,0.7288135593220338,0.8760631834750912
002545,东方铁塔,0.6715542521994134,0.8543363679923336
002167,东方锆业,0.4543404735062006,0.71900826446281
002271,东方雨虹,0.5331273601098524,0.8290271132376396
002713,东易日盛,0.6595744680851063,0.8258642765685019
002199,东晶电子,0.43462149285336155,0.7539863325740319
300486,东杰智能,0.40638481449525454,0.7492163009404389
002672,东江环保,0.6581196581196581,0.7404603738606519
002117,东港股份,0.5163398692810458,0.7518248175182481
002675,东诚药业,0.4088669950738916,0.7851037851037851
300183,东软载波,0.5075757575757576,0.7788569293985805
002793,东音股份,0.413953488372093,0.8371501272264631
002793,东音股份,0.6666666666666666,0.75
300512,中亚股份,0.7303370786516854,0.89937106918239
002579,中京电子,0.4382716049382716,0.6562282533054976
300018,中元股份,0.6148148148148148,0.8591378263509412
300414,中光防雷,0.5578947368421052,0.8318949343339587
002309,中利集团,0.6590909090909091,0.8195819581958196
002542,中化岩土,0.5686274509803921,0.8221024258760108
002445,中南文化,0.23919308357348704,0.873116574147502
601985,中国核电,0.6781609195402298,0.6893203883495146
002116,中国海诚,0.502145922746781,0.5575839968926005
002779,中坚科技,0.6701030927835051,0.8210526315789474
300270,中威电子,0.6208530805687204,0.820979020979021
300560,中富通,0.646112600536193,0.7506297229219143
002051,中工国际,0.5431983579025939,0.7046548956661316
002364,中恒电气,0.5118110236220472,0.84375
002021,中捷资源,0.7117117117117117,0.6549865229110512
300364,中文在线,0.48148148148148145,0.9268849961919269
300575,中旗股份,0.6921596921596922,0.8468550592525068
002080,中材科技,0.43699731903485256,0.7831913753052594
300393,中来股份,0.6083086053412463,0.8090909090909091
002145,中核钛白,0.5492957746478874,0.7350230414746544
002092,中泰化学,0.6388415672913118,0.7578125
002659,中泰桥梁,0.6869565217391305,0.8754863813229572
300435,中泰股份,0.6973684210526315,0.8088737201365188
002401,中海科技,0.7377049180327869,0.7846153846153846
300177,中海达,0.5819935691318329,0.8011049723756906
300526,中潜股份,0.5854042151620007,0.8857142857142857
002129,中环股份,0.17070895522388058,0.6713162566573675
300140,中环装备,0.6299212598425197,0.7280226647779352
002298,中电鑫龙,0.3354632587859425,0.879154078549849
002738,中矿资源,0.5319148936170213,0.8644382544103992
002306,中科云网,0.32943975773307377,0.4689683518290177
002290,中科新材,0.6941176470588235,0.8507462686567164
300035,中科电气,0.6205962059620597,0.725
002657,中科金财,0.4023732470334412,0.7919655667144907
300062,中能电气,0.6638655462184874,0.8023064250411862
002163,中航三鑫,0.6946564885496184,0.7137096774193549
002179,中航光电,0.6373559733171619,0.8517034068136272
300114,中航电测,0.6139767054908486,0.8328173374613003
002822,中装建设,0.7941176470588235,0.8774219058916568
002471,中超控股,0.3700107874865156,0.7513083525225036
300145,中金环境,0.41387024608501116,0.8961748633879781
002057,中钢天源,0.65625,0.7644812221514958
300308,中际装备,0.48333333333333334,0.7377049180327869
002511,中顺洁柔,0.6793893129770993,0.7904328018223234
300327,中颖电子,0.43243243243243246,0.8078770413064361
300489,中飞股份,0.6991150442477876,0.8555555555555555
002530,丰东股份,0.5906183368869936,0.8545454545454545
002805,丰元股份,0.711340206185567,0.8310376492194674
002618,丹邦科技,0.30133333333333334,0.7953943753434237
002374,丽鹏股份,0.5924426450742241,0.7762237762237763
300516,久之洋,0.6464646464646465,0.8476190476190476
002279,久其软件,0.5834522111269616,0.8854415274463007
300631,久吾高科,0.5786864931846345,0.7148846960167715
002037,久联发展,0.625,0.6282051282051282
002777,久远银海,0.3526570048309179,0.8295081967213115
300446,乐凯新材,0.5857605177993528,0.8190045248868778
300562,乐心医疗,0.6214833759590793,0.8588754134509372
300003,乐普医疗,0.5454545454545454,0.818608287724785
300104,乐视网,0.22627338522463472,0.5581273014203051
002319,乐通股份,0.8461538461538461,0.7333333333333333
300247,乐金健康,0.7575757575757576,0.9299781181619255
002687,乔治白,0.519327731092437,0.7192982456140351
300040,九洲电气,0.6077705827937095,0.5962894248608535
002242,九阳股份,0.7504207742245732,0.7990495587236931
002201,九鼎新材,0.7611940298507462,0.8641765704584041
002195,二三四五,0.5223880597014925,0.8058823529411765
002467,二六三,0.5036496350364964,0.6274509803921569
002059,云南旅游,0.6825396825396826,0.8183948447568834
002053,云南能投,0.6086547507055503,0.7438243366880146
002428,云南锗业,0.2999749812359269,0.7378984651711924
002539,云图控股,0.17194570135746606,0.6886543535620053
002200,云投生态,0.6842105263157895,0.7891963109354414
002182,云海金属,0.7647058823529411,0.9060402684563759
300420,五洋科技,0.7202797202797203,0.7848739495798319
002375,亚厦股份,0.3413173652694611,0.4975466143277723
002607,亚夏汽车,0.7551020408163265,0.6586980507539537
002540,亚太科技,0.39292654488923434,0.8165228113440197
002284,亚太股份,0.5882352941176471,0.7177615571776156
002370,亚太药业,0.6737588652482269,0.7796771130104464
002559,亚威股份,0.6157635467980296,0.8110599078341014
002811,亚泰国际,0.5454545454545454,0.775377969762419
002623,亚玛顿,0.7202797202797203,0.834038950042337
300399,京天利,0.7714285714285715,0.7401129943502824
002662,京威股份,0.7131474103585658,0.4594594594594595
002020,京新药业,0.5726495726495726,0.8065603012585472
002686,亿利达,0.51440329218107,0.8005865102639296
002019,亿帆医药,0.5873015873015873,0.6702508960573477
300014,亿纬锂能,0.8235294117647058,0.8125
300211,亿通科技,0.5064731267163594,0.8222222222222222
002629,仁智股份,0.6976744186046512,0.6882352941176471
300532,今天国际,0.594306049822064,0.8228284728755095
002746,仙坛股份,0.7701149425287356,0.6724137931034483
002332,仙琚制药,0.6404494382022472,0.7506493506493507
300254,仟源医药,0.7906976744186046,0.7606837606837606
002603,以岭药业,0.5925626515763944,0.7595598349381018
300311,任子行,0.6676557863501483,0.8410596026490066
300415,伊之密,0.6302521008403361,0.872
002441,众业达,0.260539629005059,0.6744868035190615
002707,众信旅游,0.7099236641221374,0.7505567928730512
,众和股份,0.12962962962962962,0.5975359342915811
002317,众生药业,0.806060606060606,0.7421825143586471
300531,优博讯,0.5966386554621849,0.7089386850529426
300549,优德精密,0.5934959349593496,0.8681318681318682
300578,会畅通讯,0.6423841059602649,0.8037735849056604
002372,伟星新材,0.4174397031539889,0.6492199295420232
002003,伟星股份,0.625585023400936,0.6949745812151011
002010,传化智联,0.4664310954063604,0.8438193273582394
300181,佐力药业,0.7185576077396658,0.7725118483412322
002644,佛慈制药,0.6747967479674797,0.8406473700591348
300264,佳创视讯,0.6396396396396397,0.8775510204081632
300559,佳发安泰,0.8,0.7983193277310925
300193,佳士科技,0.4674493062966915,0.6617647058823529
300213,佳讯飞鸿,0.6701030927835051,0.7970443349753694
002495,佳隆股份,0.625531914893617,0.8137097947896959
300249,依米康,0.7435897435897436,0.7848537005163512
002286,保龄宝,0.5353121801432957,0.8711458812701335
300469,信息发展,0.7830188679245284,0.7826649417852523
002294,信立泰,0.6111111111111112,0.8088050314465409
300136,信维通信,0.7538461538461538,0.7839107457428068
002664,信质电机,0.6691729323308271,0.6808510638297872
002390,信邦制药,0.7666666666666667,0.8402203856749312
002105,信隆健康,0.8315789473684211,0.8767772511848341
300529,健帆生物,0.6792452830188679,0.7111356119073869
300174,元力股份,0.6678700361010831,0.8688524590163934
002562,兄弟科技,0.6642335766423357,0.7777777777777778
002256,兆新股份,0.7699115044247787,0.8278145695364238
300333,兆日科技,0.575,0.7658779576587795
002429,兆驰股份,0.7627118644067796,0.8027127003699137
300450,先导智能,0.6296296296296297,0.7412398921832885
300137,先河环保,0.5,0.7153024911032029
300541,先进数通,0.6619718309859155,0.8178368121442126
300163,先锋新材,0.3646055437100213,0.6774123046661567
002767,先锋电子,0.6652719665271967,0.8936170212765957
300356,光一科技,0.5966386554621849,0.8214123006833713
002741,光华科技,0.6644295302013423,0.8473282442748091
002524,光正集团,0.7614678899082569,0.7634408602150538
002708,光洋股份,0.5,0.9259259259259259
300383,光环新网,0.7088607594936709,0.6992143658810326
300251,光线传媒,0.41329707920357867,0.5583418050378403
002281,光迅科技,0.5877862595419847,0.7419354838709677
300227,光韵达,0.6058700209643606,0.7558318200866043
002661,克明面业,0.6,0.7941176470588235
002043,兔宝宝,0.5555555555555556,0.8105781057810578
300458,全志科技,0.32805071315372425,0.6655616942909761
002186,全聚德,0.4530845703390985,0.7961290322580645
300359,全通教育,0.5737704918032787,0.8857142857142857
002592,八菱科技,0.3442622950819672,0.7669902912621359
002655,共达电声,0.5736040609137055,0.7938931297709924
002436,兴森科技,0.4828897338403042,0.8181818181818182
002355,兴民智通,0.65,0.8873239436619719
300266,兴源环境,0.5875,0.738353002373289
300573,兴齐眼药,0.557632398753894,0.7871208089409261
002691,冀凯股份,0.554140127388535,0.7241379310344828
300536,农尚环境,0.8454106280193237,0.868421052631579
300238,冠昊生物,0.45231711987744155,0.7971391417425228
002102,冠福股份,0.5670498084291188,0.8326137495848556
300533,冰川网络,0.6598639455782314,0.6873136800264988
002207,准油股份,0.23711340206185566,0.4823848238482385
002760,凤形股份,0.6445131375579598,0.6952380952380952
002823,凯中精密,0.6317991631799164,0.869281045751634
300326,凯利泰,0.20408163265306123,0.6500280426247896
300407,凯发电气,0.6176470588235294,0.7645429362880887
002012,凯恩股份,0.7974683544303798,0.7723577235772358
002425,凯撒文化,0.7714285714285715,0.8632010943912448
002072,凯瑞德,0.8033707865168539,0.7759472817133443
002549,凯美特气,0.675392670157068,0.6727911573091282
002821,凯莱英,0.5798249270529386,0.7985153764581124
002783,凯龙股份,0.5313807531380753,0.6245733788395904
002027,分众传媒,0.6484499840204538,0.5904936014625228
300451,创业软件,0.5782312925170068,0.7103377686796314
300366,创意信息,0.49546106067845197,0.9106002554278416
002173,创新医疗,0.7572254335260116,0.7376920047262702
300250,初灵信息,0.4436625688851208,0.8251928020565553
300296,利亚德,0.5957446808510638,0.8211920529801325
002651,利君股份,0.7435897435897436,0.6992481203007519
300596,利安隆,0.7241379310344828,0.8884664131812421
002258,利尔化学,0.673202614379085,0.6379789006107718
300289,利德曼,0.5580212667591308,0.743421052631579
002131,利欧股份,0.36062378167641324,0.48743718592964824
002734,利民股份,0.5483133218982276,0.5741324921135647
002501,利源精制,0.504102096627165,0.6642335766423357
601366,利群股份,0.601078167115903,0.8405797101449275
002189,利达光电,0.8235294117647058,0.8706697459584296
300421,力星股份,0.7431192660550459,0.7190635451505016
300184,力源信息,0.6239801347995744,0.7190243902439024
002393,力生制药,0.1804483645718486,0.8208023060293058
002650,加加食品,0.35708227311280744,0.5901814300960512
002191,劲嘉股份,0.5468208092485549,0.8247086247086247
300400,劲拓股份,0.5609756097560976,0.7052631578947368
002638,勤上股份,0.336283185840708,0.7933333333333333
002392,北京利尔,0.43851508120649646,0.6803551609322974
300223,北京君正,0.37735849056603776,0.7322922476296709
002350,北京科锐,0.618665328650276,0.8874296435272045
300352,北信源,0.4457831325301205,0.802547770700637
002246,北化股份,0.6677316293929713,0.473972602739726
002151,北斗星通,0.7358490566037735,0.751211433478501
002307,北新路桥,0.6416464891041163,0.8127925117004681
002371,北方华创,0.824,0.851063829787234
002613,北玻股份,0.7572254335260116,0.8387329013678906
002148,北纬通信,0.5689555683785343,0.8761418176188265
300216,千山药机,0.6867469879518072,0.8024691358024691
002373,千方科技,0.4864864864864865,0.7111111111111111
002550,千红制药,0.5510204081632653,0.7537437603993344
002259,升达林业,0.5774058577405857,0.8192090395480226
002248,华东数控,0.5616797900262467,0.7515099223468508
002685,华东重机,0.3573407202216066,0.6424581005586593
300161,华中数控,0.5435647943387881,0.7275557861961598
300110,华仁药业,0.6771300448430493,0.8751027115858668
002018,华信国际,0.37113877362840014,0.7492877492877493
002007,华兰生物,0.6132524902555219,0.7341692789968652
300592,华凯创意,0.5683453237410072,0.7641984184040259
300045,华力创通,0.5185659411011524,0.5992578849721707
600325,华发股份,0.4293628808864266,0.7970540098199672
002185,华天科技,0.5854601701469451,0.6642096642096642
000607,华媒控股,0.5027489309712889,0.8040566398775354
002042,华孚色纺,0.7088948787061995,0.84
300271,华宇软件,0.5,0.7333333333333333
002645,华宏科技,0.7027027027027027,0.7723770005927684
002064,华峰氨纶,0.375,0.6802507836990596
300180,华峰超纤,0.7777777777777778,0.8567164179104477
002035,华帝股份,0.7185501066098081,0.9089968976215098
300291,华录百纳,0.5015974440894568,0.7678983833718245
002494,华斯股份,0.5964391691394659,0.6867469879518072
002274,华昌化工,0.696,0.7125154894671624
300278,华昌达,0.6262975778546713,0.8350515463917526
002270,华明装备,0.7956204379562044,0.8148964301454386
300025,华星创业,0.4995925020374898,0.761969904240766
300012,华测检测,0.5726027397260274,0.7031325301204819
002787,华源控股,0.8909090909090909,0.7888198757763976
300323,华灿光电,0.5,0.7068114511352419
300133,华策影视,0.16159250585480095,0.862697774202199
002840,华统股份,0.7741935483870968,0.7265973254086181
300490,华自科技,0.6467532467532467,0.7484276729559748
300527,华舟应急,0.6754385964912281,0.8436482084690554
002321,华英农业,0.6283185840707964,0.7719714964370546
300330,华虹计通,0.32359774311317624,0.8071705426356589
002630,华西能源,1.0,0.8021978021978022
300027,华谊兄弟,0.5152838427947598,0.7541248786800389
300071,华谊嘉信,0.5238095238095238,0.7526205450733753
002758,华通医药,0.5628415300546448,0.6571428571428571
002004,华邦健康,0.4821852731591449,0.8133333333333334
300462,华铭智能,0.7052631578947368,0.3295774647887324
002806,华锋股份,0.9259259259259259,0.8761609907120743
300350,华鹏飞,0.6480938416422287,0.8023695487774137
002506,协鑫集成,0.5054945054945055,0.6624895572263994
002369,卓翼科技,0.7687074829931972,0.6785482825664291
002040,南京港,0.7566539923954373,0.8184800437397485
002757,南兴装备,0.6666666666666666,0.8347107438016529
300417,南华仪器,0.6528925619834711,0.8378378378378378
002305,南国置业,0.6370808678500987,0.7667185069984448
300346,南大光电,0.2599292174596933,0.819718309859155
002314,南山控股,0.5779816513761468,0.7349693251533742
002096,南岭民爆,0.6396396396396397,0.7002583979328165
002127,南极电商,0.6249105225483178,0.7611940298507462
002389,南洋科技,0.6547231270358306,0.7056277056277056
002212,南洋股份,0.719626168224299,0.7788018433179723
300280,南通锻压,0.5692307692307692,0.7542928940388105
300068,南都电源,0.660377358490566,0.7578378378378379
300422,博世科,0.8130841121495327,0.7558945908460472
002297,博云新材,0.6153846153846154,0.8
300548,博创科技,0.6161616161616161,0.8843683083511777
002698,博实股份,0.6111111111111112,0.7139946146568663
002649,博彦科技,0.7398373983739838,0.6530612244897959
300525,博思软件,0.6795252225519288,0.8476190476190476
300318,博晖创新,0.6476683937823834,0.5466536394723986
300404,博济医药,0.5111111111111111,0.8108906711692697
002282,博深工具,0.7971014492753623,0.8781725888324873
300363,博腾股份,0.47968465736810184,0.7369477911646586
002268,卫士通,0.39776357827476033,0.8071334214002642
300253,卫宁健康,0.5131578947368421,0.8003591422837224
002648,卫星石化,0.6774193548387096,0.8430321592649311
002143,印纪传媒,0.5862068965517241,0.610223642172524
300471,厚普股份,0.7054631828978623,0.7697841726618705
002718,友邦吊顶,0.5964912280701754,0.7523452157598499
002277,友阿股份,0.7090909090909091,0.7808219178082192
002481,双塔食品,0.7037037037037037,0.8591549295774648
002693,双成药业,0.5532879818594104,0.7049285599614706
002585,双星新材,0.7799043062200957,0.9193548387096774
300444,双杰电气,0.84375,0.8844234305227213
300100,双林股份,0.8160919540229885,0.6586834934748315
002381,双箭股份,0.5304182509505703,0.7889182058047494
002395,双象股份,0.48261526832955404,0.706959706959707
002038,双鹭药业,0.40885663195540123,0.4741611399303959
300108,双龙股份,0.6135770234986945,0.7865040030499428
300551,古鳌科技,0.6525075363113182,0.8710407239819005
002782,可立克,0.6602316602316602,0.7872968980797637
300046,台基股份,0.5812720848056536,0.8807588075880759
002366,台海核电,0.3548387096774194,0.8222222222222222
002588,史丹利,0.5535889872173058,0.6464379947229552
002538,司尔特,0.2848645076007931,0.7588843904633378
002383,合众思壮,0.6940509915014165,0.8145210494203783
002228,合兴包装,0.5607985480943738,0.9263521288837745
002217,合力泰,0.7171717171717171,0.8074866310160428
300048,合康新能,0.2732732732732733,0.7958783120706575
300477,合纵科技,0.4891416752843846,0.7819249318515412
002208,合肥城建,0.5789473684210527,0.7543859649122807
300597,吉大通信,0.559322033898305,0.8568291611769873
002803,吉宏股份,0.8160919540229885,0.8143459915611815
300022,吉峰农机,0.4666666666666667,0.7614678899082569
000623,吉林敖东,0.5891238670694864,0.8498789346246973
300309,吉艾科技,0.6067415730337079,0.673469387755102
002835,同为股份,0.6685808039376537,0.8534798534798534
002845,同兴达,0.47728686994399505,0.7090909090909091
300321,同大股份,0.5594202898550724,0.6933187294633077
002360,同德化工,0.5495978552278821,0.7548387096774194
300302,同有科技,0.7777777777777778,0.8608695652173913
002052,同洲电子,0.3957845433255269,0.7848739495798319
300538,同益股份,0.6903633491311216,0.7700849118223383
300506,名家汇,0.6749435665914221,0.8329646017699115
002830,名雕股份,0.44881889763779526,0.7164915833438805
300111,向日葵,0.624505928853755,0.7575757575757576
002232,启明信息,0.5186615186615187,0.7698081734778982
002439,启明星辰,0.2762107503991485,0.7335307179866766
300500,启迪设计,0.4980392156862745,0.8910505836575876
300292,吴通控股,0.7297297297297297,0.7945205479452054
300550,和仁科技,0.6722532588454376,0.8108530361420686
300273,和佳股份,0.3392857142857143,0.7738748627881449
300279,和晶科技,0.8055555555555556,0.8329853862212944
002816,和科达,0.726027397260274,0.6501457725947521
002824,和胜股份,0.45263157894736844,0.703757225433526
300141,和顺电气,0.6518987341772152,0.783068783068783
002615,哈尔斯,0.5193798449612403,0.7729257641921398
002567,唐人神,0.7312252964426877,0.776536312849162
300426,唐德影视,0.5959079283887468,0.8315377081292851
002462,嘉事堂,0.4074074074074074,0.7473684210526316
300117,嘉寓股份,0.4634146341463415,0.6326530612244898
002198,嘉应制药,0.5952597994530537,0.7516339869281046
002404,嘉欣丝绸,0.6792452830188679,0.7489451476793249
002486,嘉麟杰,0.7012987012987013,0.770040134504827
300468,四方精创,0.5686274509803921,0.8748221906116643
300179,四方达,0.3840579710144928,0.5795297372060858
002405,四维图新,0.6483516483516484,0.784366576819407
300428,四通新材,0.5652173913043478,0.8452611218568666
300041,回天新材,0.55309205521139,0.8197887475749084
002586,围海股份,0.6771929824561403,0.7206053550640279
002736,国信证券,0.4219364058592355,0.7074910820451843
002045,国光电器,0.6372282608695653,0.7511568123393316
002749,国光股份,0.4736269711799891,0.7988826815642458
002377,国创高新,0.6697247706422018,0.8358974358974359
002449,国星光电,0.5617283950617284,0.7975537747785745
300077,国民技术,0.49295774647887325,0.7747252747252747
300285,国瓷材料,0.5912408759124088,0.773371104815864
300388,国祯环保,0.5008605851979346,0.6797900262467191
002205,国统股份,0.6904761904761905,0.7478005865102639
300094,国联水产,0.6819277108433734,0.8450390189520625
002093,国脉科技,0.719626168224299,0.719626168224299
002074,国轩高科,0.6410571604179471,0.775609756097561
002299,圣农发展,0.5737122557726465,0.7808219178082192
002473,圣莱达,0.8315789473684211,0.8580441640378549
002580,圣阳股份,0.6152716593245228,0.7718446601941747
300403,地尔汉宇,0.5423976608187133,0.6872210698346848
002791,坚朗五金,0.5079365079365079,0.7991701244813278
300116,坚瑞沃能,0.5850622406639004,0.8491514770584538
002747,埃斯顿,0.48466257668711654,0.8586572438162544
002447,壹桥股份,0.6078431372549019,0.7986013986013986
002761,多喜爱,0.75,0.7869249394673123
002407,多氟多,0.4594594594594595,0.7508650519031141
002263,大东南,0.8315789473684211,0.7249417249417249
002385,大北农,0.75,0.8715596330275229
002236,大华股份,0.5527156549520766,0.909297052154195
300134,大富科技,0.52046783625731,0.7900142653352353
002505,大康农业,0.6949152542372882,0.746031746031746
002008,大族激光,0.5949367088607594,0.788235294117647
002249,大洋电机,0.7771260997067448,0.8615500376222723
002077,大港股份,0.4603174603174603,0.7204301075268817
300021,大禹节水,0.7365269461077845,0.8220889555222389
002606,大连电瓷,0.6687116564417178,0.7566539923954373
002204,大连重工,0.43276283618581907,0.8171557562076749
002487,大金重工,0.3888888888888889,0.7222222222222222
002459,天业通联,0.4245146334395827,0.8061389337641357
300390,天华超净,0.4932680538555691,0.7677419354838709
002386,天原集团,0.43434343434343436,0.8095238095238095
300397,天和防务,0.697841726618705,0.8011695906432749
300205,天喻信息,0.6593090211132437,0.6898597626752967
300332,天壕环境,0.48872180451127817,0.7294250281848929
002009,天奇股份,0.2041108986615679,0.39257028112449793
002238,天威视讯,0.8279569892473119,0.8201634877384196
300394,天孚通信,0.5044776119402985,0.7786561264822134
002220,天宝股份,0.4666666666666667,0.6384180790960452
300313,天山生物,0.5877437325905293,0.8127702874586619
002509,天广中茂,0.5526802218114603,0.8151932474455797
002100,天康生物,0.4844533600802407,0.6982397317686504
300169,天晟新材,0.6842105263157895,0.8647342995169082
002510,天汽模,0.7628458498023716,0.7628458498023716
002564,天沃科技,0.6423841059602649,0.7838097525822724
300209,天泽信息,0.7666666666666667,0.8407960199004975
002134,天津普林,0.7009345794392523,0.6115107913669064
300008,天海防务,0.7744360902255639,0.8107370336669699
002113,天润数娱,0.5294117647058824,0.8327526132404182
002283,天润曲轴,0.6761487964989059,0.7910763374920703
300047,天源迪科,0.6094254357650097,0.6393220338983051
300245,天玑科技,0.5912408759124088,0.5734265734265734
300165,天瑞仪器,0.6083086053412463,0.7037037037037037
002354,天神娱乐,0.5526791089704997,0.8323932312651088
300362,天翔环境,0.7757009345794392,0.8151260504201681
300569,天能重工,0.727391874180865,0.654747225647349
300148,天舟文化,0.5059445178335534,0.7682481751824818
002419,天虹商场,0.5924248662000824,0.7907642010625255
002709,天赐材料,0.3969849246231156,0.7135135135135136
002124,天邦股份,0.5531531531531532,0.822380106571936
300587,天铁股份,0.5607077486272117,0.7672379434037465
300342,天银机电,0.6866096866096866,0.8130841121495327
002759,天际股份,0.7922077922077922,0.7337962962962963
002800,天顺股份,0.6783216783216783,0.8648648648648649
002531,天顺风能,0.43871273071462374,0.8524892440073756
002453,天马精化,0.5500725689404934,0.8076923076923077
002122,天马股份,0.7281553398058253,0.8547854785478548
002466,天齐锂业,0.7593984962406015,0.8202898550724638
300029,天龙光电,0.7931034482758621,0.7062937062937062
002433,太安堂,0.5846422338568935,0.8961038961038961
002368,太极股份,0.46938775510204084,0.8299881936245572
300344,太空板业,0.7313432835820896,0.8965071151358344
300570,太辰光,0.589098532494759,0.8497652582159625
002300,太阳电缆,0.6652719665271967,0.7466307277628033
300123,太阳鸟,0.5142857142857142,0.5875354107648725
002781,奇信股份,0.7333333333333333,0.9187637969094923
002287,奇正藏药,0.8058252427184466,0.686351384464592
300082,奥克股份,0.5168906647293862,0.7522768670309654
002587,奥拓电子,0.5740740740740741,0.9672466734902764
002338,奥普光电,0.7505668934240363,0.7987730061349694
002239,奥特佳,0.8104906937394247,0.8560287942411517
002227,奥特迅,0.48333333333333334,0.777509068923821
002701,奥瑞金,0.3060532030401737,0.7676348547717843
002231,奥维通信,0.564185544768069,0.7427821522309711
300585,奥联电子,0.5635939323220536,0.8391224862888482
002292,奥飞娱乐,0.5491803278688525,0.7629908300023512
002668,奥马电器,0.52,0.6944444444444444
002729,好利来,0.46938775510204084,0.7257142857142858
002582,好想你,0.6205962059620597,0.7666567959727569
002605,姚记扑克,0.6513761467889908,0.7480314960629921
002308,威创股份,0.6880799428979301,0.7869364037447542
002058,威尔泰,0.6287215411558669,0.7566539923954373
002111,威海广泰,0.45191910854312833,0.7075718015665796
002083,孚日股份,0.6153846153846154,0.6521739130434783
002164,宁波东力,0.4527027027027027,0.7592920353982301
002048,宁波华翔,0.5566265060240964,0.5778364116094987
002142,宁波银行,0.4870881567230632,0.7374897456931911
002289,宇顺电子,0.49971703452178834,0.8126829268292682
300218,安利股份,0.16910229645093947,0.28225806451612906
002235,安妮股份,0.5466408893185113,0.8689048760991207
300155,安居宝,0.5254237288135594,0.6821515892420538
300370,安控科技,0.6724864539434076,0.7972105508870215
300380,安硕信息,0.38349514563106796,0.635036496350365
300286,安科瑞,0.5052160953800298,0.7538461538461538
300009,安科生物,0.6304555590952533,0.7825919753877708
002136,安纳达,0.3857493857493857,0.8241758241758241
300067,安诺其,0.572139303482587,0.8637975880822889
300572,安车检测,0.8082191780821918,0.8103810381038103
300144,宋城演艺,0.4239350912778905,0.773366502513073
002624,完美世界,0.5020297699594046,0.8587819947043248
002683,宏大爆破,0.7227722772277227,0.6647264260768335
002062,宏润建设,0.6244897959183674,0.9145038167938931
002211,宏达新材,0.6581196581196581,0.6666666666666666
002144,宏达高科,0.4784321449675005,0.7948717948717948
300328,宜安科技,0.5144508670520231,0.7948717948717948
002627,宜昌交运,0.4601226993865031,0.6936746350751005
300310,宜通世纪,0.5869691681210006,0.6826923076923077
300135,宝利国际,0.5260115606936416,0.6254180602006689
300023,宝德股份,0.6285153695225637,0.7852013737121448
300402,宝色股份,0.5795090715048025,0.6993619552287228
002476,宝莫股份,0.3583441138421733,0.7807407407407407
300246,宝莱特,0.548936170212766,0.8271308523409364
300031,宝通科技,0.6470588235294118,0.7097625329815304
600019,宝钢股份,0.48142857142857143,0.7359407800243067
002514,宝馨科技,0.4763552479815455,0.7428243398392652
002047,宝鹰股份,0.84,0.9611650485436893
002552,宝鼎科技,0.7818181818181819,0.7348066298342542
300612,宣亚国际,0.4426229508196721,0.6965742251223491
300576,容大感光,0.5804195804195804,0.8055555555555556
300432,富临精工,0.7217391304347827,0.65
002357,富临运业,0.646112600536193,0.7766143106457243
002327,富安娜,0.5308641975308642,0.5641646489104116
300299,富春股份,0.5256008359456635,0.8266666666666667
002818,富森美,0.8129496402877698,0.775
002743,富煌钢构,0.5876288659793815,0.7922812689432209
300228,富瑞特装,0.6190476190476191,0.63718820861678
300497,富祥股份,0.40591567023285086,0.7059795176742649
300387,富邦股份,0.7023809523809523,0.8449770525242223
300267,尔康制药,0.7956204379562044,0.789103690685413
002551,尚荣医疗,0.5404866374152373,0.7119515885022693
002427,尤夫股份,0.6167664670658682,0.8303979125896934
002490,山东墨龙,0.5384615384615384,0.7857142857142857
002193,山东如意,0.5081967213114754,0.7584541062801933
002026,山东威达,0.683698296836983,0.8579610538373424
002526,山东矿机,0.42954856361149113,0.561624649859944
002598,山东章鼓,0.3859568609453878,0.6704980842911877
002097,山河智能,0.5256410256410257,0.5212689257390051
300452,山河药辅,0.5808491418247516,0.6666666666666666
002500,山西证券,0.6428571428571429,0.6310502283105023
300492,山鼎设计,0.7788018433179723,0.9041095890410958
002717,岭南园林,0.6216216216216216,0.8947368421052632
002253,川大智胜,0.5471698113207547,0.4084507042253521
002272,川润股份,0.5472837022132797,0.7113624124932687
300547,川环科技,0.6774193548387096,0.749669457910974
300505,川金诺,0.5107553776888444,0.83399209486166
002342,巨力索具,0.6975425330812854,0.7235023041474654
002444,巨星科技,0.5849673202614379,0.8530424799081515
002031,巨轮智能,0.5825087775295243,0.7834983498349835
002619,巨龙管业,0.6203090507726269,0.5084745762711864
002188,巴士在线,0.4153846153846154,0.8285714285714286
300262,巴安水务,0.7064220183486238,0.8232044198895028
002485,希努尔,0.4364035087719298,0.7690041249263406
002798,帝王洁具,0.7938144329896907,0.7846153846153846
002247,帝龙文化,0.7969543147208121,0.889633425305479
002478,常宝股份,0.6521739130434783,0.7229437229437229
300255,常山药业,0.65625,0.8051948051948052
002160,常铝股份,0.6345514950166113,0.8326359832635983
300571,平治信息,0.55,0.6675324675324675
300528,幸福蓝海,0.7714285714285715,0.9110070257611241
002101,广东鸿图,0.6673596673596673,0.8271391529818496
300537,广信材料,0.5565312843029637,0.7840801139962001
002103,广博股份,0.6319018404907976,0.7322834645669292
002133,广宇集团,0.7366255144032922,0.8885245901639345
002482,广田集团,0.42857142857142855,0.7725181901814837
600831,广电网络,0.5757575757575758,0.8498659517426274
002152,广电运通,0.35472370766488415,0.6693800876643707
002187,广百股份,0.6258741258741258,0.7985611510791367
002410,广联达,0.504424778761062,0.7789203084832905
002367,康力电梯,0.5759249033683048,0.6607121731929493
002773,康弘药业,0.6043199248708718,0.6606060606060606
002119,康强电子,0.654320987654321,0.7660818713450293
002450,康得新,0.534072383436583,0.6699801192842942
300455,康拓红外,0.7407407407407407,0.8666666666666667
300445,康斯特,0.7297297297297297,0.8055555555555556
600076,康欣新材,0.4728682170542636,0.8707070707070707
300601,康泰生物,0.5,0.7948717948717948
002418,康盛股份,0.5683453237410072,0.8584070796460177
300061,康耐特,0.8260869565217391,0.924892703862661
300086,康芝药业,0.78125,0.7827352085354026
002669,康达新材,0.6363636363636364,0.7377049180327869
002178,延华智能,0.45454545454545453,0.7116721551408708
300107,建新股份,0.45454545454545453,0.7425287356321839
002398,建研集团,0.7719714964370546,0.8579234972677595
002789,建艺集团,0.5789473684210527,0.9195979899497487
300338,开元仪器,0.48162939297124596,0.7057471264367816
300234,开尔新材,0.492094861660079,0.7347752858789115
300577,开润股份,0.5651438240270727,0.7990147783251231
300633,开立医疗,0.7142857142857143,0.9050783103939251
300272,开能环保,0.4696282864913871,0.7021877205363444
002833,弘亚数控,0.3584905660377358,0.7762711864406779
002839,张家港行,0.6790123456790124,0.7350044762757386
300429,强力新材,0.8782608695652174,0.7897990726429676
300073,当升科技,0.5934104451454609,0.8307692307692308
002561,徐家汇,0.46835443037974683,0.7970822281167109
002330,得利斯,0.5786802030456852,0.7727717923604309
002055,得润电子,0.544,0.8272980501392758
002177,御银股份,0.5841584158415841,0.776536312849162
002801,微光股份,0.6744186046511628,0.868421052631579
002571,德力股份,0.17081706824606271,0.22275474057095224
002260,德奥通航,0.6040955631399317,0.8226784881007932
300325,德威新材,0.6853932584269663,0.8429906542056075
002631,德尔未来,0.553072625698324,0.7780580075662042
300473,德尔股份,0.7620396600566572,0.8752436647173489
002054,德美化工,0.6226415094339622,0.7113924050632912
002666,德联集团,0.7435897435897436,0.5228070175438596
002005,德豪润达,0.22354454808620133,0.5659025787965616
000049,德赛电池,0.78125,0.847255369928401
002411,必康股份,0.6896551724137931,0.7280550774526678
300413,快乐购,0.7627118644067796,0.8217652099400171
300078,思创医惠,0.7441860465116279,0.813953488372093
300608,思特奇,0.62877030162413,0.776
002712,思美传媒,0.760797342192691,0.8124362895005097
002183,怡亚通,0.4262873265929932,0.7026022304832714
300081,恒信移动,0.7168141592920354,0.7504332755632582
002492,恒基达鑫,0.5293040293040293,0.7804878048780488
002591,恒大高新,0.7468354430379747,0.746938775510204
002104,恒宝股份,0.1632780341773731,0.7008547008547008
002219,恒康医疗,0.4839521711768408,0.6897374701670644
002132,恒星科技,0.6497175141242938,0.8074866310160428
300513,恒泰实达,0.5477031802120141,0.7375745526838966
300157,恒泰艾普,0.7525773195876289,0.6808207466514676
300374,恒通科技,0.6097560975609756,0.8341307814992025
002237,恒邦股份,0.7625,0.7341040462427746
300605,恒锋信息,0.6348314606741573,0.8602150537634409
300488,恒锋工具,0.5728900255754475,0.6913767019667171
300208,恒顺众昇,0.4758179231863443,0.642895100435753
002262,恩华药业,0.6292682926829268,0.7615315431067713
002162,悦心健康,0.5036496350364964,0.832953682611997
300460,惠伦晶体,0.7241379310344828,0.5243553008595988
002554,惠博普,0.6923076923076923,0.8285714285714286
002343,慈文传媒,0.6126680337206653,0.8170075349838536
300307,慈星股份,0.4763552479815455,0.747534516765286
002628,成都路桥,0.7575757575757576,0.8058252427184466
002190,成飞集成,0.6258064516129033,0.822429906542056
300357,我武生物,0.44502617801047123,0.8057142857142857
300314,戴维医疗,0.5686274509803921,0.7958236658932715
002652,扬子新材,0.5660184237461616,0.7210460772104608
300373,扬杰科技,0.6643356643356644,0.9033457249070632
002154,报喜鸟,0.7064220183486238,0.8371161548731643
300229,拓尔思,0.803921568627451,0.8693035253654342
300607,拓斯达,0.56656346749226,0.779368867674357
002218,拓日新能,0.6811594202898551,0.7579938473012025
002261,拓维信息,0.5259975816203144,0.8626609442060086
002139,拓邦股份,0.4928571428571429,0.8244111349036403
001979,招商蛇口,0.5878524945770065,0.8394964594807238
300158,振东制药,0.4615849969751966,0.9152542372881356
300101,振芯科技,0.4253521126760563,0.7645574942190456
300182,捷成股份,0.627906976744186,0.884514435695538
002609,捷顺科技,0.8558558558558559,0.9238923620549062
300315,掌趣科技,0.4878765613519472,0.7083757205832485
300005,探路者,0.7721764420746485,0.8363606611029292
002451,摩恩电气,0.5327102803738318,0.7759336099585062
002656,摩登大道,0.8620689655172413,0.8280542986425339
300075,数字政通,0.5263157894736842,0.6417910447761194
300579,数字认证,0.7297297297297297,0.8
300079,数码视讯,0.5348032857760484,0.7547266223811957
300089,文化长城,0.7587719298245614,0.7796143250688705
002775,文科园林,0.41818181818181815,0.6700861715223636
300382,斯莱克,0.7587301587301587,0.8423645320197044
002388,新亚制程,0.660377358490566,0.7391304347826086
300472,新元科技,0.8285714285714286,0.8253968253968254
002147,新光圆成,0.5966029723991507,0.7664233576642335
300519,新光药业,0.5564598168870803,0.8158379373848987
002376,新北洋,0.4833759590792838,0.8135922330097087
002264,新华都,0.7043478260869566,0.7948717948717948
002001,新和成,0.6847187785462614,0.8637770897832817
300130,新国都,0.6553524804177546,0.876707530647986
300259,新天科技,0.6179502728926622,0.8102141680395387
300013,新宁物流,0.49700598802395207,0.7752200406228842
002836,新宏泽,0.7333333333333333,0.8918918918918919
300037,新宙邦,0.422680412371134,0.7330030278007156
002705,新宝股份,0.7166469893742621,0.9013563501849569
300248,新开普,0.4994487320837927,0.8864241348713399
300109,新开源,0.6747967479674797,0.6941176470588235
300336,新文化,0.14754098360655737,0.9298245614035088
002527,新时达,0.4597315436241611,0.7472040514876557
300502,新易盛,0.7235023041474655,0.8708010335917312
300542,新晨科技,0.6508728179551122,0.7966804979253111
002328,新朋股份,0.6943521594684384,0.8424657534246576
002089,新海宜,0.3408,0.7073170731707317
002532,新界泵业,0.559380378657487,0.7296051620832693
002700,新疆浩源,0.6869565217391305,0.7894736842105263
300159,新研股份,0.7398373983739838,0.768976897689769
002480,新筑股份,0.7198879551820728,0.8249158249158249
002341,新纶科技,0.6009899105273178,0.7765205091937766
300509,新美星,0.8199672667757775,0.7389145086910252
300260,新莱应材,0.6204379562043796,0.8376811594202899
002087,新野纺织,0.7307692307692307,0.9175257731958762
300593,新雷能,0.48079306071871125,0.7481636935991606
002196,方正电机,0.6774193548387096,0.8492462311557789
300235,方直科技,0.8367346938775511,0.8610891870560379
002593,日上集团,0.5905245346869712,0.7777777777777778
002520,日发精机,0.5249695493300853,0.8342749529190208
603218,日月股份,0.6984924623115578,0.7340153452685422
300470,日机密封,0.5941558441558442,0.5947190666257292
002313,日海通讯,0.46055979643765904,0.6813417190775681
600017,日照港,0.5763993948562784,0.7478831864523933
300214,日科化学,0.6595744680851063,0.6900858704137394
002516,旷达科技,0.6946564885496184,0.8309859154929577
300418,昆仑万维,0.5333333333333333,0.7186813186813187
002752,昇兴股份,0.4306049822064057,0.6626506024096386
300503,昊志机电,0.501187648456057,0.6527331189710611
300151,昌红科技,0.5686274509803921,0.8930041152263375
300242,明家联合,0.7235772357723578,0.7861635220125787
002574,明牌珠宝,0.38924731182795697,0.724941724941725
300125,易世达,0.649402390438247,0.639344262295082
300376,易事特,0.6571428571428571,0.8398306579643677
300212,易华录,0.5607985480943738,0.8118466898954704
002826,易明医药,0.6686390532544378,0.6906077348066298
300096,易联众,0.6016260162601627,0.8205319195548351
300464,星徽精密,0.7777777777777778,0.8596491228070176
300256,星星科技,0.5532879818594104,0.8525073746312685
002291,星期六,0.5172413793103449,0.8501742160278746
300143,星河生物,0.7446808510638298,0.7246653919694073
300568,星源材质,0.3508771929824561,0.8213592233009709
002829,星网宇达,0.807909604519774,0.8218780251694094
002396,星网锐捷,0.7276264591439688,0.7161290322580646
300043,星辉娱乐,0.7798774925061904,0.8654228475302034
002547,春兴精工,0.5833333333333334,0.7831669044222539
300139,晓程科技,0.5634743875278396,0.8176060797973401
300138,晨光生物,0.5692307692307692,0.6792698826597132
300610,晨化股份,0.463302752293578,0.8604898828541001
300581,晨曦航空,0.5689381933438985,0.7773913043478261
300442,普丽盛,0.5384615384615384,0.6977928692699491
002324,普利特,0.5927419354838709,0.8689717925386715
002769,普路通,0.45528455284552843,0.7408312958435208
002663,普邦园林,0.7183098591549296,0.8264910921766073
002067,景兴纸业,0.49034749034749037,0.6436424292971415
300474,景嘉微,0.6271186440677966,0.7671232876712328
300316,晶盛机电,0.801980198019802,0.8695106649937264
300097,智云股份,0.7614678899082569,0.84
002169,智光电气,0.6791979949874687,0.7441037735849056
300173,智慧松德,0.453416149068323,0.5702265372168285
300122,智飞生物,0.7611940298507462,0.877444589308996
300431,暴风集团,0.21027908261950815,0.679419525065963
002612,朗姿股份,0.1992619926199262,0.7553191489361702
300175,朗源股份,0.5906432748538012,0.7797356828193832
300288,朗玛信息,0.6037735849056604,0.7475083056478405
300543,朗科智能,0.5810410495133306,0.7556132579807545
300042,朗科科技,0.5297906602254427,0.7729796421961752
002745,木林森,0.7735849056603774,0.7253868949621337
002581,未名医药,0.5458937198067633,0.8070997990622907
300024,机器人,0.7083333333333334,0.7732300884955752
300478,杭州高新,0.6392405063291139,0.8040665434380776
002430,杭氧股份,0.6261682242990654,0.7542857142857143
002534,杭锅股份,0.4048923940649645,0.5310250257113472
002353,杰瑞股份,0.7586206896551724,0.6444444444444445
002544,杰赛科技,0.6517150395778364,0.7925807738332669
002454,松芝股份,0.5529564652371669,0.7577837705319932
002535,林州重机,0.46782841823056304,0.7625570776255708
002776,柏堡龙,0.8130841121495327,0.8366921835129928
002346,柘中股份,0.8762886597938144,0.8444444444444444
002082,栋梁新材,0.6595744680851063,0.5877106045589693
002340,格林美,0.5547561950439649,0.6459828116376252
002820,桂发祥,0.5675675675675675,0.8183881952326901
002275,桂林三金,0.5454545454545454,0.7719298245614035
300275,梅安森,0.6904761904761905,0.8253012048192772
300038,梅泰诺,0.5527156549520766,0.773524720893142
002397,梦洁股份,0.6645962732919255,0.708649468892261
002123,梦网荣信,0.4822175732217573,0.6918001885014139
002634,棒杰股份,0.5815899581589958,0.7094492167761496
002431,棕榈股份,0.7541899441340782,0.8284823284823285
002358,森源电气,0.7154811715481172,0.8048613488531325
300210,森远股份,0.5343283582089552,0.7821482602118003
002563,森马服饰,0.5125,0.7486338797814208
300358,楚天科技,0.4782608695652174,0.7623762376237624
002171,楚江新材,0.6578947368421053,0.7933693138010794
002474,榕基软件,0.6676923076923077,0.8509316770186336
002056,横店东磁,0.538660795233778,0.8271098832546119
300539,横河模具,0.8285714285714286,0.8941954445260838
300615,欣天科技,0.5560495395363608,0.7988571428571428
300207,欣旺达,0.4461538461538462,0.8390804597701149
300372,欣泰电气,0.5342465753424658,0.38566552901023887
300595,欧普康视,0.6161616161616161,0.494949494949495
300053,欧比特,0.7751479289940828,0.8311840562719812
002711,欧浦智网,0.5857988165680473,0.8010945741809267
002456,欧菲光,0.5337620578778135,0.7161166292854855
002241,歌尔股份,0.6468699839486356,0.7288588362968528
300410,正业科技,0.6581196581196581,0.8239034730148378
300224,正海磁材,0.5535714285714285,0.7206085753803596
002157,正邦科技,0.7377049180327869,0.8045602605863192
002569,步森股份,0.6935483870967742,0.8345864661654135
002251,步步高,0.5950920245398773,0.6878850102669405
002194,武汉凡谷,0.5342553875844324,0.7336108220603538
002420,毅昌股份,0.6205962059620597,0.8742138364779874
002594,比亚迪,0.44785598068545635,0.7967332123411979
002832,比音勒芬,0.7570093457943925,0.8410596026490066
002234,民和股份,0.5092592592592593,0.4497816593886463
002647,民盛金科,0.7278911564625851,0.8682710576314123
002273,水晶光电,0.6976744186046512,0.7880184331797235
002753,永东股份,0.8333333333333334,0.7598499061913696
002756,永兴特钢,0.667458432304038,0.7793427230046949
300230,永利股份,0.49411764705882355,0.7946971539771345
002795,永和智控,0.58,0.737062937062937
002326,永太科技,0.7177914110429447,0.8418027132674178
002365,永安药业,0.6351791530944625,0.7128205128205128
300187,永清环保,0.6055469953775039,0.7168566286742651
300351,永贵电器,0.5569620253164557,0.7473684210526316
002641,永高股份,0.6049382716049383,0.7959183673469388
300371,汇中股份,0.6305732484076433,0.7325905292479109
300282,汇冠股份,0.5434007134363853,0.8149182289589151
300124,汇川技术,0.6223929747530187,0.641395908543923
002763,汇洁股份,0.6890595009596928,0.8773006134969326
300609,汇纳科技,0.6888045540796963,0.8383838383838383
300368,汇金股份,0.5675675675675675,0.8138907619689818
300007,汉威电子,0.4188836724047992,0.7755741127348643
300170,汉得信息,0.5014164305949008,0.8629466470876163
002412,汉森制药,0.5094339622641509,0.8270893371757925
002498,汉缆股份,0.5380281690140845,0.7261904761904762
300449,汉邦高科,0.3264503441494592,0.7440147329650092
002158,汉钟精机,0.6351791530944625,0.6879131255901794
300300,汉鼎宇佑,0.5748792270531401,0.78580449608487
002226,江南化工,0.5905511811023622,0.4907292954264524
002601,江山化工,0.6046511627906976,0.7749140893470791
002484,江海股份,0.5577439570277529,0.8511281693417073
002600,江粉磁材,0.7956204379562044,0.7575757575757576
002091,江苏国泰,0.696969696969697,0.7522123893805309
002438,江苏神通,0.47688838782412624,0.7611438183347351
002807,江阴银行,0.48111658456486045,0.7388382141142583
300589,江龙船艇,0.5849056603773585,0.8309859154929577
002130,沃尔核材,0.7333333333333333,0.78125
300483,沃施股份,0.7956204379562044,0.8823529411764706
300142,沃森生物,0.4273127753303965,0.8307820762593933
002075,沙钢股份,0.5272727272727272,0.7906712172923777
002108,沧州明珠,0.5417017691659646,0.7777777777777778
002463,沪电股份,0.5602836879432623,0.5699537201851193
002254,泰和新材,0.6587926509186351,0.8162393162393162
002843,泰嘉股份,0.6778523489932886,0.7478108581436077
002347,泰尔股份,0.32,0.7255813953488373
300347,泰格医药,0.6707021791767555,0.522077922077922
300129,泰胜风能,0.6495726495726496,0.8369426751592357
002304,洋河股份,0.7565217391304347,0.6782862213208265
300334,津膜科技,0.6481559983043662,0.8248175182481752
002802,洪汇新材,0.6390977443609023,0.8711409395973154
002325,洪涛股份,0.7669902912621359,0.8446601941747572
300232,洲明科技,0.611764705882353,0.7218434687755658
002557,洽洽食品,0.7791411042944786,0.9091482649842272
002098,浔兴股份,0.5074626865671642,0.725180802103879
002266,浙富控股,0.7666666666666667,0.840531561461794
002522,浙江众成,0.7142857142857143,0.76905311778291
002489,浙江永强,0.5053763440860215,0.6690307328605201
002677,浙江美大,0.6140667267808837,0.7865429234338747
300448,浩云科技,0.7770034843205574,0.8059299191374663
002203,海亮股份,0.7536945812807881,0.7421777221526908
300201,海伦哲,0.6721311475409836,0.7226435536294691
300329,海伦钢琴,0.7878787878787878,0.8215962441314554
300065,海兰信,0.5886075949367089,0.8057616761239633
603639,海利尔,0.6516516516516516,0.7714285714285715
002206,海利得,0.5309446254071661,0.6521739130434783
002596,海南瑞泽,0.8095238095238095,0.8275290215588723
002311,海大集团,0.5507246376811594,0.7997138769670958
002344,海宁皮城,0.5026711996114619,0.6860809476801579
002320,海峡股份,0.7303370786516854,0.8231292517006803
002184,海得控制,0.5304878048780488,0.6500711237553343
002653,海思科,0.4035981270023823,0.5378941698089752
002399,海普瑞,0.5272252069115725,0.7470065662417923
002465,海格通信,0.5962099125364432,0.7723849372384938
002702,海欣食品,0.3548387096774194,0.7621534752912816
300517,海波重科,0.5724381625441696,0.6330645161290323
002724,海洋王,0.472636815920398,0.6316526610644257
002529,海源机械,0.5249803818990322,0.7399527186761229
002023,海特高新,0.561029142787465,0.6939890710382514
002537,海立美达,0.654296875,0.7518367346938776
