2017/04/06,ST獐岛,ST獐岛2016年度业绩说明会,002069
2017/04/13,七匹狼,七匹狼2016年年度业绩网上说明会,002029
2017/04/14,万丰奥威,万丰奥威2016年度业绩说明会,002085
2017/04/26,万和电气,万和电气2016年度业绩网上说明会,002543
2017/03/14,万孚生物,万孚生物2016年度业绩说明会,300482
2017/05/05,万安科技,万安科技2016年度业绩说明会,002590
2017/04/24,万润科技,万润科技2016年度业绩网上说明会,002654
2017/03/06,万润股份,万润股份2016年度业绩说明会,002643
2017/04/28,万福生科,万福生科2016年度业绩网上说明会,300268
2017/03/28,万科A,万科A2016年度业绩投资者交流会,000002
2017/05/04,万达信息,万达信息2016年度业绩网上说明会,300168
2017/04/12,万达院线,万达院线2016年度网上业绩说明会,002739
2017/04/27,万邦达,万邦达2016年度业绩网上说明会,300055
2017/04/18,万里扬,万里扬2016年度业绩网上说明会,002434
2017/05/02,万里石,万里石2016年度业绩说明会,002785
2017/04/27,万里马,万里马2016年度业绩网上说明会,300591
2017/04/07,万集科技,万集科技2016年度业绩说明会,300552
2017/04/17,万顺股份,万顺股份2016年度业绩说明会,300057
2017/05/04,万马股份,万马股份2016年度业绩说明会,002276
2017/03/17,三七互娱,三七互娱2016年度业绩说明会,002555
2017/03/28,三丰智能,三丰智能2016年度业绩说明会,300276
2017/04/10,三五互联,三五互联2016年度业绩网上说明会,300051
2017/04/10,三元达,三元达2016年度业绩说明会,002417
2017/05/04,三全食品,三全食品2016年度业绩说明会,002216
2017/04/21,三六五网,三六五网2016年度业绩网上说明会,300295
2017/03/31,三力士,三力士2016年度业绩说明会,002224
2017/05/05,三变科技,三变科技2016年度业绩网上说明会,002112
2017/05/10,三垒股份,三垒股份2016年度业绩说明会,002621
2017/03/15,三夫户外,三夫户外2016年度业绩说明会,002780
2017/03/22,三川智慧,三川智慧2016年度业绩说明会,300066
2017/04/05,三德科技,三德科技2016年度业绩说明会,300515
2017/04/26,三晖电气,三晖电气2016年度业绩网上说明会,002857
2017/05/05,三泰控股,三泰控股2016年度业绩网上说明会,002312
2017/03/23,三特索道,三特索道2016年度业绩说明会,002159
2017/05/03,三环集团,三环集团2016年度业绩网上说明会,300408
2017/05/10,三维丝,三维丝2016年度业绩网上说明会,300056
2017/03/08,三维工程,三维工程2016年度业绩说明会,002469
2017/04/14,三维通信,三维通信2016年度业绩说明会,002115
2017/05/05,三联虹普,三联虹普2016年度业绩网上说明会,300384
2017/03/27,三聚环保,三聚环保2016年度业绩说明会,300072
2017/03/30,三花智控,三花智控2016年度业绩说明会,002050
2017/04/07,三诺生物,三诺生物2016年度业绩说明会,300298
2017/05/09,三钢闽光,三钢闽光2016年度业绩说明会,002110
2017/05/08,上海新阳,上海新阳2016年年度业绩说明会,300236
2017/04/17,上海莱士,上海莱士2016年度业绩说明会,002252
2017/04/12,上海钢联,上海钢联2016年度业绩说明会,300226
2017/04/26,世名科技,世名科技2016年度业绩说明会,300522
2017/04/14,世嘉科技,世嘉科技2016年年度业绩说明会,002796
2017/05/09,世纪游轮,世纪游轮2016年度业绩网上说明会,002558
2017/04/20,世纪瑞尔,世纪瑞尔2016年度业绩说明会,300150
2017/03/17,世纪鼎利,世纪鼎利2016年度业绩说明会,300050
2017/03/30,世联行,世联行2016年度业绩说明会,002285
2017/05/10,世荣兆业,世荣兆业2016年度业绩说明会,002016
2017/05/02,世龙实业,世龙实业2016年度业绩网上说明会,002748
2017/04/28,东信和平,东信和平2016年度业绩网上说明会,002017
2017/05/09,东华测试,东华测试2016年度业绩网上说明会,300354
2017/04/13,东华科技,东华科技2016年度业绩网上说明会,002140
2017/05/09,东华能源,东华能源2016年年度报告网上说明会,002221
2017/05/05,东华软件,东华软件2016年度业绩网上说明会,002065
2017/04/05,东土科技,东土科技2016年度业绩说明会,300353
2017/04/28,东宝生物,东宝生物2016年度业绩说明会,300239
2017/05/05,东富龙,东富龙2016年度业绩说明会,300171
2017/04/28,东山精密,东山精密2016年度业绩网上说明会,002384
2017/04/17,东方中科,东方中科2016年度业绩说明会,002819
2017/04/26,东方园林,东方园林2016年度业绩说明会,002310
2017/05/05,东方国信,东方国信2016年度业绩网上说明会,300166
2017/04/26,东方新星,东方新星2016年度业绩说明会,002755
2017/05/05,东方日升,东方日升2016年度业绩网上说明会,300118
2017/03/15,东方海洋,东方海洋2016年度业绩说明会,002086
2017/04/14,东方电热,东方电热2016年度业绩网上说明会,300217
2017/05/12,东方精工,东方精工2016年度业绩网上说明会,002611
2017/04/26,东方网力,东方网力2016年度网上业绩说明会,300367
2017/04/28,东方网络,东方网络2016年度业绩网上说明会,002175
2017/03/17,东方财富,东方财富2016年年度报告网上说明会,300059
2017/04/10,东方通,东方通2016年度业绩说明会,300379
2017/05/12,东方铁塔,东方铁塔2016年度业绩网上说明会,002545
2017/05/09,东方锆业,东方锆业2016年度业绩网上说明会,002167
2017/05/04,东方雨虹,东方雨虹2016年度业绩网上说明会,002271
2017/03/16,东易日盛,东易日盛2016年度报告说明会,002713
2017/03/02,东晶电子,东晶电子2016年度业绩说明会,002199
2017/05/05,东杰智能,东杰智能2016年度业绩说明会,300486
2017/04/06,东江环保,东江环保2016年度业绩说明会,002672
2017/04/28,东港股份,东港股份2016年度业绩网上说明会,002117
2017/03/24,东诚药业,东诚药业2016年度业绩说明会,002675
2017/04/28,东软载波,东软载波2016年度业绩网上说明会,300183
2017/03/30,东音股份,东音股份2016年度业绩说明会（下午场）,002793
2017/03/30,东音股份,东音股份2016年度业绩说明会（上午场）,002793
2017/04/19,中亚股份,中亚股份2016年度业绩网上说明会,300512
2017/04/25,中京电子,中京电子2016年度业绩说明会,002579
2017/03/30,中元股份,中元股份2016年度业绩说明会,300018
2017/04/24,中光防雷,中光防雷2016年度业绩说明会,300414
2017/05/05,中利集团,中利集团2016年度业绩说明会,002309
2017/05/05,中化岩土,中化岩土2016年度业绩说明会,002542
2017/05/02,中南文化,中南文化2016年度业绩说明会,002445
2017/05/10,中国核电,中国核电2016年度业绩网上说明会,601985
2017/04/21,中国海诚,中国海诚2016年度业绩网上说明会,002116
2017/05/09,中坚科技,中坚科技2016年度业绩说明会,002779
2017/05/10,中威电子,中威电子2016年度业绩网上说明会,300270
2017/04/28,中富通,中富通2016年年度业绩网上说明会,300560
2017/04/11,中工国际,中工国际2016年度业绩说明会,002051
2017/05/05,中恒电气,中恒电气2016年度业绩网上说明会,002364
2017/05/11,中捷资源,中捷资源2016年度业绩网上说明会,002021
2017/04/17,中文在线,中文在线2016年度业绩网上说明会,300364
2017/03/29,中旗股份,中旗股份2016年度业绩说明会,300575
2017/03/23,中材科技,中材科技2016年度业绩说明会,002080
2017/04/24,中来股份,中来股份2016年度业绩网上说明会,300393
2017/03/27,中核钛白,中核钛白2016年业绩说明会,002145
2017/03/31,中泰化学,中泰化学2016年度业绩说明会,002092
2017/03/31,中泰桥梁,中泰桥梁2016年度业绩说明会,002659
2017/04/21,中泰股份,中泰股份2016年度业绩网上说明会,300435
2017/03/27,中海科技,中海科技2016年度业绩说明会,002401
2017/04/14,中海达,中海达2016年度业绩网上说明会,300177
2017/05/10,中潜股份,中潜股份2016年度业绩说明会,300526
2017/04/18,中环股份,中环股份2016年度业绩网上说明会,002129
2017/04/25,中环装备,中环装备2016年度业绩网上说明会,300140
2017/05/05,中电鑫龙,中电鑫龙2016年度业绩说明会,002298
2017/05/09,中矿资源,中矿资源2016年度业绩说明会,002738
2017/05/05,中科云网,中科云网2016年度业绩网上说明会,002306
2017/05/05,中科新材,中科新材2016年度业绩网上说明会,002290
2017/04/14,中科电气,中科电气2016年度业绩说明会,300035
2017/04/27,中科金财,中科金财2016年度业绩网上说明会,002657
2017/04/10,中能电气,中能电气2016年度业绩网上说明会,300062
2017/04/17,中航三鑫,中航三鑫2016年度业绩网上说明会,002163
2017/03/29,中航光电,中航光电2016年度业绩说明会,002179
2017/03/24,中航电测,中航电测2016年度业绩说明会,300114
2017/05/05,中装建设,中装建设2016年度业绩网上说明会,002822
2017/04/07,中超控股,中超控股2016年度业绩说明会,002471
2017/04/14,中金环境,中金环境2016年度业绩网上说明会,300145
2017/05/08,中钢天源,中钢天源2016年年度业绩说明会,002057
2017/05/05,中际装备,中际装备2016年度业绩网上说明会,300308
2017/04/27,中顺洁柔,中顺洁柔2016年度业绩说明会,002511
2017/03/31,中颖电子,中颖电子2016年度业绩说明会,300327
2017/05/05,中飞股份,中飞股份2016年度业绩网上说明会,300489
2017/03/21,丰东股份,丰东股份2016年度业绩说明会,002530
2017/04/28,丰元股份,丰元股份2016年度业绩网上说明会,002805
2017/05/05,丹邦科技,丹邦科技2016年度业绩网上说明会,002618
2017/04/19,丽鹏股份,丽鹏股份2016年度业绩说明会,002374
2017/04/07,久之洋,久之洋2016年度业绩说明会,300516
2017/04/06,久其软件,久其软件2016年度业绩说明会,002279
2017/05/09,久吾高科,久吾高科2016年度网上业绩说明会,300631
2017/04/12,久联发展,久联发展2016年度业绩网上说明会,002037
2017/04/12,久远银海,久远银海2016年度业绩说明会,002777
2017/03/03,乐凯新材,乐凯新材2016年度业绩说明会,300446
2017/03/13,乐心医疗,乐心医疗2016年度业绩说明会,300562
2017/04/07,乐普医疗,乐普医疗2016年度业绩说明会,300003
2017/04/28,乐视网,乐视网2016年度业绩说明会,300104
2017/04/07,乐通股份,乐通股份2016年度业绩说明会,002319
2017/04/20,乐金健康,乐金健康2016年度业绩网上说明会,300247
2017/04/24,乔治白,乔治白2016年度业绩网上说明会,002687
2017/05/04,九洲电气,九洲电气2016年度业绩网上说明会,300040
2017/04/24,九阳股份,九阳股份2016年度业绩说明会,002242
2017/05/09,九鼎新材,九鼎新材2016年度业绩网上说明会,002201
2017/03/14,二三四五,二三四五2016年度业绩说明会,002195
2017/05/05,二六三,二六三2016年度业绩网上说明会,002467
2017/04/21,云南旅游,云南旅游2016年度业绩网上说明会,002059
2017/04/07,云南能投,云南能投2016年度业绩说明会,002053
2017/04/13,云南锗业,云南锗业2016年度业绩说明会,002428
2017/05/12,云图控股,云图控股2016年度网上业绩说明会,002539
2017/05/09,云投生态,云投生态2016年度业绩网上说明会,002200
2017/04/05,云海金属,云海金属2016年度业绩说明会,002182
2017/03/14,五洋科技,五洋科技2016年度业绩说明会,300420
2017/05/05,亚厦股份,亚厦股份2016年度业绩网上说明会,002375
2017/05/05,亚夏汽车,亚夏汽车2016年度业绩说明会,002607
2017/04/26,亚太科技,亚太科技2016年度业绩网上说明会,002540
2017/04/12,亚太股份,亚太股份2016年度业绩网上说明会,002284
2017/05/04,亚太药业,亚太药业2016年度业绩网上说明会,002370
2017/03/31,亚威股份,亚威股份2016年度业绩说明会,002559
2017/04/24,亚泰国际,亚泰国际2016年度业绩网上说明会,002811
2017/05/02,亚玛顿,亚玛顿2016年度业绩网上说明会,002623
2017/04/07,京天利,京天利2016年度业绩说明会,300399
2017/03/13,京威股份,京威股份2016年度业绩说明会,002662
2017/04/24,京新药业,京新药业2016年度业绩网上说明会,002020
2017/03/24,亿利达,亿利达2016年度业绩说明会,002686
2017/04/07,亿帆医药,亿帆医药2016年度业绩说明会,002019
2017/03/07,亿纬锂能,亿纬锂能2016年度业绩说明会,300014
2017/04/28,亿通科技,亿通科技2016年度业绩网上说明会,300211
2017/04/07,仁智股份,仁智股份2016年度业绩说明会,002629
2017/04/11,今天国际,今天国际2016年度业绩网上说明会,300532
2017/05/09,仙坛股份,仙坛股份2016年度业绩说明会,002746
2017/04/07,仙琚制药,仙琚制药2016年度网上业绩说明会,002332
2017/04/18,仟源医药,仟源医药2016年度业绩说明会,300254
2017/03/31,以岭药业,以岭药业2016年度业绩说明会,002603
2017/05/10,任子行,任子行2016年度业绩说明会,300311
2017/05/04,伊之密,伊之密2016年度业绩说明会,300415
2017/04/24,众业达,众业达2016年度业绩网上说明会,002441
2017/05/03,众信旅游,众信旅游2016年度业绩网上说明会,002707
2017/05/15,众和股份,众和股份2016年度业绩网上说明会,
2017/04/27,众生药业,众生药业2016年度业绩说明会,002317
2017/04/21,优博讯,优博讯2016年度网上业绩说明会,300531
2017/05/08,优德精密,优德精密2016年度业绩网上说明会,300549
2017/04/26,会畅通讯,会畅通讯2016年度业绩网上说明会,300578
2017/03/14,伟星新材,伟星新材2016年度业绩说明会,002372
2017/04/25,伟星股份,伟星股份2016年度业绩说明会,002003
2017/04/28,传化智联,传化智联2016年度业绩网上说明会,002010
2017/03/29,佐力药业,佐力药业2016年度业绩说明会,300181
2017/03/30,佛慈制药,佛慈制药2016年度业绩说明会,002644
2017/02/27,佳创视讯,佳创视讯2016年度业绩说明会,300264
2017/03/24,佳发安泰,佳发安泰2016年度业绩说明会,300559
2017/03/31,佳士科技,佳士科技2016年度业绩说明会,300193
2017/03/21,佳讯飞鸿,佳讯飞鸿2016年度业绩说明会,300213
2017/03/17,佳隆股份,佳隆股份2016年度业绩说明会,002495
2017/05/08,依米康,依米康2016年度业绩网上说明会,300249
2017/05/05,保龄宝,保龄宝2016年度业绩网上说明会,002286
2017/04/10,信息发展,信息发展2016年度业绩说明会,300469
2017/03/24,信立泰,信立泰2016年度业绩说明会,002294
2017/05/05,信维通信,信维通信2016年度业绩说明会,300136
2017/04/14,信质电机,信质电机2016年度业绩网上说明会,002664
2017/04/17,信邦制药,信邦制药2016年度业绩说明会,002390
2017/05/04,信隆健康,信隆健康2016年度业绩网上说明会,002105
2017/04/28,健帆生物,健帆生物2016年年度业绩说明会,300529
2017/04/05,元力股份,元力股份2016年度业绩说明会,300174
2017/03/21,兄弟科技,兄弟科技2016年度网上业绩说明会,002562
2017/04/21,兆新股份,兆新股份2016年度业绩网上说明会,002256
2017/04/25,兆日科技,兆日科技2016年度业绩网上说明会,300333
2017/04/27,兆驰股份,兆驰股份2016年度业绩网上说明会,002429
2017/03/13,先导智能,先导智能2016年度业绩说明会,300450
2017/05/02,先河环保,先河环保2016年度及2017年第一季度业绩网上说明会,300137
2017/04/12,先进数通,先进数通2016年度业绩说明会,300541
2017/04/11,先锋新材,先锋新材2016年度业绩说明会,300163
2017/04/28,先锋电子,先锋电子2016年度业绩说明会,002767
2017/04/19,光一科技,光一科技2016年度业绩网上说明会,300356
2017/04/26,光华科技,光华科技2016年年度网上业绩说明会,002741
2017/04/17,光正集团,光正集团2016年度网上业绩说明会,002524
2017/04/28,光洋股份,光洋股份2016年度业绩网上说明会,002708
2017/03/28,光环新网,光环新网2016年度业绩说明会,300383
2017/04/28,光线传媒,光线传媒2016年度业绩网上说明会,300251
2017/03/14,光迅科技,光迅科技2016年度业绩说明会,002281
2017/03/30,光韵达,光韵达2016年度业绩说明会,300227
2017/05/04,克明面业,克明面业2016年度业绩网上说明会,002661
2017/04/07,兔宝宝,兔宝宝2016年度业绩说明会,002043
2017/04/18,全志科技,全志科技2016年度业绩说明会,300458
2017/04/07,全聚德,全聚德2016年度业绩说明会,002186
2017/04/27,全通教育,全通教育2016年度业绩网上说明会,300359
2017/04/18,八菱科技,八菱科技2016年度业绩网上说明会,002592
2017/03/10,共达电声,共达电声2016年度业绩说明会,002655
2017/04/06,兴森科技,兴森科技2016年度业绩网上说明会,002436
2017/03/16,兴民智通,兴民智通2016年度业绩说明会,002355
2017/05/08,兴源环境,兴源环境2016年度业绩网上说明会,300266
2017/04/17,兴齐眼药,兴齐眼药2016年度业绩说明会,300573
2017/03/31,冀凯股份,冀凯股份2016年度业绩说明会,002691
2017/05/05,农尚环境,农尚环境2016年度业绩说明会,300536
2017/03/03,冠昊生物,冠昊生物2016年度业绩说明会,300238
2017/04/28,冠福股份,冠福股份2016年度业绩网上说明会,002102
2017/04/28,冰川网络,冰川网络2016年度业绩网上说明会,300533
2017/05/05,准油股份,准油股份2016年度业绩网上说明会,002207
2017/03/01,凤形股份,凤形股份2016年度业绩说明会,002760
2017/04/11,凯中精密,凯中精密2016年度业绩网上说明会,002823
2017/05/09,凯利泰,凯利泰2016年度业绩说明会,300326
2017/04/28,凯发电气,凯发电气2016年度业绩网上说明会,300407
2017/04/10,凯恩股份,凯恩股份2016年度业绩说明会,002012
2017/05/04,凯撒文化,凯撒文化2016年度业绩网上说明会,002425
2017/05/11,凯瑞德,凯瑞德2016年度业绩网上说明会,002072
2017/05/08,凯美特气,凯美特气2016年度网上业绩说明会,002549
2017/04/14,凯莱英,凯莱英2016年度业绩说明会,002821
2017/04/14,凯龙股份,凯龙股份2016年度业绩说明会,002783
2017/05/05,分众传媒,分众传媒2016年度业绩网上说明会,002027
2017/04/10,创业软件,创业软件2016年度业绩网上说明会,300451
2017/04/20,创意信息,创意信息2016年度业绩网上说明会,300366
2017/04/10,创新医疗,创新医疗2016年度业绩说明会,002173
2017/04/24,初灵信息,初灵信息2016年度业绩网上说明会,300250
2017/04/05,利亚德,利亚德2016年度业绩说明会,300296
2017/05/03,利君股份,利君股份2016年度业绩网上说明会,002651
2017/05/03,利安隆,利安隆2016年度业绩说明会,300596
2017/03/09,利尔化学,利尔化学2016年度业绩说明会,002258
2017/05/02,利德曼,利德曼2016年度业绩说明会,300289
2017/04/11,利欧股份,利欧股份2016年度业绩说明会,002131
2017/04/10,利民股份,利民股份2016年度业绩说明会,002734
2017/04/28,利源精制,利源精制2016年度业绩网上说明会,002501
2017/05/11,利群股份,利群股份2016年度业绩说明会,601366
2017/04/06,利达光电,利达光电2016年度业绩说明会,002189
2017/05/05,力星股份,力星股份2016年度业绩网上说明会,300421
2017/03/03,力源信息,力源信息2016年度业绩说明会,300184
2017/03/31,力生制药,力生制药2016年业绩说明会,002393
2017/05/04,加加食品,加加食品2016年度业绩网上说明会,002650
2017/04/21,劲嘉股份,劲嘉股份2016年度业绩说明会,002191
2017/04/17,劲拓股份,劲拓股份2016年度业绩网上说明会,300400
2017/04/24,勤上股份,勤上股份2016年度业绩说明会,002638
2017/05/02,北京利尔,北京利尔2016年度业绩说明会,002392
2017/04/05,北京君正,北京君正2016年度业绩说明会,300223
2017/04/27,北京科锐,北京科锐2016年度业绩说明会,002350
2017/04/27,北信源,北信源2016年度业绩说明会,300352
2017/04/12,北化股份,北化股份2016年度业绩说明会,002246
2017/05/10,北斗星通,北斗星通2016年度业绩网上说明会,002151
2017/04/17,北新路桥,北新路桥2016年度业绩网上说明会,002307
2017/03/28,北方华创,北方华创2016年度业绩说明会,002371
2017/04/06,北玻股份,北玻股份2016年度业绩说明会,002613
2017/04/10,北纬通信,北纬通信2016年度业绩说明会,002148
2017/04/27,千山药机,千山药机2016年度网上业绩说明会,300216
2017/05/10,千方科技,千方科技2016年度业绩网上说明会,002373
2017/05/05,千红制药,千红制药2016年度业绩说明会,002550
2017/04/24,升达林业,升达林业2016年度业绩网上说明会,002259
2017/05/04,华东数控,华东数控2016年度业绩网上说明会,002248
2017/03/30,华东重机,华东重机2016年度业绩说明会,002685
2017/04/25,华中数控,华中数控2016年度业绩说明会,300161
2017/03/29,华仁药业,华仁药业2016年度业绩说明会,300110
2017/03/24,华信国际,华信国际2016年度业绩说明会,002018
2017/04/12,华兰生物,华兰生物2016年度业绩说明会,002007
2017/04/20,华凯创意,华凯创意2016年度业绩网上说明会,300592
2017/03/31,华力创通,华力创通2016年度业绩说明会,300045
2017/04/21,华发股份,华发股份2016年度业绩说明会,600325
2017/03/31,华天科技,华天科技2016年度业绩说明会,002185
2017/04/24,华媒控股,华媒控股2016年度业绩说明会,000607
2017/03/28,华孚色纺,华孚色纺2016年度业绩说明会,002042
2017/03/29,华宇软件,华宇软件2016年度业绩说明会,300271
2017/03/28,华宏科技,华宏科技2016年度业绩说明会,002645
2017/05/05,华峰氨纶,华峰氨纶2016年年度报告说明会,002064
2017/05/03,华峰超纤,华峰超纤2016年度业绩说明会,300180
2017/05/04,华帝股份,华帝股份2016年度业绩网上说明会,002035
2017/05/03,华录百纳,华录百纳2016年度业绩网上说明会,300291
2017/04/07,华斯股份,华斯股份2016年度业绩说明会,002494
2017/04/26,华昌化工,华昌化工2016年度业绩网上说明会,002274
2017/03/30,华昌达,华昌达2016年度业绩说明会,300278
2017/05/05,华明装备,华明装备2016年度业绩网上说明会,002270
2017/04/25,华星创业,华星创业2016年度业绩说明会,300025
2017/05/11,华测检测,华测检测2016年度业绩网上说明会,300012
2017/04/24,华源控股,华源控股2016年度业绩说明会,002787
2017/03/09,华灿光电,华灿光电2016年度业绩说明会,300323
2017/04/28,华策影视,华策影视2016年度业绩网上说明会,300133
2017/04/26,华统股份,华统股份2016年度业绩网上说明会,002840
2017/04/20,华自科技,华自科技2016年度业绩网上说明会,300490
2017/05/08,华舟应急,华舟应急2016年度业绩说明会,300527
2017/04/11,华英农业,华英农业2016年度业绩网上说明会,002321
2017/04/18,华虹计通,华虹计通2016年度业绩网上说明会,300330
2017/04/07,华西能源,华西能源2016年度业绩说明会,002630
2017/03/30,华谊兄弟,华谊兄弟2016年度报告网上说明会,300027
2017/04/24,华谊嘉信,华谊嘉信2016年度业绩说明会,300071
2017/03/31,华通医药,华通医药2016年度业绩说明会,002758
2017/04/18,华邦健康,华邦健康2016年度业绩网上说明会,002004
2017/04/28,华铭智能,华铭智能2016年度业绩说明会,300462
2017/04/20,华锋股份,华锋股份2016年度业绩说明会,002806
2017/04/10,华鹏飞,华鹏飞2016年度业绩说明会,300350
2017/04/28,协鑫集成,协鑫集成2016年度业绩网上说明会,002506
2017/04/12,卓翼科技,卓翼科技2016年度业绩说明会,002369
2017/04/18,南京港,南京港2016年度业绩说明会,002040
2017/04/28,南兴装备,南兴装备2016年度业绩说明会,002757
2017/05/04,南华仪器,南华仪器2016年度业绩网上说明会,300417
2017/05/09,南国置业,南国置业2016年度业绩网上说明会,002305
2017/04/25,南大光电,南大光电2016年度业绩说明会,300346
2017/04/28,南山控股,南山控股2016年度业绩网上说明会,002314
2017/04/12,南岭民爆,南岭民爆2016年度业绩说明会,002096
2017/05/10,南极电商,南极电商2016年度业绩说明会,002127
2017/05/03,南洋科技,南洋科技2016年度业绩网上说明会,002389
2017/05/05,南洋股份,南洋股份2016年度业绩网上说明会,002212
2017/05/03,南通锻压,南通锻压2016年度业绩说明会,300280
2017/03/22,南都电源,南都电源2016年度业绩说明会,300068
2017/03/14,博世科,博世科2016年度业绩说明会,300422
2017/05/05,博云新材,博云新材2016年度网上业绩说明会,002297
2017/04/25,博创科技,博创科技2016年度业绩网上说明会,300548
2017/04/28,博实股份,博实股份2016年度业绩网上说明会,002698
2017/04/06,博彦科技,博彦科技2016年度业绩说明会,002649
2017/05/03,博思软件,博思软件2016年度业绩说明会,300525
2017/04/21,博晖创新,博晖创新2016年度业绩网上说明会,300318
2017/05/05,博济医药,博济医药2016年度业绩网上说明会,300404
2017/03/21,博深工具,博深工具2016年度业绩说明会,002282
2017/03/06,博腾股份,博腾股份2016年度业绩说明会,300363
2017/05/05,卫士通,卫士通2016年度业绩网上说明会,002268
2017/04/28,卫宁健康,卫宁健康2016年度业绩网上说明会,300253
2017/03/28,卫星石化,卫星石化2016年度业绩说明会,002648
2017/05/12,印纪传媒,印纪传媒2016年度业绩说明会,002143
2017/04/20,厚普股份,厚普股份2016年度业绩说明会,300471
2017/04/28,友邦吊顶,友邦吊顶2016年度网上业绩说明会,002718
2017/02/24,友阿股份,友阿股份2016年度业绩说明会,002277
2017/05/05,双塔食品,双塔食品2016年度业绩网上说明会,002481
2017/05/03,双成药业,双成药业2016年度业绩说明会,002693
2017/05/10,双星新材,双星新材2016年度业绩网上说明会,002585
2017/03/17,双杰电气,双杰电气2016年度业绩说明会,300444
2017/04/28,双林股份,双林股份2016年度业绩说明会,300100
2017/05/05,双箭股份,双箭股份2016年度业绩网上说明会,002381
2017/04/18,双象股份,双象股份2016年度业绩说明会,002395
2017/05/05,双鹭药业,双鹭药业2016年度业绩网上说明会,002038
2017/04/05,双龙股份,双龙股份2016年度业绩说明会,300108
2017/04/28,古鳌科技,古鳌科技2016年度业绩网上说明会,300551
2017/04/27,可立克,可立克2016年度业绩说明会,002782
2017/03/02,台基股份,台基股份2016年度业绩说明会,300046
2017/04/26,台海核电,台海核电2016年度业绩说明会,002366
2017/05/08,史丹利,史丹利2016年度业绩网上说明会,002588
2017/04/27,司尔特,司尔特2016年度业绩说明会,002538
2017/03/29,合众思壮,合众思壮2016年度业绩说明会,002383
2017/04/26,合兴包装,合兴包装2016年度业绩网上说明会,002228
2017/05/05,合力泰,合力泰2016年度业绩网上说明会,002217
2017/04/25,合康新能,合康新能2016年度报告网上说明会,300048
2017/05/08,合纵科技,合纵科技2016年度业绩网上说明会,300477
2017/04/07,合肥城建,合肥城建2016年度业绩说明会,002208
2017/05/09,吉大通信,吉大通信2016年度业绩说明会,300597
2017/04/06,吉宏股份,吉宏股份2016年度业绩说明会,002803
2017/05/04,吉峰农机,吉峰农机2016年度网上业绩说明会,300022
2017/04/07,吉林敖东,吉林敖东2016年度业绩网上说明会,000623
2017/04/27,吉艾科技,吉艾科技2016年度业绩网上说明会,300309
2017/04/27,同为股份,同为股份2016年度业绩网上说明会,002835
2017/04/28,同兴达,同兴达2016年度业绩说明会,002845
2017/04/28,同大股份,同大股份2016年度业绩网上说明会,300321
2017/04/14,同德化工,同德化工2016年度业绩说明会,002360
2017/04/28,同有科技,同有科技2016年度业绩说明会,300302
2017/05/05,同洲电子,同洲电子2016年度业绩网上说明会,002052
2017/04/18,同益股份,同益股份2016年度业绩网上说明会,300538
2017/05/05,名家汇,名家汇2016年度业绩说明会,300506
2017/04/19,名雕股份,名雕股份2016年度业绩说明会,002830
2017/03/09,向日葵,向日葵2016年度业绩说明会,300111
2017/04/24,启明信息,启明信息2016年度业绩说明会,002232
2017/05/05,启明星辰,启明星辰2016年度业绩网上说明会,002439
2017/04/26,启迪设计,启迪设计2016年度业绩网上说明会,300500
2017/05/05,吴通控股,吴通控股2016年度业绩网上说明会,300292
2017/05/08,和仁科技,和仁科技2016年度业绩网上说明会,300550
2017/05/11,和佳股份,和佳股份2016年度业绩网上说明会,300273
2017/04/28,和晶科技,和晶科技2016年度业绩网上说明会,300279
2017/05/05,和科达,和科达2016年度报告业绩说明会,002816
2017/05/09,和胜股份,和胜股份2016年度业绩网上说明会,002824
2017/04/12,和顺电气,和顺电气2016年度业绩说明会,300141
2017/05/11,哈尔斯,哈尔斯2016年度业绩说明会,002615
2017/05/08,唐人神,唐人神2016年度业绩网上说明会,002567
2017/05/08,唐德影视,唐德影视2016年度业绩网上说明会,300426
2017/05/04,嘉事堂,嘉事堂2016年度业绩网上说明会,002462
2017/04/28,嘉寓股份,嘉寓股份2016年度网上业绩说明会,300117
2017/04/20,嘉应制药,嘉应制药2016年度业绩网上说明会,002198
2017/03/27,嘉欣丝绸,嘉欣丝绸2016年度业绩说明会,002404
2017/03/29,嘉麟杰,嘉麟杰2016年度业绩说明会,002486
2017/05/08,四方精创,四方精创2016年度业绩说明会,300468
2017/03/30,四方达,四方达2016年度业绩说明会,300179
2017/05/05,四维图新,四维图新2016年度业绩网上说明会,002405
2017/04/17,四通新材,四通新材2016年度业绩说明会,300428
2017/04/06,回天新材,回天新材2016年度业绩说明会,300041
2017/04/27,围海股份,围海股份2016年度业绩网上说明会,002586
2017/04/24,国信证券,国信证券2016年度业绩说明会,002736
2017/03/24,国光电器,国光电器2016年度业绩说明会,002045
2017/04/14,国光股份,国光股份2016年度业绩网上说明会,002749
2017/04/12,国创高新,国创高新2016年度业绩网上说明会,002377
2017/03/27,国星光电,国星光电2016年度业绩说明会,002449
2017/03/31,国民技术,国民技术2016年度业绩说明会,300077
2017/03/17,国瓷材料,国瓷材料2016年度业绩说明会,300285
2017/04/26,国祯环保,国祯环保2016年度业绩网上说明会,300388
2017/04/05,国统股份,国统股份2016年度业绩说明会,002205
2017/05/10,国联水产,国联水产2016年度业绩说明会,300094
2017/05/05,国脉科技,国脉科技2016年度业绩网上说明会,002093
2017/03/30,国轩高科,国轩高科2016年度业绩说明会,002074
2017/04/11,圣农发展,圣农发展2016年度业绩网上说明会,002299
2017/05/05,圣莱达,圣莱达2016年度业绩网上说明会,002473
2017/03/09,圣阳股份,圣阳股份2016年度业绩说明会,002580
2017/03/24,地尔汉宇,地尔汉宇2016年度业绩说明会,300403
2017/04/28,坚朗五金,坚朗五金2016年度业绩网上说明会,002791
2017/03/21,坚瑞沃能,坚瑞沃能2016年度业绩说明会,300116
2017/03/31,埃斯顿,埃斯顿2016年度业绩说明会,002747
2017/05/08,壹桥股份,壹桥股份2016年度业绩网上说明会,002447
2017/05/04,多喜爱,多喜爱2016年度业绩说明会,002761
2017/03/14,多氟多,多氟多2016年度业绩说明会,002407
2017/05/09,大东南,大东南2016年度网上业绩说明会,002263
2017/04/12,大北农,大北农2016年度业绩说明会,002385
2017/04/28,大华股份,大华股份2016年度业绩说明会,002236
2017/04/18,大富科技,大富科技2016年度业绩网上说明会,300134
2017/05/10,大康农业,大康农业2016年度业绩网上说明会,002505
2017/04/28,大族激光,大族激光2016年度业绩网上说明会,002008
2017/03/28,大洋电机,大洋电机2016年度业绩说明会,002249
2017/04/12,大港股份,大港股份2016年度业绩说明会,002077
2017/04/14,大禹节水,大禹节水2016年度业绩说明会,300021
2017/04/12,大连电瓷,大连电瓷2016年度业绩说明会,002606
2017/05/10,大连重工,大连重工2016年度业绩说明会,002204
2017/03/20,大金重工,大金重工2016年业绩说明会,002487
2017/04/21,天业通联,天业通联2016年度业绩说明会,002459
2017/05/05,天华超净,天华超净2016年度业绩网上说明会,300390
2017/03/07,天原集团,天原集团2016年度业绩说明会,002386
2017/05/08,天和防务,天和防务2016年度业绩网上说明会,300397
2017/04/17,天喻信息,天喻信息2016年度业绩网上说明会,300205
2017/05/11,天壕环境,天壕环境2016年度业绩网上说明会,300332
2017/04/21,天奇股份,天奇股份2016年度业绩网上说明会,002009
2017/04/07,天威视讯,天威视讯2016年度业绩说明会,002238
2017/03/24,天孚通信,天孚通信2016年度业绩说明会,300394
2017/03/31,天宝股份,天宝股份2016年度业绩说明会,002220
2017/04/07,天山生物,天山生物2016年度业绩说明会,300313
2017/05/03,天广中茂,天广中茂2016年度业绩说明会,002509
2017/05/04,天康生物,天康生物2016年度业绩网上说明会,002100
2017/03/17,天晟新材,天晟新材2016年度业绩说明会,300169
2017/04/11,天汽模,天汽模2016年度业绩说明会,002510
2017/03/30,天沃科技,天沃科技2016年度业绩说明会,002564
2017/04/14,天泽信息,天泽信息2016年度业绩网上说明会,300209
2017/05/04,天津普林,天津普林2016年度业绩网上说明会,002134
2017/04/07,天海防务,天海防务2016年度业绩说明会,300008
2017/03/23,天润数娱,天润数娱2016 年度业绩说明会,002113
2017/03/24,天润曲轴,天润曲轴2016年度业绩说明会,002283
2017/05/04,天源迪科,天源迪科2016年度业绩说明会,300047
2017/05/05,天玑科技,天玑科技2016年度业绩网上说明会,300245
2017/04/28,天瑞仪器,天瑞仪器2016年度业绩说明会,300165
2017/04/14,天神娱乐,天神娱乐2016年度业绩网上说明会,002354
2017/04/28,天翔环境,天翔环境2016年度业绩说明会,300362
2017/04/27,天能重工,天能重工2016年度业绩说明会,300569
2017/05/02,天舟文化,天舟文化2016年度业绩网上说明会,300148
2017/03/22,天虹商场,天虹商场2016年度业绩说明会,002419
2017/04/13,天赐材料,天赐材料2016年度业绩说明会,002709
2017/05/05,天邦股份,天邦股份2016年度业绩网上说明会,002124
2017/05/10,天铁股份,天铁股份2016年度业绩网上说明会,300587
2017/04/07,天银机电,天银机电2016年度业绩说明会,300342
2017/04/28,天际股份,天际股份2016年度业绩说明会,002759
2017/04/26,天顺股份,天顺股份2016年度业绩说明会,002800
2017/04/24,天顺风能,天顺风能2016年度业绩说明会,002531
2017/04/20,天马精化,天马精化2016年度业绩说明会,002453
2017/05/08,天马股份,天马股份2016年度业绩网上说明会,002122
2017/04/05,天齐锂业,天齐锂业2016年度业绩说明会,002466
2017/05/03,天龙光电,天龙光电2016年度业绩说明会,300029
2017/04/25,太安堂,太安堂2016年度业绩网上说明会,002433
2017/04/07,太极股份,太极股份2016年度业绩说明会,002368
2017/05/04,太空板业,太空板业2016年度业绩网上说明会,300344
2017/04/26,太辰光,太辰光2016年度业绩网上说明会,300570
2017/04/18,太阳电缆,太阳电缆2016年度业绩说明会,002300
2017/05/05,太阳鸟,太阳鸟2016年度业绩说明会,300123
2017/05/08,奇信股份,奇信股份2016年度业绩网上说明会,002781
2017/05/08,奇正藏药,奇正藏药2016年度业绩网上说明会,002287
2017/05/05,奥克股份,奥克股份2016年度业绩说明会,300082
2017/04/07,奥拓电子,奥拓电子2016年度业绩说明会,002587
2017/04/14,奥普光电,奥普光电2016年度业绩网上说明会,002338
2017/04/07,奥特佳,奥特佳2016年度业绩网上说明会,002239
2017/05/05,奥特迅,奥特迅2016年度业绩网上说明会,002227
2017/05/04,奥瑞金,奥瑞金2016年度网上业绩说明会,002701
2017/03/22,奥维通信,奥维通信2016年度业绩说明会,002231
2017/05/05,奥联电子,奥联电子2016年度业绩网上说明会,300585
2017/04/07,奥飞娱乐,奥飞娱乐2016年度业绩说明会,002292
2017/03/20,奥马电器,奥马电器2016年度业绩说明会,002668
2017/04/27,好利来,好利来2016年度业绩网上说明会,002729
2017/04/24,好想你,好想你2016年度业绩网上说明会,002582
2017/05/05,姚记扑克,姚记扑克2016年度业绩说明会,002605
2017/04/26,威创股份,威创股份2016年度业绩说明会,002308
2017/04/10,威尔泰,威尔泰2016年度业绩网上说明会,002058
2017/05/05,威海广泰,威海广泰2016年度业绩说明会,002111
2017/04/17,孚日股份,孚日股份2016年度业绩网上说明会,002083
2017/05/02,宁波东力,宁波东力2016年度业绩说明会,002164
2017/05/02,宁波华翔,宁波华翔2016年度业绩说明会,002048
2017/05/08,宁波银行,宁波银行2016年度业绩说明会,002142
2017/04/28,宇顺电子,宇顺电子2016年度业绩网上说明会,002289
2017/03/31,安利股份,安利股份2016年度业绩说明会,300218
2017/04/17,安妮股份,安妮股份2016年度业绩说明会,002235
2017/05/05,安居宝,安居宝2016年度业绩网上说明会,300155
2017/04/06,安控科技,安控科技2016年度业绩说明会,300370
2017/05/09,安硕信息,安硕信息2016年度业绩说明会,300380
2017/03/03,安科瑞,安科瑞2016年度业绩说明会,300286
2017/04/11,安科生物,安科生物2016年度业绩网上说明会,300009
2017/03/10,安纳达,安纳达2016年度业绩说明会,002136
2017/03/29,安诺其,安诺其2016年度业绩说明会,300067
2017/04/24,安车检测,安车检测2016年度业绩网上说明会,300572
2017/03/10,宋城演艺,宋城演艺2016年度业绩说明会,300144
2017/03/30,完美世界,完美世界2016年度业绩说明会,002624
2017/03/17,宏大爆破,宏大爆破2016年度业绩说明会,002683
2017/04/10,宏润建设,宏润建设2016年度业绩说明会,002062
2017/04/20,宏达新材,宏达新材2016年度业绩网上说明会,002211
2017/04/28,宏达高科,宏达高科2016年度业绩网上说明会,002144
2017/03/28,宜安科技,宜安科技2016年度业绩说明会,300328
2017/04/28,宜昌交运,宜昌交运2016年度业绩网上说明会,002627
2017/03/20,宜通世纪,宜通世纪2016年度业绩说明会,300310
2017/05/08,宝利国际,宝利国际2016年度业绩网上说明会,300135
2017/03/22,宝德股份,宝德股份2016年度业绩说明会,300023
2017/05/04,宝色股份,宝色股份2016年度业绩网上说明会,300402
2017/04/21,宝莫股份,宝莫股份2016年度业绩网上说明会,002476
2017/04/28,宝莱特,宝莱特2016年度业绩网上说明会,300246
2017/03/23,宝通科技,宝通科技2016年度业绩说明会,300031
2017/04/28,宝钢股份,宝钢股份2016年年度暨2017年一季度业绩网上说明会,600019
2017/05/05,宝馨科技,宝馨科技2016年度业绩网上说明会,002514
2017/05/05,宝鹰股份,宝鹰股份2016年度业绩说明会,002047
2017/04/19,宝鼎科技,宝鼎科技2016年度业绩网上说明会,002552
2017/04/21,宣亚国际,宣亚国际2016年度业绩说明会,300612
2017/05/08,容大感光,容大感光2016年度业绩网上说明会,300576
2017/05/03,富临精工,富临精工2016年度业绩网上说明会,300432
2017/05/02,富临运业,富临运业2016年度业绩网上说明会,002357
2017/04/28,富安娜,富安娜2016年度业绩网上说明会,002327
2017/05/04,富春股份,富春股份2016年网上业绩说明会,300299
2017/04/06,富森美,富森美2016年度业绩说明会,002818
2017/05/05,富煌钢构,富煌钢构2016年度业绩网上说明会,002743
2017/05/04,富瑞特装,富瑞特装2016年度业绩网上说明会,300228
2017/05/02,富祥股份,富祥股份2016年度业绩网上说明会,300497
2017/05/08,富邦股份,富邦股份2016年度业绩说明会,300387
2017/05/08,尔康制药,尔康制药2016年度业绩网上说明会,300267
2017/05/12,尚荣医疗,尚荣医疗2016年年度业绩网上说明会,002551
2017/04/06,尤夫股份,尤夫股份2016年度业绩说明会,002427
2017/04/12,山东墨龙,山东墨龙2016年度业绩网上说明会,002490
2017/05/02,山东如意,山东如意2016年度业绩网上说明会,002193
2017/04/28,山东威达,山东威达2016年度业绩网上说明会,002026
2017/03/15,山东矿机,山东矿机2016年度业绩说明会,002526
2017/04/28,山东章鼓,山东章鼓2016年度业绩网上说明会,002598
2017/05/05,山河智能,山河智能2016年度业绩网上说明会,002097
2017/03/30,山河药辅,山河药辅2016年度业绩说明会,300452
2017/05/10,山西证券,山西证券2016年度业绩网上说明会,002500
2017/05/03,山鼎设计,山鼎设计2016年度业绩网上说明会,300492
2017/03/20,岭南园林,岭南园林2016年度业绩说明会,002717
2017/03/29,川大智胜,川大智胜2016年度业绩说明会,002253
2017/03/31,川润股份,川润股份2016年度业绩网上说明会,002272
2017/04/06,川环科技,川环科技2016年度业绩说明会,300547
2017/04/12,川金诺,川金诺2016年度业绩网上说明会,300505
2017/04/06,巨力索具,巨力索具2016年度业绩说明会,002342
2017/05/09,巨星科技,巨星科技2016年度业绩网上说明会,002444
2017/04/11,巨轮智能,巨轮智能2016年度业绩说明会,002031
2017/04/25,巨龙管业,巨龙管业2016年度业绩说明会,002619
2017/05/03,巴士在线,巴士在线2016年度业绩网上说明会,002188
2017/05/08,巴安水务,巴安水务2016年度业绩说明会,300262
2017/03/31,希努尔,希努尔2016年度业绩说明会,002485
2017/04/10,帝王洁具,帝王洁具2016年度业绩说明会,002798
2017/05/08,帝龙文化,帝龙文化2016年度业绩说明会,002247
2017/03/15,常宝股份,常宝股份2016年度业绩说明会,002478
2017/04/25,常山药业,常山药业2016年度业绩网上说明会,300255
2017/05/03,常铝股份,常铝股份2016年度业绩网上说明会,002160
2017/05/05,平治信息,平治信息2016年度业绩网上说明会,300571
2017/04/13,幸福蓝海,幸福蓝海2016年度业绩说明会,300528
2017/05/08,广东鸿图,广东鸿图2016年度业绩说明会,002101
2017/04/11,广信材料,广信材料2016年度业绩说明会,300537
2017/05/04,广博股份,广博股份2016年度业绩网上说明会,002103
2017/04/06,广宇集团,广宇集团2016年度业绩说明会,002133
2017/04/14,广田集团,广田集团2016年度业绩说明会,002482
2017/05/04,广电网络,广电网络2016年度网上业绩说明会,600831
2017/04/14,广电运通,广电运通2016年度业绩网上说明会,002152
2017/03/29,广百股份,广百股份2016年度业绩说明会,002187
2017/04/12,广联达,广联达2016年度业绩说明会,002410
2017/04/06,康力电梯,康力电梯2016年度业绩说明会,002367
2017/04/19,康弘药业,康弘药业2016年度业绩说明会,002773
2017/04/06,康强电子,康强电子2016年度业绩说明会,002119
2017/04/25,康得新,康得新2016年度业绩网上说明会,002450
2017/03/30,康拓红外,康拓红外2016年度业绩说明会,300455
2017/05/05,康斯特,康斯特2016年度业绩网上说明会,300445
2017/04/28,康欣新材,康欣新材2016年度业绩说明会,600076
2017/04/28,康泰生物,康泰生物2016年度业绩网上说明会,300601
2017/05/05,康盛股份,康盛股份2016年度业绩网上说明会,002418
2017/05/03,康耐特,康耐特2016年度业绩网上说明会,300061
2017/04/10,康芝药业,康芝药业2016年度业绩网上说明会,300086
2017/04/07,康达新材,康达新材2016年度业绩网上说明会,002669
2017/04/20,延华智能,延华智能2016年度业绩说明会,002178
2017/04/27,建新股份,建新股份2016年度业绩网上说明会,300107
2017/04/07,建研集团,建研集团2016年度业绩说明会,002398
2017/04/07,建艺集团,建艺集团2016年度业绩说明会,002789
2017/03/30,开元仪器,开元仪器2016年度业绩说明会,300338
2017/03/28,开尔新材,开尔新材2016年度业绩说明会,300234
2017/04/21,开润股份,开润股份2016年度业绩网上说明会,300577
2017/04/27,开立医疗,开立医疗2016年度业绩网上说明会,300633
2017/05/09,开能环保,开能环保2016年度业绩网上说明会,300272
2017/05/03,弘亚数控,弘亚数控2016年度业绩说明会,002833
2017/05/12,张家港行,张家港行2016年度业绩说明会,002839
2017/05/08,强力新材,强力新材2016年度业绩说明会,300429
2017/03/24,当升科技,当升科技2016年度业绩说明会,300073
2017/04/07,徐家汇,徐家汇2016年度业绩说明会,002561
2017/04/25,得利斯,得利斯2016年度业绩网上说明会,002330
2017/05/04,得润电子,得润电子2016年度业绩网上说明会,002055
2017/05/02,御银股份,御银股份2016年度业绩网上说明会,002177
2017/03/24,微光股份,微光股份2016年度业绩说明会,002801
2017/04/27,德力股份,德力股份2016年度业绩说明会,002571
2017/05/12,德奥通航,德奥通航2016年度业绩网上说明会,002260
2017/04/14,德威新材,德威新材2016年度业绩说明会,300325
2017/03/30,德尔未来,德尔未来2016年业绩说明会,002631
2017/05/02,德尔股份,德尔股份2016年度业绩说明会,300473
2017/04/27,德美化工,德美化工2016年度业绩网上说明会,002054
2017/05/09,德联集团,德联集团2016年度业绩网上说明会,002666
2017/05/11,德豪润达,德豪润达2016年度业绩网上说明会,002005
2017/03/17,德赛电池,德赛电池2016年度业绩说明会,000049
2017/05/08,必康股份,必康股份2016年度网上业绩说明会,002411
2017/05/08,快乐购,快乐购2016年度业绩说明会,300413
2017/04/07,思创医惠,思创医惠2016年度业绩说明会,300078
2017/04/21,思特奇,思特奇2016年度业绩网上说明会,300608
2017/05/08,思美传媒,思美传媒2016年度业绩网上说明会,002712
2017/05/05,怡亚通,怡亚通2016年度业绩网上说明会,002183
2017/04/21,恒信移动,恒信移动2016年度业绩说明会,300081
2017/04/12,恒基达鑫,恒基达鑫2016年度业绩说明会,002492
2017/04/28,恒大高新,恒大高新2016年度业绩说明会,002591
2017/05/04,恒宝股份,恒宝股份2016年度业绩网上说明会,002104
2017/05/05,恒康医疗,恒康医疗2016年度业绩网上说明会,002219
2017/04/06,恒星科技,恒星科技2016年度业绩说明会,002132
2017/05/05,恒泰实达,恒泰实达2016年度业绩网上说明会,300513
2017/04/25,恒泰艾普,恒泰艾普2016年度业绩网上说明会,300157
2017/03/24,恒通科技,恒通科技2016年度报告网上业绩说明会,300374
2017/04/11,恒邦股份,恒邦股份2016年度业绩网上说明会,002237
2017/05/05,恒锋信息,恒锋信息2016年度业绩说明会,300605
2017/05/03,恒锋工具,恒锋工具2016年度业绩网上说明会,300488
2017/05/10,恒顺众昇,恒顺众昇2016年度业绩说明会,300208
2017/03/07,恩华药业,恩华药业2016年度业绩说明会,002262
2017/04/11,悦心健康,悦心健康2016年度业绩说明会,002162
2017/05/05,惠伦晶体,惠伦晶体2016年度业绩网上说明会,300460
2017/05/08,惠博普,惠博普2016年度业绩说明会,002554
2017/05/09,慈文传媒,慈文传媒2016年度业绩网上说明会,002343
2017/05/05,慈星股份,慈星股份2016年度网上业绩说明会,300307
2017/05/10,成都路桥,成都路桥2016年度业绩网上说明会,002628
2017/03/28,成飞集成,成飞集成2016年度业绩说明会,002190
2017/05/04,我武生物,我武生物2016年度业绩网上说明会,300357
2017/04/19,戴维医疗,戴维医疗2016年度业绩网上说明会,300314
2017/04/07,扬子新材,扬子新材2016年度业绩说明会,002652
2017/04/11,扬杰科技,扬杰科技2016年度业绩网上说明会,300373
2017/05/10,报喜鸟,报喜鸟2016年度业绩网上说明会,002154
2017/04/07,拓尔思,拓尔思2016年度业绩说明会,300229
2017/05/05,拓斯达,拓斯达2016年度业绩网上说明会,300607
2017/04/28,拓日新能,拓日新能2016年度业绩网上说明会,002218
2017/05/04,拓维信息,拓维信息2016年度业绩说明会,002261
2017/03/28,拓邦股份,拓邦股份2016 年度业绩说明会,002139
2017/03/28,招商蛇口,招商蛇口2016年度业绩说明会,001979
2017/05/09,振东制药,振东制药2016年度业绩说明会,300158
2017/03/31,振芯科技,振芯科技2016年度业绩说明会,300101
2017/03/31,捷成股份,捷成股份2016年度业绩说明会,300182
2017/05/03,捷顺科技,捷顺科技2016年度业绩说明会,002609
2017/05/05,掌趣科技,掌趣科技2016年度业绩说明会,300315
2017/05/09,探路者,探路者2016年度网上业绩说明会,300005
2017/04/19,摩恩电气,摩恩电气2016年度业绩网上说明会,002451
2017/05/09,摩登大道,摩登大道2016年度业绩网上说明会,002656
2017/05/03,数字政通,数字政通2016年度业绩网上说明会,300075
2017/04/14,数字认证,数字认证2016年度业绩说明会,300579
2017/04/28,数码视讯,数码视讯2016年度业绩网上说明会,300079
2017/04/18,文化长城,文化长城2016年度业绩说明会,300089
2017/03/24,文科园林,文科园林2016年度业绩说明会,002775
2017/04/28,斯莱克,斯莱克2016年度业绩网上说明会,300382
2017/05/05,新亚制程,新亚制程2016年度业绩说明会,002388
2017/03/23,新元科技,新元科技2016年度业绩说明会,300472
2017/05/03,新光圆成,新光圆成2016年度业绩说明会,002147
2017/04/27,新光药业,新光药业2016年度业绩网上说明会,300519
2017/04/12,新北洋,新北洋2016年度业绩网上说明会,002376
2017/04/26,新华都,新华都2016年度业绩网上说明会,002264
2017/03/31,新和成,新和成2016年度业绩说明会,002001
2017/04/26,新国都,新国都2016年度业绩网上说明会,300130
2017/04/12,新天科技,新天科技2016年度业绩说明会,300259
2017/04/28,新宁物流,新宁物流2016年度业绩网上说明会,300013
2017/03/16,新宏泽,新宏泽2016年度业绩说明会,002836
2017/03/31,新宙邦,新宙邦2016年度业绩说明会,300037
2017/05/04,新宝股份,新宝股份2016年年度业绩网上说明会,002705
2017/05/04,新开普,新开普2016年度业绩网上说明会,300248
2017/05/05,新开源,新开源2016年度业绩说明会,300109
2017/04/07,新文化,新文化2016 年度业绩说明会,300336
2017/04/06,新时达,新时达2016年度业绩说明会,002527
2017/04/20,新易盛,新易盛2016年度业绩说明会,300502
2017/04/27,新晨科技,新晨科技2016年度业绩说明会,300542
2017/04/26,新朋股份,新朋股份2016年度业绩说明会,002328
2017/04/26,新海宜,新海宜2016年度业绩网上说明会,002089
2017/05/04,新界泵业,新界泵业2016年度业绩网上说明会,002532
2017/03/27,新疆浩源,新疆浩源2016年度业绩说明会,002700
2017/04/11,新研股份,新研股份2016年度网上业绩说明会,300159
2017/04/12,新筑股份,新筑股份2016年度业绩网上说明会,002480
2017/05/10,新纶科技,新纶科技2016年度业绩网上说明会,002341
2017/05/08,新美星,新美星2016年度业绩网上说明会,300509
2017/05/10,新莱应材,新莱应材2016年度业绩说明会,300260
2017/04/28,新野纺织,新野纺织2016年度业绩说明会,002087
2017/05/05,新雷能,新雷能2016年度业绩说明会,300593
2017/05/04,方正电机,方正电机2016年度业绩说明会,002196
2017/04/07,方直科技,方直科技2016年度业绩网上说明会,300235
2017/04/27,日上集团,日上集团2016年年度报告业绩说明会,002593
2017/04/14,日发精机,日发精机2016年度业绩网上说明会,002520
2017/05/02,日月股份,日月股份2016年度业绩网上说明会,603218
2017/05/04,日机密封,日机密封2016年度业绩说明会,300470
2017/05/10,日海通讯,日海通讯2016年度业绩网上说明会,002313
2017/04/18,日照港,日照港2016年度业绩说明会,600017
2017/04/21,日科化学,日科化学2016年度业绩网上说明会,300214
2017/05/10,旷达科技,旷达科技2016年度业绩网上说明会,002516
2017/05/05,昆仑万维,昆仑万维2016年度业绩说明会,300418
2017/05/11,昇兴股份,昇兴股份2016年度业绩网上说明会,002752
2017/04/14,昊志机电,昊志机电2016年度业绩说明会,300503
2017/04/28,昌红科技,昌红科技2016年度业绩网上说明会,300151
2017/04/28,明家联合,明家联合2016年度业绩网上说明会,300242
2017/03/24,明牌珠宝,明牌珠宝2016年度业绩说明会,002574
2017/03/30,易世达,易世达2016年度业绩说明会,300125
2017/03/07,易事特,易事特2016年度业绩说明会,300376
2017/04/24,易华录,易华录2016年度业绩网上说明会,300212
2017/04/10,易明医药,易明医药2016年度业绩网上说明会,002826
2017/04/24,易联众,易联众2016年度业绩说明会,300096
2017/04/28,星徽精密,星徽精密2016年度业绩网上说明会,300464
2017/04/07,星星科技,星星科技2016年度业绩说明会,300256
2017/05/04,星期六,星期六2016年度业绩说明会,002291
2017/04/12,星河生物,星河生物2016年度业绩说明会,300143
2017/03/06,星源材质,星源材质2016年度业绩说明会,300568
2017/03/17,星网宇达,星网宇达2016年度业绩说明会,002829
2017/04/07,星网锐捷,星网锐捷2016年度业绩网上说明会,002396
2017/04/14,星辉娱乐,星辉娱乐2016年度业绩网上说明会,300043
2017/03/08,春兴精工,春兴精工2016年度业绩说明会,002547
2017/04/27,晓程科技,晓程科技2016年度业绩网上说明会,300139
2017/04/26,晨光生物,晨光生物2016年度业绩说明会,300138
2017/05/05,晨化股份,晨化股份2016年度业绩说明会,300610
2017/05/05,晨曦航空,晨曦航空2016年度业绩说明会,300581
2017/04/11,普丽盛,普丽盛2016年度业绩网上说明会,300442
2017/05/03,普利特,普利特2016年年度报告网上说明会,002324
2017/05/10,普路通,普路通2016年度业绩网上说明会,002769
2017/03/02,普邦园林,普邦园林2016年度业绩说明会,002663
2017/05/02,景兴纸业,景兴纸业2016年度业绩说明会,002067
2017/04/10,景嘉微,景嘉微2016年度业绩说明会,300474
2017/05/05,晶盛机电,晶盛机电2016年度业绩网上说明会,300316
2017/04/20,智云股份,智云股份2016年度网上业绩说明会,300097
2017/04/28,智光电气,智光电气2016年度网上业绩说明会,002169
2017/05/04,智慧松德,智慧松德2016年度业绩说明会,300173
2017/03/17,智飞生物,智飞生物2016年度业绩说明会,300122
2017/04/14,暴风集团,暴风集团2016年度业绩说明会,300431
2017/04/12,朗姿股份,朗姿股份2016年度业绩说明会,002612
2017/03/31,朗源股份,朗源股份2016年度业绩说明会,300175
2017/03/29,朗玛信息,朗玛信息2016年度业绩说明会,300288
2017/04/10,朗科智能,朗科智能2016年度业绩说明会,300543
2017/05/04,朗科科技,朗科科技2016年度业绩说明会,300042
2017/04/28,木林森,木林森2016年度业绩网上说明会,002745
2017/05/08,未名医药,未名医药2016年年度业绩网上说明会,002581
2017/03/15,机器人,机器人2016年度业绩说明会,300024
2017/05/10,杭州高新,杭州高新2016年度业绩说明会,300478
2017/04/13,杭氧股份,杭氧股份2016年度业绩说明会,002430
2017/03/30,杭锅股份,杭锅股份2016年度业绩说明会,002534
2017/04/07,杰瑞股份,杰瑞股份2016年度业绩说明会,002353
2017/03/17,杰赛科技,杰赛科技2016年度业绩说明会,002544
2017/05/05,松芝股份,松芝股份2016年度业绩网上说明会,002454
2017/04/28,林州重机,林州重机2016年度业绩网上说明会,002535
2017/05/05,柏堡龙,柏堡龙2016年度业绩说明会,002776
2017/05/10,柘中股份,柘中股份2016年度业绩网上说明会,002346
2017/04/14,栋梁新材,栋梁新材2016年度业绩说明会,002082
2017/04/18,格林美,格林美2016年度业绩网上说明会,002340
2017/04/07,桂发祥,桂发祥2016年度业绩说明会,002820
2017/05/05,桂林三金,桂林三金2016年度业绩网上说明会,002275
2017/05/03,梅安森,梅安森2016年度业绩说明会,300275
2017/04/28,梅泰诺,梅泰诺2016年度业绩网上说明会,300038
2017/04/26,梦洁股份,梦洁股份2016年度业绩说明会,002397
2017/05/10,梦网荣信,梦网荣信2016年年度报告网上说明会,002123
2017/04/07,棒杰股份,棒杰股份2016年度业绩网上说明会,002634
2017/04/27,棕榈股份,棕榈股份2016年度业绩说明会,002431
2017/04/14,森源电气,森源电气2016年度业绩网上说明会,002358
2017/04/07,森远股份,森远股份2016年度业绩说明会,300210
2017/04/07,森马服饰,森马服饰2016年度业绩说明会,002563
2017/04/19,楚天科技,楚天科技2016年度业绩网上说明会,300358
2017/05/05,楚江新材,楚江新材2016年度业绩网上说明会,002171
2017/04/07,榕基软件,榕基软件2016年度业绩说明会,002474
2017/03/27,横店东磁,横店东磁2016年度业绩说明会,002056
2017/04/06,横河模具,横河模具2016年度业绩说明会,300539
2017/04/28,欣天科技,欣天科技2016年度业绩说明会,300615
2017/03/13,欣旺达,欣旺达2016年度网上业绩说明会,300207
2017/05/08,欣泰电气,欣泰电气2016年度业绩说明会,300372
2017/03/17,欧普康视,欧普康视2016年度业绩说明会,300595
2017/05/08,欧比特,欧比特2016年度网上业绩说明会,300053
2017/05/08,欧浦智网,欧浦智网2016年度及2017年第一季度业绩网上说明会,002711
2017/05/05,欧菲光,欧菲光2016年全年业绩说明会,002456
2017/03/29,歌尔股份,歌尔股份2016年度业绩说明会,002241
2017/04/27,正业科技,正业科技2016年度业绩网上说明会,300410
2017/03/24,正海磁材,正海磁材2016年度业绩说明会,300224
2017/04/19,正邦科技,正邦科技2016年度业绩网上说明会,002157
2017/04/21,步森股份,步森股份2016年度业绩网上说明会,002569
2017/04/18,步步高,步步高2016年度业绩说明会,002251
2017/05/05,武汉凡谷,武汉凡谷2016年度业绩网上说明会,002194
2017/05/04,毅昌股份,毅昌股份2016年度业绩网上说明会,002420
2017/04/07,比亚迪,比亚迪2016年度业绩说明会,002594
2017/05/09,比音勒芬,比音勒芬2016年度业绩网上说明会,002832
2017/03/31,民和股份,民和股份2016年度业绩说明会,002234
2017/05/12,民盛金科,民盛金科2016年度业绩说明会,002647
2017/04/06,水晶光电,水晶光电2016年度业绩说明会,002273
2017/05/05,永东股份,永东股份2016年度业绩网上说明会,002753
2017/03/10,永兴特钢,永兴特钢2016年度业绩说明会,002756
2017/05/05,永利股份,永利股份2016年度业绩网上说明会,300230
2017/03/27,永和智控,永和智控2016年度业绩说明会,002795
2017/04/18,永太科技,永太科技2016年度业绩网上说明会,002326
2017/04/07,永安药业,永安药业2016年度业绩说明会,002365
2017/05/10,永清环保,永清环保2016年度业绩网上说明会,300187
2017/05/08,永贵电器,永贵电器2016年度业绩网上说明会,300351
2017/04/28,永高股份,永高股份2016年度业绩网上说明会,002641
2017/03/28,汇中股份,汇中股份2016年度业绩说明会,300371
2017/04/17,汇冠股份,汇冠股份2016年度业绩说明会,300282
2017/04/17,汇川技术,汇川技术2016年度业绩网上说明会,300124
2017/04/10,汇洁股份,汇洁股份2016年度业绩说明会,002763
2017/03/24,汇纳科技,汇纳科技2016年度业绩说明会,300609
2017/04/20,汇金股份,汇金股份2016年度业绩网上说明会,300368
2017/05/03,汉威电子,汉威电子2016年度业绩说明会,300007
2017/05/08,汉得信息,汉得信息2016年度业绩网上说明会,300170
2017/05/05,汉森制药,汉森制药2016年度业绩网上说明会,002412
2017/05/10,汉缆股份,汉缆股份2016年度业绩网上说明会,002498
2017/03/30,汉邦高科,汉邦高科2016年度业绩说明会,300449
2017/04/11,汉钟精机,汉钟精机2016年度业绩说明会,002158
2017/05/12,汉鼎宇佑,汉鼎宇佑2016年度网上业绩说明会,300300
2017/03/30,江南化工,江南化工2016年度业绩说明会,002226
2017/03/03,江山化工,江山化工2016年度网上业绩说明会,002601
2017/04/06,江海股份,江海股份2016年度业绩说明会,002484
2017/05/05,江粉磁材,江粉磁材2016年度业绩网上说明会,002600
2017/04/28,江苏国泰,江苏国泰2016年度业绩网上说明会,002091
2017/03/31,江苏神通,江苏神通2016年度业绩说明会,002438
2017/03/16,江阴银行,江阴银行2016年度业绩说明会,002807
2017/05/05,江龙船艇,江龙船艇2016年度业绩网上说明会,300589
2017/04/21,沃尔核材,沃尔核材2016年度业绩说明会,002130
2017/05/05,沃施股份,沃施股份2016年度业绩网上说明会,300483
2017/04/27,沃森生物,沃森生物2016年度业绩说明会,300142
2017/04/06,沙钢股份,沙钢股份2016年度业绩说明会,002075
2017/04/06,沧州明珠,沧州明珠2016年业绩说明会,002108
2017/04/06,沪电股份,沪电股份2016年度业绩以及利润分配预案说明会,002463
2017/05/05,泰和新材,泰和新材2016年度业绩说明会,002254
2017/04/13,泰嘉股份,泰嘉股份2016年度业绩说明会,002843
2017/04/14,泰尔股份,泰尔股份2016年度业绩网上说明会,002347
2017/05/10,泰格医药,泰格医药2016年度业绩网上说明会,300347
2017/05/10,泰胜风能,泰胜风能2016年度业绩说明会,300129
2017/05/05,洋河股份,洋河股份2016年度网上业绩说明会,002304
2017/03/28,津膜科技,津膜科技2016年度业绩说明会,300334
2017/05/08,洪汇新材,洪汇新材2016年度业绩网上说明会,002802
2017/05/12,洪涛股份,洪涛股份2016年度业绩网上说明会,002325
2017/05/03,洲明科技,洲明科技2016年度业绩网上说明会,300232
2017/04/07,洽洽食品,洽洽食品2016年度业绩说明会,002557
2017/05/05,浔兴股份,浔兴股份2016年度业绩网上说明会,002098
2017/05/08,浙富控股,浙富控股2016年度业绩网上说明会,002266
2017/04/28,浙江众成,浙江众成2016年年度报告网络业绩说明会,002522
2017/05/04,浙江永强,浙江永强2016年度业绩网上说明会,002489
2017/03/23,浙江美大,浙江美大2016年度业绩说明会,002677
2017/04/07,浩云科技,浩云科技2016年度业绩说明会,300448
2017/05/09,海亮股份,海亮股份2016年度业绩说明会,002203
2017/05/05,海伦哲,海伦哲2016年度业绩说明会,300201
2017/04/18,海伦钢琴,海伦钢琴2016年度业绩网上说明会,300329
2017/05/04,海兰信,海兰信2016年度业绩说明会,300065
2017/03/31,海利尔,海利尔2016年度业绩说明会,603639
2017/04/06,海利得,海利得2016年度业绩网上说明会,002206
2017/04/06,海南瑞泽,海南瑞泽2016年度业绩说明会,002596
2017/05/05,海大集团,海大集团2016年度业绩说明会,002311
2017/04/27,海宁皮城,海宁皮城2016年度业绩说明会,002344
2017/04/13,海峡股份,海峡股份2016年度业绩网上说明会,002320
2017/04/14,海得控制,海得控制2016年度业绩说明会,002184
2017/05/11,海思科,海思科2016年度业绩网上说明会,002653
2017/05/04,海普瑞,海普瑞2016年度业绩网上说明会,002399
2017/04/06,海格通信,海格通信2016年度业绩说明会,002465
2017/03/30,海欣食品,海欣食品2016年度业绩说明会,002702
2017/04/19,海波重科,海波重科2016年度业绩网上说明会,300517
2017/05/03,海洋王,海洋王2016年度业绩网上说明会,002724
2017/05/03,海源机械,海源机械2016年度业绩网上说明会,002529
2017/04/26,海特高新,海特高新2016年度业绩网上说明会,002023
2017/04/19,海立美达,海立美达2016年度业绩网上说明会,002537
2017/04/27,海翔药业,海翔药业2016年度业绩说明会,002099
2017/05/12,海联讯,海联讯2016年度业绩说明会,300277
2017/04/18,海越股份,海越股份2016年度业绩说明会,600387
2017/05/02,海辰药业,海辰药业2016年度业绩网上说明会,300584
2017/04/13,海达股份,海达股份2016年度业绩网上说明会,300320
2017/03/10,海顺新材,海顺新材2016年度业绩说明会,300501
2017/04/05,海鸥卫浴,海鸥卫浴2016年度业绩说明会,002084
2017/04/21,润和软件,润和软件2016年度业绩说明会,300339
2017/03/14,润欣科技,润欣科技2016年度业绩说明会,300493
2017/04/26,润邦股份,润邦股份2016年度业绩网上说明会,002483
2017/04/07,涪陵榨菜,涪陵榨菜2016年度业绩说明会,002507
2017/04/18,深冷股份,深冷股份2016年度业绩说明会,300540
2017/03/08,深圳惠程,深圳惠程2016年度业绩说明会,002168
2017/05/04,清新环境,清新环境2016年度业绩网上说明会,002573
2017/04/12,温州宏丰,温州宏丰2016年度业绩说明会,300283
2017/04/12,温氏股份,温氏股份2016年度业绩网上说明会,300498
2017/04/12,游族网络,游族网络2016年度业绩网上说明会,002174
2017/03/22,湖南黄金,湖南黄金2016年度业绩说明会,002155
2017/04/14,湘潭电化,湘潭电化2016年度业绩网上说明会,002125
2017/04/18,溢多利,溢多利2016年度业绩网上说明会,300381
2017/04/26,滨江集团,滨江集团2016年度业绩说明会,002244
2017/05/04,漫步者,漫步者2016年度业绩网上说明会,002351
2017/05/08,潜能恒信,潜能恒信2016年度业绩网上说明会,300191
2017/05/03,潮宏基,潮宏基2016年度报告网上说明会,002345
2017/03/24,澳洋科技,澳洋科技2016年度业绩说明会,002172
2017/05/04,激智科技,激智科技2016年度业绩网上说明会,300566
2017/04/28,濮耐股份,濮耐股份2016年度业绩网上说明会,002225
2017/04/10,濮阳惠成,濮阳惠成2016年度业绩说明会,300481
2017/05/05,炬华科技,炬华科技2016年度业绩网上说明会,300360
2017/03/27,焦点科技,焦点科技2016年度业绩说明会,002315
2017/03/17,煌上煌,煌上煌2016年度业绩说明会,002695
2017/04/27,熙菱信息,熙菱信息2016年度业绩网上说明会,300588
2017/03/09,燕塘乳业,燕塘乳业2016年度业绩说明会,002732
2017/05/05,爱仕达,爱仕达2016年度业绩网上说明会,002403
2017/04/26,爱司凯,爱司凯2016年度业绩网上说明会,300521
2017/04/13,爱尔眼科,爱尔眼科2016年度业绩网上说明会,300015
2017/05/03,爱康科技,爱康科技2016年度业绩网上说明会,002610
2017/05/08,爱施德,爱施德2016年度业绩网上说明会,002416
2017/05/05,牧原股份,牧原股份2016年度业绩网上说明会,002714
2017/04/11,特一药业,特一药业2016年度业绩说明会,002728
2017/04/27,特尔佳,特尔佳2016年度网上业绩说明会,002213
2017/04/24,特锐德,特锐德2016年度业绩网上说明会,300001
2017/04/17,猛狮科技,猛狮科技2016年度业绩说明会,002684
2017/04/27,王子新材,王子新材2016年度业绩网上说明会,002735
2017/05/08,环球印务,环球印务2016年度网上业绩说明会,002799
2017/04/19,环能科技,环能科技2016年度业绩说明会,300425
2017/04/05,珈伟股份,珈伟股份2016年度业绩说明会,300317
2017/04/06,珠江啤酒,珠江啤酒2016年度业绩网上说明会,002461
2017/03/14,理工光科,理工光科2016年度业绩说明会,300557
2017/05/09,理工环科,理工环科2016年度业绩说明会,002322
2017/04/24,理邦仪器,理邦仪器2016年度业绩说明会,300206
2017/04/05,瑞丰光电,瑞丰光电2016年度业绩说明会,300241
2017/04/27,瑞丰高材,瑞丰高材2016年度业绩网上说明会,300243
2017/05/08,瑞凌股份,瑞凌股份2016年度业绩说明会,300154
2017/05/09,瑞和股份,瑞和股份2016年度业绩网上说明会,002620
2017/04/25,瑞尔特,瑞尔特2016年度业绩网上说明会,002790
2017/04/11,瑞康医药,瑞康医药2016年度业绩说明会,002589
2017/04/27,瑞普生物,瑞普生物2016年度业绩网上说明会,300119
2017/04/07,瑞泰科技,瑞泰科技2016年度业绩说明会,002066
2017/05/03,瑞特股份,瑞特股份2016年度业绩网上说明会,300600
2017/05/05,生意宝,生意宝2016年度业绩网上说明会,002095
2017/04/28,田中精机,田中精机2016年度业绩网上说明会,300461
2017/04/24,申通快递,申通快递2016年度网上业绩说明会,002468
2017/05/09,电光科技,电光科技2016年度业绩网上说明会,002730
2017/03/31,电科院,电科院2016年度业绩说明会,300215
2017/05/10,登云股份,登云股份2016年度网上业绩说明会,002715
2017/04/28,登海种业,登海种业2016年度业绩说明会,002041
2017/04/14,百川股份,百川股份2016年度业绩说明会,002455
2017/04/21,百润股份,百润股份2016年度业绩说明会,002568
2017/05/12,皇氏集团,皇氏集团2016年度业绩网上说明会,002329
2017/03/02,皖通科技,皖通科技2016年度业绩说明会,002331
2017/03/31,益生股份,益生股份2016年度业绩说明会,002458
2017/04/25,益盛药业,益盛药业2016年度业绩网上说明会,002566
2017/03/23,盐津铺子,盐津铺子2016年度业绩说明会,002847
2017/04/28,盛天网络,盛天网络2016年度业绩说明会,300494
2017/03/24,盛讯达,盛讯达2016年度业绩说明会,300518
2017/05/04,盛路通信,盛路通信2016年度业绩网上说明会,002446
2017/05/09,盛运环保,盛运环保2016年度业绩网上说明会,300090
2017/05/02,盛通股份,盛通股份2016年度业绩网上说明会,002599
2017/04/07,省广股份,省广股份2016年度业绩说明会,002400
2017/04/12,真视通,真视通2016年度业绩网上说明会,002771
2017/04/14,睿康股份,睿康股份2016年度业绩网上说明会,002692
2017/04/18,石基信息,石基信息2016年度业绩网上说明会,002153
2017/05/10,硕贝德,硕贝德2016年度业绩说明会,300322
2017/04/25,碧水源,碧水源2016年度网上业绩说明会,300070
2017/05/09,神农基因,神农基因2016年年度报告网上说明会,300189
2017/05/08,神剑股份,神剑股份2016年度业绩网上说明会,002361
2017/03/30,神宇股份,神宇股份2016年度业绩说明会,300563
2017/05/05,神州泰岳,神州泰岳2016年度业绩网上说明会,300002
2017/04/28,神开股份,神开股份2016年度业绩网上说明会,002278
2017/04/11,神思电子,神思电子2016年度业绩说明会,300479
2017/04/06,神雾环保,神雾环保2016年度业绩说明会,300156
2017/04/06,福安药业,福安药业2016年度业绩说明会,300194
2017/05/03,福建金森,福建金森2016年度业绩网上说明会,002679
2017/04/26,福晶科技,福晶科技2016年度业绩网上说明会,002222
2017/04/10,福瑞股份,福瑞股份2016年度业绩网上说明会,300049
2017/04/28,秀强股份,秀强股份2016年度业绩网上说明会,300160
2017/04/05,科伦药业,科伦药业2016年度业绩说明会,002422
2017/04/24,科信技术,科信技术2016年度业绩网上说明会,300565
2017/05/04,科华恒盛,科华恒盛2016年度业绩网上说明会,002335
2017/04/21,科华生物,科华生物2016年度业绩网上说明会,002022
2017/04/11,科士达,科士达2016年度业绩说明会,002518
2017/03/20,科大国创,科大国创2016年度业绩说明会,300520
2017/04/07,科大智能,科大智能2016年度业绩说明会,300222
2017/03/22,科大讯飞,科大讯飞2016年度业绩说明会,002230
2017/04/14,科恒股份,科恒股份2016年度业绩网上说明会,300340
2017/05/05,科斯伍德,科斯伍德2016年度业绩网上说明会,300192
2017/04/11,科新机电,科新机电2016年度业绩说明会,300092
2017/03/15,科林环保,科林环保2016年度业绩说明会,002499
2017/05/05,科泰电源,科泰电源2016年度业绩网上说明会,300153
2017/05/09,科融环境,科融环境2016年度业绩网上说明会,300152
2017/04/17,科迪乳业,科迪乳业2016年度业绩网上说明会,002770
2017/05/03,科陆电子,科陆电子2016年度业绩说明会,002121
2017/05/03,科隆精化,科隆精化2016年度业绩说明会,300405
2017/05/09,积成电子,积成电子2016年度业绩说明会,002339
2017/04/28,移为通信,移为通信2016年度业绩网上说明会,300590
2017/04/28,立思辰,立思辰2016年度业绩网上说明会,300010
2017/04/19,立昂技术,立昂技术2016年度业绩网上说明会,300603
2017/04/28,立讯精密,立讯精密2016年度业绩网上说明会,002475
2017/04/24,章源钨业,章源钨业2016年度业绩说明会,002378
2017/04/10,第一创业,第一创业2016年度网上业绩说明会,002797
2017/04/28,粤传媒,粤传媒2016年度业绩网上说明会,002181
2017/04/17,粤水电,粤水电2016年年度报告说明会,002060
2017/05/05,精准信息,精准信息2016年度业绩网上说明会,300099
2017/04/25,精功科技,精功科技2016年度业绩网上说明会,002006
2017/04/10,精测电子,精测电子2016年度业绩说明会,300567
2017/03/28,精艺股份,精艺股份2016年度业绩说明会,002295
2017/05/02,精锻科技,精锻科技2016年度业绩网上说明会,300258
2017/05/03,索菱股份,索菱股份2016年度业绩网上说明会,002766
2017/03/20,索菲亚,索菲亚2016年度业绩说明会,002572
2017/03/29,紫光国芯,紫光国芯2016年度业绩说明会,002049
2017/05/11,紫鑫药业,紫鑫药业2016年度业绩网上说明会,002118
2017/04/18,红墙股份,红墙股份2016年度业绩网上说明会,002809
2017/04/14,红宇新材,红宇新材2016年度业绩说明会,300345
2017/05/12,红宝丽,红宝丽2016年度业绩说明会,002165
2017/03/29,红旗连锁,红旗连锁2016年度业绩说明会,002697
2017/04/10,红日药业,红日药业2016年度业绩网上说明会,300026
2017/03/29,红相电力,红相电力2016年度业绩说明会,300427
2017/04/28,纳尔股份,纳尔股份2016年度业绩网上说明会,002825
2017/04/07,纳川股份,纳川股份2016年度业绩说明会,300198
2017/04/11,经纬电材,经纬电材2016年度业绩网上说明会,300120
2017/05/08,维宏股份,维宏股份2016年度业绩说明会,300508
2017/04/10,维尔利,维尔利2016年度业绩说明会,300190
2017/04/27,绿盟科技,绿盟科技2016年度业绩网上说明会,300369
2017/03/16,网宿科技,网宿科技2016年度业绩说明会,300017
2017/04/07,罗平锌电,罗平锌电2016年度业绩说明会,002114
2017/05/10,罗普斯金,罗普斯金2016年度业绩网上说明会,002333
2017/05/09,罗莱生活,罗莱生活2016年度业绩网上说明会,002293
2017/04/14,美亚光电,美亚光电2016年度业绩网上说明会,002690
2017/04/06,美亚柏科,美亚柏科2016年度业绩说明会,300188
2017/03/31,美力科技,美力科技2016年度业绩说明会,300611
2017/04/18,美尚生态,美尚生态2016年度业绩网上说明会,300495
2017/03/30,美尚生态,美尚生态2016年度业绩说明会,300495
2017/03/24,美年健康,美年健康2016年度业绩说明会,002044
2017/05/08,美康生物,美康生物2016年度业绩说明会,300439
2017/05/09,美晨科技,美晨科技2016年度业绩网上说明会,300237
2017/03/20,美欣达,美欣达2016年年度业绩说明会,002034
2017/05/08,美盈森,美盈森2016年度业绩网上说明会,002303
2017/04/28,美邦服饰,美邦服饰2016年度业绩网上说明会,002269
2017/05/08,翔鹭钨业,翔鹭钨业2016年度业绩网上说明会,002842
2017/05/03,翰宇药业,翰宇药业2016年度业绩网上说明会,300199
2017/04/10,老板电器,老板电器2016年度业绩说明会,002508
2017/05/05,耐威科技,耐威科技2016年度业绩说明会,300456
2017/05/12,联创互联,联创互联2016年度业绩网上说明会,300343
2017/04/12,联创电子,联创电子2016年度业绩说明会,002036
2017/04/10,联化科技,联化科技2016年度业绩说明会,002250
2017/04/28,联发股份,联发股份2016年度业绩网上说明会,002394
2017/03/30,联建光电,联建光电2016年度业绩说明会,300269
2017/04/07,联得装备,联得装备2016年度业绩说明会,300545
2017/05/10,联络互动,联络互动2016年度业绩网上说明会,002280
2017/05/05,聚光科技,聚光科技2016年度业绩说明会,300203
2017/04/10,聚隆科技,聚隆科技2016年度业绩说明会,300475
2017/04/06,聚飞光电,聚飞光电2016年度业绩说明会,300303
2017/04/28,聚龙股份,聚龙股份2016年度业绩网上说明会,300202
2017/04/28,胜利精密,胜利精密2016年度网上业绩说明会,002426
2017/03/16,胜宏科技,胜宏科技2016年度业绩说明会,300476
2017/05/10,腾信股份,腾信股份2016年度业绩网上说明会,300392
2017/05/05,腾邦国际,腾邦国际2016年度业绩网上说明会,300178
2017/03/31,舒泰神,舒泰神2016年度业绩说明会,300204
2017/04/12,舜天船舶,舜天船舶2016年度业绩说明会,002608
2017/04/20,航天电器,航天电器2016年度业绩网上说明会,002025
2017/04/26,航新科技,航新科技2016年度网上业绩说明会,300424
2017/03/31,良信电器,良信电器2016年度业绩说明会,002706
2017/04/12,艾比森,艾比森2016年度业绩说明会,300389
2017/05/12,艾派克,艾派克2016年度业绩网上说明会,002180
2017/05/09,芭田股份,芭田股份2016年度业绩网上说明会,002170
2017/04/25,苏交科,苏交科2016年度业绩说明会,300284
2017/04/19,苏大维格,苏大维格2016年度业绩网上说明会,300331
2017/03/30,苏奥传感,苏奥传感2016年度业绩说明会,300507
2017/04/07,苏宁云商,苏宁云商2016年度业绩说明会,002024
2017/04/05,苏宁环球,苏宁环球2016年度业绩说明会,000718
2017/05/05,苏州恒久,苏州恒久2016年度业绩网上说明会,002808
2017/04/12,苏泊尔,苏泊尔2016年度业绩说明会,002032
2017/03/24,英威腾,英威腾2016年度业绩说明会,002334
2017/04/24,英特集团,英特集团2016年度业绩说明会,000411
2017/05/04,英维克,英维克2016年度业绩网上说明会,002837
2017/05/04,英飞拓,英飞拓2016年度业绩网上说明会,002528
2017/05/09,英飞特,英飞特2016年度业绩网上说明会,300582
2017/04/21,茂硕电源,茂硕电源2016年度业绩网上说明会,002660
2017/04/14,荃银高科,荃银高科2016年度业绩说明会,300087
2017/05/03,荣之联,荣之联2016年度业绩网上说明会,002642
2017/04/27,荣盛发展,荣盛发展2016年度业绩网上说明会,002146
2017/04/27,荣盛石化,荣盛石化2016年度业绩网上说明会,002493
2017/04/05,荣科科技,荣科科技2016年度业绩说明会,300290
2017/04/10,莱宝高科,莱宝高科2016年度业绩网上说明会,002106
2017/04/20,莱美药业,莱美药业2016年度业绩说明会,300006
2017/05/11,莱茵生物,莱茵生物2016年度业绩网上说明会,002166
2017/03/28,菲利华,菲利华2016年业绩说明会,300395
2017/04/27,萃华珠宝,萃华珠宝2016年度业绩说明会,002731
2017/05/04,葵花药业,葵花药业2016年度业绩网上说明会,002737
2017/04/28,蒙发利,蒙发利2016年度业绩网上说明会,002614
2017/05/09,蒙草生态,蒙草生态2016年度业绩网上说明会,300355
2017/03/29,蓝丰生化,蓝丰生化2016年度业绩说明会,002513
2017/03/03,蓝帆医疗,蓝帆医疗2016年度业绩说明会,002382
2017/04/27,蓝思科技,蓝思科技2016年度业绩网上说明会,300433
2017/04/20,蓝海华腾,蓝海华腾2016年度业绩网上说明会,300484
2017/05/09,蓝盾股份,蓝盾股份2016年度业绩网上说明会,300297
2017/04/28,蓝色光标,蓝色光标2016年度业绩说明会,300058
2017/04/27,蓝英装备,蓝英装备2016年度业绩说明会,300293
2017/04/11,蓝黛传动,蓝黛传动2016年度业绩网上说明会,002765
2017/05/05,融捷股份,融捷股份2016年度业绩说明会,002192
2017/05/10,融钰集团,融钰集团2016年度业绩网上说明会,002622
2017/03/15,裕兴股份,裕兴股份2016年度业绩说明会,300305
2017/05/04,裕同科技,裕同科技2016年度业绩说明会,002831
2017/04/07,西仪股份,西仪股份2016年度业绩说明会,002265
2017/04/21,西泵股份,西泵股份2016年年度业绩网上说明会,002536
2017/04/12,西部建设,西部建设2016年度业绩网上说明会,002302
2017/04/17,西部材料,西部材料2016年度业绩网上说明会,002149
2017/05/05,西部牧业,西部牧业2016年度业绩说明会,300106
2017/03/24,西陇科学,西陇科学2016年度业绩说明会,002584
2017/04/07,视源股份,视源股份2016年度业绩说明会,002841
2017/04/28,誉衡药业,誉衡药业2016年度业绩网上说明会,002437
2017/05/05,证通电子,证通电子2016年度业绩网上说明会,002197
2017/05/04,诚益通,诚益通2016年度业绩网上说明会,300430
2017/03/24,诚迈科技,诚迈科技2016年度业绩说明会,300598
2017/04/17,诺普信,诺普信2016年度业绩网上说明会,002215
2017/04/07,豪迈科技,豪迈科技2016年度业绩说明会,002595
2017/05/05,豫金刚石,豫金刚石2016年度网上业绩说明会,300064
2017/05/12,贝因美,贝因美2016年度业绩网上说明会,002570
2017/04/27,贝斯特,贝斯特2016年度业绩网上说明会,300580
2017/04/07,贝肯能源,贝肯能源2016年度业绩说明会,002828
2017/04/13,贝达药业,贝达药业2016年度业绩网上说明会,300558
2017/04/13,贤丰控股,贤丰控股2016年度业绩说明会,002141
2017/03/24,贵州百灵,贵州百灵2016年度业绩说明会,002424
2017/04/10,赛为智能,赛为智能2016年度业绩网上说明会,300044
2017/05/05,赛升药业,赛升药业2016年度业绩网上说明会,300485
2017/05/04,赛托生物,赛托生物2016年度业绩网上说明会,300583
2017/05/05,赛摩电气,赛摩电气2016年度业绩说明会,300466
2017/05/05,赞宇科技,赞宇科技2016年度业绩网上说明会,002637
2017/03/24,赢合科技,赢合科技2016年度业绩说明会,300457
2017/05/05,赢时胜,赢时胜2016年度业绩网上说明会,300377
2017/04/21,赣锋锂业,赣锋锂业2016年度业绩说明会,002460
2017/05/04,赫美集团,赫美集团2016年度业绩网上说明会,002356
2017/04/06,超图软件,超图软件2016年度业绩说明会,300036
2017/03/31,跃岭股份,跃岭股份2016年度业绩说明会,002725
2017/03/22,跨境通,跨境通2016年度业绩说明会,002640
2017/05/12,路畅科技,路畅科技2016年度业绩网上说明会,002813
2017/04/28,路通视信,路通视信2016年度业绩网上说明会,300555
2017/05/11,软控股份,软控股份2016年度业绩说明会,002073
2017/04/07,轴研科技,轴研科技2016年度业绩说明会,002046
2017/05/05,辉丰股份,辉丰股份2016年度业绩网上说明会,002496
2017/04/19,辉煌科技,辉煌科技2016年度业绩说明会,002296
2017/05/09,辉隆股份,辉隆股份2016年度业绩网上说明会,002556
2017/04/18,辰安科技,辰安科技2016年度业绩说明会,300523
2017/04/06,达刚路机,达刚路机2016年度业绩说明会,300103
2017/05/03,达华智能,达华智能2016年度业绩网上说明会,002512
2017/04/14,达威股份,达威股份2016年度业绩网上说明会,300535
2017/04/13,达安基因,达安基因2016年度业绩网上说明会,002030
2017/04/24,达实智能,达实智能2016年度业绩网上说明会,002421
2017/05/03,达志科技,达志科技2016年度业绩网上说明会,300530
2017/04/26,达意隆,达意隆2016年度业绩网上说明会,002209
2017/04/10,迅游科技,迅游科技2016年度业绩说明会,300467
2017/04/21,迈克生物,迈克生物2016年度业绩网上说明会,300463
2017/04/12,运达科技,运达科技2016年度业绩说明会,300440
2017/04/27,远东传动,远东传动2016年度业绩网上说明会,002406
2017/04/26,远光软件,远光软件2016年度业绩说明会,002063
2017/04/21,远大智能,远大智能2016年度业绩网上说明会,002689
2017/04/19,远方光电,远方光电2016年度业绩说明会,300306
2017/05/08,远望谷,远望谷2016年度业绩网上说明会,002161
2017/04/24,迦南科技,迦南科技2016年度业绩说明会,300412
2017/04/20,迪威视讯,迪威视讯2016年度业绩网上说明会,300167
2017/04/10,迪安诊断,迪安诊断2016年度业绩说明会,300244
2017/04/06,迪森股份,迪森股份2016年度业绩说明会,300335
2017/04/06,迪瑞医疗,迪瑞医疗2016年度业绩说明会,300396
2017/03/29,通产丽星,通产丽星2016年度业绩说明会,002243
2017/04/14,通光线缆,通光线缆2016年度业绩说明会,300265
2017/03/27,通合科技,通合科技2016年度业绩说明会,300491
2017/04/28,通宇通讯,通宇通讯2016年度业绩网上说明会,002792
2017/03/28,通富微电,通富微电2016年度业绩说明会,002156
2017/04/28,通润装备,通润装备2016年度业绩网上说明会,002150
2017/04/10,通源石油,通源石油2016年度业绩网上说明会,300164
2017/05/08,通裕重工,通裕重工2016年度业绩说明会,300185
2017/05/05,通达动力,通达动力2016年度业绩网上说明会,002576
2017/05/08,通达股份,通达股份2016年度业绩说明会,002560
2017/04/14,通鼎互联,通鼎互联2016年度业绩说明会,002491
2017/05/09,道恩股份,道恩股份2016年度业绩说明会,002838
2017/04/14,邦讯技术,邦讯技术2016年度业绩说明会,300312
2017/03/15,量子高科,量子高科2016年度业绩说明会,300149
2017/05/09,金一文化,金一文化2016年年度业绩网上说明会,002721
2017/05/10,金亚科技,金亚科技2016年度业绩网上说明会,300028
2017/04/07,金信诺,金信诺2016年度业绩说明会,300252
2017/02/24,金冠电气,金冠电气2016年度业绩说明会,300510
2017/05/08,金刚玻璃,金刚玻璃2016年度业绩网上说明会,300093
2017/03/23,金利华电,金利华电2016年度业绩说明会,300069
2017/04/10,金利科技,金利科技2016年度业绩说明会,002464
2017/04/06,金力泰,金力泰2016年度业绩说明会,300225
2017/04/21,金卡智能,金卡智能2016年度业绩说明会,300349
2017/05/15,金发拉比,金发拉比2016年度业绩说明会,002762
2017/05/05,金固股份,金固股份2016年度业绩网上说明会,002488
2017/04/20,金圆股份,金圆股份2016年度业绩网上说明会,000546
2017/04/14,金城医药,金城医药2016年度网上业绩说明会,300233
2017/05/05,金太阳,金太阳2016年度业绩说明会,300606
2017/04/25,金字火腿,金字火腿2016年度业绩说明会,002515
2017/05/05,金安国纪,金安国纪2016年度业绩网上说明会,002636
2017/05/04,金新农,金新农2016年度业绩说明会,002548
2017/05/09,金明精机,金明精机2016年度业绩网上说明会,300281
2017/03/31,金智科技,金智科技2016年度业绩说明会,002090
2017/04/07,金杯电工,金杯电工2016年度业绩说明会,002533
2017/05/09,金正大,金正大2016年度业绩说明会,002470
2017/04/21,金河生物,金河生物2016年度业绩网上说明会,002688
2017/04/28,金洲管道,金洲管道2016年度业绩网上说明会,002443
2017/04/07,金石东方,金石东方2016年度业绩说明会,300434
2017/03/31,金禾实业,金禾实业2016年度业绩说明会,002597
2017/04/17,金科娱乐,金科娱乐2016年度业绩网上说明会,300459
2017/03/31,金莱特,金莱特2016年度业绩说明会,002723
2017/05/10,金螳螂,金螳螂2016年度业绩网上说明会,002081
2017/05/05,金贵银业,金贵银业2016年度业绩网上说明会,002716
2017/05/09,金轮股份,金轮股份2016年度业绩网上说明会,002722
2017/04/12,金达威,金达威2016年度业绩网上说明会,002626
2017/05/05,金运激光,金运激光2016年度业绩网上说明会,300220
2017/04/27,金通灵,金通灵2016年度业绩说明会,300091
2017/04/10,金雷风电,金雷风电2016年度业绩说明会,300443
2017/03/30,金风科技,金风科技2016年度业绩说明会,002202
2017/05/05,金龙机电,金龙机电2016年度业绩网上说明会,300032
2017/03/24,钢研高纳,钢研高纳2016年度业绩说明会,300034
2017/04/21,铁汉生态,铁汉生态2016年度业绩网上说明会,300197
2017/04/24,银之杰,银之杰2016年度业绩网上说明会,300085
2017/04/14,银信科技,银信科技2016年度网上业绩说明会,300231
2017/04/10,银宝山新,银宝山新2016年度业绩说明会,002786
2017/04/28,银江股份,银江股份2016年度业绩网上说明会,300020
2017/03/29,银河电子,银河电子2016年度业绩说明会,002519
2017/04/07,银河磁体,银河磁体2016年度业绩说明会,300127
2017/03/21,银禧科技,银禧科技2016年度业绩说明会,300221
2017/04/19,银轮股份,银轮股份2016年度业绩说明会,002126
2017/05/05,银邦股份,银邦股份2016年度业绩说明会,300337
2017/04/28,锐奇股份,锐奇股份2016年度业绩网上说明会,300126
2017/03/10,锦富技术,锦富技术2016年度业绩说明会,300128
2017/05/10,键桥通讯,键桥通讯2016年度业绩网上说明会,002316
2017/04/25,长亮科技,长亮科技2016年度业绩网上说明会,300348
2017/04/18,长信科技,长信科技2016年度业绩说明会,300088
2017/05/09,长城影视,长城影视2016年度业绩网上说明会,002071
2017/05/05,长方集团,长方集团2016年度业绩网上说明会,300301
2017/05/05,长江润发,长江润发2016年度业绩网上说明会,002435
2017/04/20,长海股份,长海股份2016年度业绩网上说明会,300196
2017/04/14,长生生物,长生生物2016年业绩网上说明会,002680
2017/04/07,长盈精密,长盈精密2016年度业绩说明会,300115
2017/05/04,长荣股份,长荣股份2016年度业绩说明会,300195
2017/04/26,长青股份,长青股份2016年年度业绩网上说明会,002391
2017/04/14,长青集团,长青集团2016年度业绩说明会,002616
2017/04/21,长高集团,长高集团2016年度业绩说明会,002452
2017/05/12,闰土股份,闰土股份2016年度业绩网上说明会,002440
2017/04/24,阳光电源,阳光电源2016年度业绩说明会,300274
2017/04/12,阳普医疗,阳普医疗2016年度业绩说明会,300030
2017/03/06,阳谷华泰,阳谷华泰2016年度业绩说明会,300121
2017/03/31,陇神戎发,陇神戎发2016年度业绩说明会,300534
2017/03/14,隆基机械,隆基机械2016年度业绩说明会,002363
2017/03/22,隆基股份,隆基股份2016年度业绩说明会,601012
2017/05/02,雄塑科技,雄塑科技2016年度业绩网上说明会,300599
2017/04/17,雄帝科技,雄帝科技2016年度业绩网上说明会,300546
2017/04/11,雄韬股份,雄韬股份2016年度业绩说明会,002733
2017/04/13,雅化集团,雅化集团2016年度业绩网上说明会,002497
2017/05/03,雅本化学,雅本化学2016年度业绩说明会,300261
2017/05/09,雅百特,雅百特2016年度业绩说明会,002323
2017/04/20,集智股份,集智股份2016年度业绩网上说明会,300553
2017/05/04,雏鹰农牧,雏鹰农牧2016年度业绩说明会,002477
2017/05/10,雪人股份,雪人股份2016年度业绩说明会,002639
2017/03/27,雪榕生物,雪榕生物2016年度业绩说明会,300511
2017/03/31,雪莱特,雪莱特2016年度业绩说明会,002076
2017/03/20,雪迪龙,雪迪龙2016年度业绩说明会,002658
2017/05/09,雷曼股份,雷曼股份2016年度业绩网上说明会,300162
2017/03/27,雷柏科技,雷柏科技2016年度业绩说明会,002577
2017/05/05,雷科防务,雷科防务2016年度业绩说明会,002413
2017/04/19,霞客环保,霞客环保2016年度业绩说明会,002015
2017/04/07,露天煤业,露天煤业2016年度业绩网上说明会,002128
2017/05/04,青岛金王,青岛金王2016年度业绩网上说明会,002094
2017/04/18,青松股份,青松股份2016年度业绩网上说明会,300132
2017/05/03,青青稞酒,青青稞酒2016年度业绩说明会,002646
2017/04/07,青龙管业,青龙管业2016年度业绩说明会,002457
2017/05/04,鞍重股份,鞍重股份2016年度业绩说明会,002667
2017/04/28,韵达股份,韵达股份2016年度业绩网上说明会,002120
2017/03/22,顺丰控股,顺丰控股2016年度业绩说明会,002352
2017/05/04,顺威股份,顺威股份2016年度业绩说明会,002676
2017/04/27,顺灏股份,顺灏股份2016年度业绩说明会,002565
2017/04/06,顺络电子,顺络电子2016年度业绩说明会,002138
2017/03/28,顺网科技,顺网科技2016年度业绩说明会,300113
2017/03/24,顾地科技,顾地科技2016年度业绩说明会,002694
2017/02/28,飞凯材料,飞凯材料2016年度业绩说明会,300398
2017/05/05,飞利信,飞利信2016年度业绩网上说明会,300287
2017/04/21,飞力达,飞力达2016年度业绩网上说明会,300240
2017/04/26,飞荣达,飞荣达2016年度业绩说明会,300602
2017/05/05,飞马国际,飞马国际2016年度业绩说明会,002210
2017/05/09,首航节能,首航节能2016年度业绩说明会,002665
2017/04/07,香雪制药,香雪制药2016年度业绩说明会,300147
2017/04/07,骅威文化,骅威文化2016年度业绩网上说明会,002502
2017/04/18,高乐股份,高乐股份2016年度业绩网上说明会,002348
2017/04/24,高争民爆,高争民爆2016年度业绩网上说明会,002827
2017/04/28,高伟达,高伟达2016年度业绩网上说明会,300465
2017/04/13,高德红外,高德红外2016年度业绩网上说明会,002414
2017/04/27,高斯贝尔,高斯贝尔2016年度业绩网上说明会,002848
2017/04/25,高新兴,高新兴2016年度业绩说明会,300098
2017/04/13,高澜股份,高澜股份2016年度业绩网上说明会,300499
2017/04/28,高盟新材,高盟新材2016年度业绩说明会,300200
2017/04/26,高科石化,高科石化2016年度业绩网上说明会,002778
2017/04/12,鱼跃医疗,鱼跃医疗2016年度业绩说明会,002223
2017/03/15,鲁亿通,鲁亿通2016年度业绩说明会,300423
2017/05/05,鲁阳节能,鲁阳节能2016年度业绩网上说明会,002088
2017/04/27,鲍斯股份,鲍斯股份2016年度业绩网上说明会,300441
2017/05/08,鸿利智汇,鸿利智汇2016年年度业绩网上说明会,300219
2017/04/20,鸿博股份,鸿博股份2016年度业绩网上说明会,002229
2017/03/31,鸿特精密,鸿特精密2016年度业绩说明会,300176
2017/04/07,鸿路钢构,鸿路钢构2016年度业绩说明会,002541
2017/05/08,鸿达兴业,鸿达兴业2016年度业绩网上说明会,002002
2017/03/24,鹏翎股份,鹏翎股份2016年度业绩说明会,300375
2017/05/09,鹏辉能源,鹏辉能源2016年度业绩网上说明会,300438
2017/04/21,鹭燕医药,鹭燕医药2016年度网上业绩说明会,002788
2017/04/11,麦捷科技,麦捷科技2016年度业绩说明会,300319
2017/05/05,麦趣尔,麦趣尔2016年度业绩网上说明会,002719
2017/04/06,麦达数字,麦达数字2016年度业绩说明会,002137
2017/04/10,麦迪电气,麦迪电气2016年度业绩网上说明会,300341
2017/04/17,黄山胶囊,黄山胶囊2016年度业绩网上说明会,002817
2017/04/14,黑牛食品,黑牛食品2016年度业绩网上说明会,002387
2017/05/10,黑猫股份,黑猫股份2016年度业绩网上说明会,002068
2017/04/07,黔源电力,黔源电力2016年度业绩说明会,002039
2017/03/30,鼎捷软件,鼎捷软件2016年度业绩说明会,300378
2017/04/28,鼎汉技术,鼎汉技术2016年度业绩网上说明会,300011
2017/04/18,鼎龙股份,鼎龙股份2016年度业绩说明会,300054
2017/04/05,齐峰新材,齐峰新材2016年度业绩说明会,002521
2017/03/24,齐心集团,齐心集团2016年度业绩说明会,002301
2017/03/27,齐翔腾达,齐翔腾达2016年度业绩说明会,002408
2017/04/11,龙力生物,龙力生物2016年度业绩网上说明会,002604
2017/04/28,龙大肉食,龙大肉食2016年度业绩网上说明会,002726
2017/05/08,龙星化工,龙星化工2016年度业绩网上说明会,002442
2017/05/08,龙泉股份,龙泉股份2016年度业绩说明会,002671
2017/04/17,龙津药业,龙津药业2016年度业绩说明会,002750
2017/05/03,龙洲股份,龙洲股份2016年度业绩说明会,002682
2017/03/28,龙源技术,龙源技术2016年度业绩说明会,300105
2017/04/17,龙蟒佰利,龙蟒佰利2016年度业绩说明会,002601
