2017/05/10,汉缆股份,汉缆股份2016年度业绩网上说明会,002498
2017/03/30,汉邦高科,汉邦高科2016年度业绩说明会,300449
2017/04/11,汉钟精机,汉钟精机2016年度业绩说明会,002158
2017/05/12,汉鼎宇佑,汉鼎宇佑2016年度网上业绩说明会,300300
2017/03/30,江南化工,江南化工2016年度业绩说明会,002226
2017/03/03,江山化工,江山化工2016年度网上业绩说明会,002601
2017/04/06,江海股份,江海股份2016年度业绩说明会,002484
2017/05/05,江粉磁材,江粉磁材2016年度业绩网上说明会,002600
2017/04/28,江苏国泰,江苏国泰2016年度业绩网上说明会,002091
2017/03/31,江苏神通,江苏神通2016年度业绩说明会,002438
2017/03/16,江阴银行,江阴银行2016年度业绩说明会,002807
2017/05/05,江龙船艇,江龙船艇2016年度业绩网上说明会,300589
2017/04/21,沃尔核材,沃尔核材2016年度业绩说明会,002130
2017/05/05,沃施股份,沃施股份2016年度业绩网上说明会,300483
2017/04/27,沃森生物,沃森生物2016年度业绩说明会,300142
2017/04/06,沙钢股份,沙钢股份2016年度业绩说明会,002075
2017/04/06,沧州明珠,沧州明珠2016年业绩说明会,002108
2017/04/06,沪电股份,沪电股份2016年度业绩以及利润分配预案说明会,002463
2017/05/05,泰和新材,泰和新材2016年度业绩说明会,002254
2017/04/13,泰嘉股份,泰嘉股份2016年度业绩说明会,002843
2017/04/14,泰尔股份,泰尔股份2016年度业绩网上说明会,002347
2017/05/10,泰格医药,泰格医药2016年度业绩网上说明会,300347
2017/05/10,泰胜风能,泰胜风能2016年度业绩说明会,300129
2017/05/05,洋河股份,洋河股份2016年度网上业绩说明会,002304
2017/03/28,津膜科技,津膜科技2016年度业绩说明会,300334
2017/05/08,洪汇新材,洪汇新材2016年度业绩网上说明会,002802
2017/05/12,洪涛股份,洪涛股份2016年度业绩网上说明会,002325
2017/05/03,洲明科技,洲明科技2016年度业绩网上说明会,300232
2017/04/07,洽洽食品,洽洽食品2016年度业绩说明会,002557
2017/05/05,浔兴股份,浔兴股份2016年度业绩网上说明会,002098
2017/05/08,浙富控股,浙富控股2016年度业绩网上说明会,002266
2017/04/28,浙江众成,浙江众成2016年年度报告网络业绩说明会,002522
2017/05/04,浙江永强,浙江永强2016年度业绩网上说明会,002489
2017/03/23,浙江美大,浙江美大2016年度业绩说明会,002677
2017/04/07,浩云科技,浩云科技2016年度业绩说明会,300448
2017/05/09,海亮股份,海亮股份2016年度业绩说明会,002203
2017/05/05,海伦哲,海伦哲2016年度业绩说明会,300201
2017/04/18,海伦钢琴,海伦钢琴2016年度业绩网上说明会,300329
2017/05/04,海兰信,海兰信2016年度业绩说明会,300065
2017/03/31,海利尔,海利尔2016年度业绩说明会,603639
2017/04/06,海利得,海利得2016年度业绩网上说明会,002206
2017/04/06,海南瑞泽,海南瑞泽2016年度业绩说明会,002596
2017/05/05,海大集团,海大集团2016年度业绩说明会,002311
2017/04/27,海宁皮城,海宁皮城2016年度业绩说明会,002344
2017/04/13,海峡股份,海峡股份2016年度业绩网上说明会,002320
2017/04/14,海得控制,海得控制2016年度业绩说明会,002184
2017/05/11,海思科,海思科2016年度业绩网上说明会,002653
2017/05/04,海普瑞,海普瑞2016年度业绩网上说明会,002399
2017/04/06,海格通信,海格通信2016年度业绩说明会,002465
2017/03/30,海欣食品,海欣食品2016年度业绩说明会,002702
2017/04/19,海波重科,海波重科2016年度业绩网上说明会,300517
2017/05/03,海洋王,海洋王2016年度业绩网上说明会,002724
2017/05/03,海源机械,海源机械2016年度业绩网上说明会,002529
2017/04/26,海特高新,海特高新2016年度业绩网上说明会,002023
2017/04/19,海立美达,海立美达2016年度业绩网上说明会,002537
2017/04/27,海翔药业,海翔药业2016年度业绩说明会,002099
2017/05/12,海联讯,海联讯2016年度业绩说明会,300277
2017/04/18,海越股份,海越股份2016年度业绩说明会,600387
2017/05/02,海辰药业,海辰药业2016年度业绩网上说明会,300584
2017/04/13,海达股份,海达股份2016年度业绩网上说明会,300320
2017/03/10,海顺新材,海顺新材2016年度业绩说明会,300501
2017/04/05,海鸥卫浴,海鸥卫浴2016年度业绩说明会,002084
2017/04/21,润和软件,润和软件2016年度业绩说明会,300339
2017/03/14,润欣科技,润欣科技2016年度业绩说明会,300493
2017/04/26,润邦股份,润邦股份2016年度业绩网上说明会,002483
2017/04/07,涪陵榨菜,涪陵榨菜2016年度业绩说明会,002507
2017/04/18,深冷股份,深冷股份2016年度业绩说明会,300540
2017/03/08,深圳惠程,深圳惠程2016年度业绩说明会,002168
2017/05/04,清新环境,清新环境2016年度业绩网上说明会,002573
2017/04/12,温州宏丰,温州宏丰2016年度业绩说明会,300283
2017/04/12,温氏股份,温氏股份2016年度业绩网上说明会,300498
2017/04/12,游族网络,游族网络2016年度业绩网上说明会,002174
2017/03/22,湖南黄金,湖南黄金2016年度业绩说明会,002155
2017/04/14,湘潭电化,湘潭电化2016年度业绩网上说明会,002125
2017/04/18,溢多利,溢多利2016年度业绩网上说明会,300381
2017/04/26,滨江集团,滨江集团2016年度业绩说明会,002244
2017/05/04,漫步者,漫步者2016年度业绩网上说明会,002351
2017/05/08,潜能恒信,潜能恒信2016年度业绩网上说明会,300191
2017/05/03,潮宏基,潮宏基2016年度报告网上说明会,002345
2017/03/24,澳洋科技,澳洋科技2016年度业绩说明会,002172
2017/05/04,激智科技,激智科技2016年度业绩网上说明会,300566
2017/04/28,濮耐股份,濮耐股份2016年度业绩网上说明会,002225
2017/04/10,濮阳惠成,濮阳惠成2016年度业绩说明会,300481
2017/05/05,炬华科技,炬华科技2016年度业绩网上说明会,300360
2017/03/27,焦点科技,焦点科技2016年度业绩说明会,002315
2017/03/17,煌上煌,煌上煌2016年度业绩说明会,002695
2017/04/27,熙菱信息,熙菱信息2016年度业绩网上说明会,300588
2017/03/09,燕塘乳业,燕塘乳业2016年度业绩说明会,002732
2017/05/05,爱仕达,爱仕达2016年度业绩网上说明会,002403
2017/04/26,爱司凯,爱司凯2016年度业绩网上说明会,300521
2017/04/13,爱尔眼科,爱尔眼科2016年度业绩网上说明会,300015
2017/05/03,爱康科技,爱康科技2016年度业绩网上说明会,002610
2017/05/08,爱施德,爱施德2016年度业绩网上说明会,002416
2017/05/05,牧原股份,牧原股份2016年度业绩网上说明会,002714
2017/04/11,特一药业,特一药业2016年度业绩说明会,002728
2017/04/27,特尔佳,特尔佳2016年度网上业绩说明会,002213
2017/04/24,特锐德,特锐德2016年度业绩网上说明会,300001
2017/04/17,猛狮科技,猛狮科技2016年度业绩说明会,002684
2017/04/27,王子新材,王子新材2016年度业绩网上说明会,002735
2017/05/08,环球印务,环球印务2016年度网上业绩说明会,002799
2017/04/19,环能科技,环能科技2016年度业绩说明会,300425
2017/04/05,珈伟股份,珈伟股份2016年度业绩说明会,300317
2017/04/06,珠江啤酒,珠江啤酒2016年度业绩网上说明会,002461
2017/03/14,理工光科,理工光科2016年度业绩说明会,300557
2017/05/09,理工环科,理工环科2016年度业绩说明会,002322
2017/04/24,理邦仪器,理邦仪器2016年度业绩说明会,300206
2017/04/05,瑞丰光电,瑞丰光电2016年度业绩说明会,300241
2017/04/27,瑞丰高材,瑞丰高材2016年度业绩网上说明会,300243
2017/05/08,瑞凌股份,瑞凌股份2016年度业绩说明会,300154
2017/05/09,瑞和股份,瑞和股份2016年度业绩网上说明会,002620
2017/04/25,瑞尔特,瑞尔特2016年度业绩网上说明会,002790
2017/04/11,瑞康医药,瑞康医药2016年度业绩说明会,002589
2017/04/27,瑞普生物,瑞普生物2016年度业绩网上说明会,300119
2017/04/07,瑞泰科技,瑞泰科技2016年度业绩说明会,002066
2017/05/03,瑞特股份,瑞特股份2016年度业绩网上说明会,300600
2017/05/05,生意宝,生意宝2016年度业绩网上说明会,002095
2017/04/28,田中精机,田中精机2016年度业绩网上说明会,300461
2017/04/24,申通快递,申通快递2016年度网上业绩说明会,002468
2017/05/09,电光科技,电光科技2016年度业绩网上说明会,002730
2017/03/31,电科院,电科院2016年度业绩说明会,300215
2017/05/10,登云股份,登云股份2016年度网上业绩说明会,002715
2017/04/28,登海种业,登海种业2016年度业绩说明会,002041
2017/04/14,百川股份,百川股份2016年度业绩说明会,002455
2017/04/21,百润股份,百润股份2016年度业绩说明会,002568
2017/05/12,皇氏集团,皇氏集团2016年度业绩网上说明会,002329
2017/03/02,皖通科技,皖通科技2016年度业绩说明会,002331
2017/03/31,益生股份,益生股份2016年度业绩说明会,002458
2017/04/25,益盛药业,益盛药业2016年度业绩网上说明会,002566
2017/03/23,盐津铺子,盐津铺子2016年度业绩说明会,002847
2017/04/28,盛天网络,盛天网络2016年度业绩说明会,300494
2017/03/24,盛讯达,盛讯达2016年度业绩说明会,300518
2017/05/04,盛路通信,盛路通信2016年度业绩网上说明会,002446
2017/05/09,盛运环保,盛运环保2016年度业绩网上说明会,300090
2017/05/02,盛通股份,盛通股份2016年度业绩网上说明会,002599
2017/04/07,省广股份,省广股份2016年度业绩说明会,002400
2017/04/12,真视通,真视通2016年度业绩网上说明会,002771
2017/04/14,睿康股份,睿康股份2016年度业绩网上说明会,002692
2017/04/18,石基信息,石基信息2016年度业绩网上说明会,002153
2017/05/10,硕贝德,硕贝德2016年度业绩说明会,300322
2017/04/25,碧水源,碧水源2016年度网上业绩说明会,300070
2017/05/09,神农基因,神农基因2016年年度报告网上说明会,300189
2017/05/08,神剑股份,神剑股份2016年度业绩网上说明会,002361
2017/03/30,神宇股份,神宇股份2016年度业绩说明会,300563
2017/05/05,神州泰岳,神州泰岳2016年度业绩网上说明会,300002
2017/04/28,神开股份,神开股份2016年度业绩网上说明会,002278
2017/04/11,神思电子,神思电子2016年度业绩说明会,300479
2017/04/06,神雾环保,神雾环保2016年度业绩说明会,300156
2017/04/06,福安药业,福安药业2016年度业绩说明会,300194
2017/05/03,福建金森,福建金森2016年度业绩网上说明会,002679
2017/04/26,福晶科技,福晶科技2016年度业绩网上说明会,002222
2017/04/10,福瑞股份,福瑞股份2016年度业绩网上说明会,300049
2017/04/28,秀强股份,秀强股份2016年度业绩网上说明会,300160
2017/04/05,科伦药业,科伦药业2016年度业绩说明会,002422
2017/04/24,科信技术,科信技术2016年度业绩网上说明会,300565
2017/05/04,科华恒盛,科华恒盛2016年度业绩网上说明会,002335
2017/04/21,科华生物,科华生物2016年度业绩网上说明会,002022
2017/04/11,科士达,科士达2016年度业绩说明会,002518
2017/03/20,科大国创,科大国创2016年度业绩说明会,300520
2017/04/07,科大智能,科大智能2016年度业绩说明会,300222
2017/03/22,科大讯飞,科大讯飞2016年度业绩说明会,002230
2017/04/14,科恒股份,科恒股份2016年度业绩网上说明会,300340
2017/05/05,科斯伍德,科斯伍德2016年度业绩网上说明会,300192
2017/04/11,科新机电,科新机电2016年度业绩说明会,300092
2017/03/15,科林环保,科林环保2016年度业绩说明会,002499
2017/05/05,科泰电源,科泰电源2016年度业绩网上说明会,300153
2017/05/09,科融环境,科融环境2016年度业绩网上说明会,300152
2017/04/17,科迪乳业,科迪乳业2016年度业绩网上说明会,002770
2017/05/03,科陆电子,科陆电子2016年度业绩说明会,002121
2017/05/03,科隆精化,科隆精化2016年度业绩说明会,300405
2017/05/09,积成电子,积成电子2016年度业绩说明会,002339
2017/04/28,移为通信,移为通信2016年度业绩网上说明会,300590
2017/04/28,立思辰,立思辰2016年度业绩网上说明会,300010
2017/04/19,立昂技术,立昂技术2016年度业绩网上说明会,300603
2017/04/28,立讯精密,立讯精密2016年度业绩网上说明会,002475
2017/04/24,章源钨业,章源钨业2016年度业绩说明会,002378
2017/04/10,第一创业,第一创业2016年度网上业绩说明会,002797
2017/04/28,粤传媒,粤传媒2016年度业绩网上说明会,002181
2017/04/17,粤水电,粤水电2016年年度报告说明会,002060
2017/05/05,精准信息,精准信息2016年度业绩网上说明会,300099
2017/04/25,精功科技,精功科技2016年度业绩网上说明会,002006
2017/04/10,精测电子,精测电子2016年度业绩说明会,300567
2017/03/28,精艺股份,精艺股份2016年度业绩说明会,002295
2017/05/02,精锻科技,精锻科技2016年度业绩网上说明会,300258
2017/05/03,索菱股份,索菱股份2016年度业绩网上说明会,002766
2017/03/20,索菲亚,索菲亚2016年度业绩说明会,002572
2017/03/29,紫光国芯,紫光国芯2016年度业绩说明会,002049
2017/05/11,紫鑫药业,紫鑫药业2016年度业绩网上说明会,002118
2017/04/18,红墙股份,红墙股份2016年度业绩网上说明会,002809
2017/04/14,红宇新材,红宇新材2016年度业绩说明会,300345
2017/05/12,红宝丽,红宝丽2016年度业绩说明会,002165
2017/03/29,红旗连锁,红旗连锁2016年度业绩说明会,002697
2017/04/10,红日药业,红日药业2016年度业绩网上说明会,300026
2017/03/29,红相电力,红相电力2016年度业绩说明会,300427
2017/04/28,纳尔股份,纳尔股份2016年度业绩网上说明会,002825
2017/04/07,纳川股份,纳川股份2016年度业绩说明会,300198
2017/04/11,经纬电材,经纬电材2016年度业绩网上说明会,300120
2017/05/08,维宏股份,维宏股份2016年度业绩说明会,300508
2017/04/10,维尔利,维尔利2016年度业绩说明会,300190
2017/04/27,绿盟科技,绿盟科技2016年度业绩网上说明会,300369
2017/03/16,网宿科技,网宿科技2016年度业绩说明会,300017
2017/04/07,罗平锌电,罗平锌电2016年度业绩说明会,002114
2017/05/10,罗普斯金,罗普斯金2016年度业绩网上说明会,002333
2017/05/09,罗莱生活,罗莱生活2016年度业绩网上说明会,002293
2017/04/14,美亚光电,美亚光电2016年度业绩网上说明会,002690
2017/04/06,美亚柏科,美亚柏科2016年度业绩说明会,300188
2017/03/31,美力科技,美力科技2016年度业绩说明会,300611
2017/04/18,美尚生态,美尚生态2016年度业绩网上说明会,300495
2017/03/30,美尚生态,美尚生态2016年度业绩说明会,300495
2017/03/24,美年健康,美年健康2016年度业绩说明会,002044
2017/05/08,美康生物,美康生物2016年度业绩说明会,300439
2017/05/09,美晨科技,美晨科技2016年度业绩网上说明会,300237
2017/03/20,美欣达,美欣达2016年年度业绩说明会,002034
2017/05/08,美盈森,美盈森2016年度业绩网上说明会,002303
2017/04/28,美邦服饰,美邦服饰2016年度业绩网上说明会,002269
2017/05/08,翔鹭钨业,翔鹭钨业2016年度业绩网上说明会,002842
2017/05/03,翰宇药业,翰宇药业2016年度业绩网上说明会,300199
2017/04/10,老板电器,老板电器2016年度业绩说明会,002508
2017/05/05,耐威科技,耐威科技2016年度业绩说明会,300456
2017/05/12,联创互联,联创互联2016年度业绩网上说明会,300343
2017/04/12,联创电子,联创电子2016年度业绩说明会,002036
2017/04/10,联化科技,联化科技2016年度业绩说明会,002250
2017/04/28,联发股份,联发股份2016年度业绩网上说明会,002394
2017/03/30,联建光电,联建光电2016年度业绩说明会,300269
2017/04/07,联得装备,联得装备2016年度业绩说明会,300545
2017/05/10,联络互动,联络互动2016年度业绩网上说明会,002280
2017/05/05,聚光科技,聚光科技2016年度业绩说明会,300203
2017/04/10,聚隆科技,聚隆科技2016年度业绩说明会,300475
2017/04/06,聚飞光电,聚飞光电2016年度业绩说明会,300303
2017/04/28,聚龙股份,聚龙股份2016年度业绩网上说明会,300202
2017/04/28,胜利精密,胜利精密2016年度网上业绩说明会,002426
2017/03/16,胜宏科技,胜宏科技2016年度业绩说明会,300476
2017/05/10,腾信股份,腾信股份2016年度业绩网上说明会,300392
2017/05/05,腾邦国际,腾邦国际2016年度业绩网上说明会,300178
2017/03/31,舒泰神,舒泰神2016年度业绩说明会,300204
2017/04/12,舜天船舶,舜天船舶2016年度业绩说明会,002608
2017/04/20,航天电器,航天电器2016年度业绩网上说明会,002025
2017/04/26,航新科技,航新科技2016年度网上业绩说明会,300424
2017/03/31,良信电器,良信电器2016年度业绩说明会,002706
2017/04/12,艾比森,艾比森2016年度业绩说明会,300389
2017/05/12,艾派克,艾派克2016年度业绩网上说明会,002180
2017/05/09,芭田股份,芭田股份2016年度业绩网上说明会,002170
2017/04/25,苏交科,苏交科2016年度业绩说明会,300284
2017/04/19,苏大维格,苏大维格2016年度业绩网上说明会,300331
2017/03/30,苏奥传感,苏奥传感2016年度业绩说明会,300507
2017/04/07,苏宁云商,苏宁云商2016年度业绩说明会,002024
2017/04/05,苏宁环球,苏宁环球2016年度业绩说明会,000718
2017/05/05,苏州恒久,苏州恒久2016年度业绩网上说明会,002808
2017/04/12,苏泊尔,苏泊尔2016年度业绩说明会,002032
2017/03/24,英威腾,英威腾2016年度业绩说明会,002334
2017/04/24,英特集团,英特集团2016年度业绩说明会,000411
2017/05/04,英维克,英维克2016年度业绩网上说明会,002837
2017/05/04,英飞拓,英飞拓2016年度业绩网上说明会,002528
2017/05/09,英飞特,英飞特2016年度业绩网上说明会,300582
2017/04/21,茂硕电源,茂硕电源2016年度业绩网上说明会,002660
2017/04/14,荃银高科,荃银高科2016年度业绩说明会,300087
2017/05/03,荣之联,荣之联2016年度业绩网上说明会,002642
2017/04/27,荣盛发展,荣盛发展2016年度业绩网上说明会,002146
2017/04/27,荣盛石化,荣盛石化2016年度业绩网上说明会,002493
2017/04/05,荣科科技,荣科科技2016年度业绩说明会,300290
2017/04/10,莱宝高科,莱宝高科2016年度业绩网上说明会,002106
2017/04/20,莱美药业,莱美药业2016年度业绩说明会,300006
2017/05/11,莱茵生物,莱茵生物2016年度业绩网上说明会,002166
2017/03/28,菲利华,菲利华2016年业绩说明会,300395
2017/04/27,萃华珠宝,萃华珠宝2016年度业绩说明会,002731
2017/05/04,葵花药业,葵花药业2016年度业绩网上说明会,002737
2017/04/28,蒙发利,蒙发利2016年度业绩网上说明会,002614
2017/05/09,蒙草生态,蒙草生态2016年度业绩网上说明会,300355
2017/03/29,蓝丰生化,蓝丰生化2016年度业绩说明会,002513
2017/03/03,蓝帆医疗,蓝帆医疗2016年度业绩说明会,002382
2017/04/27,蓝思科技,蓝思科技2016年度业绩网上说明会,300433
2017/04/20,蓝海华腾,蓝海华腾2016年度业绩网上说明会,300484
2017/05/09,蓝盾股份,蓝盾股份2016年度业绩网上说明会,300297
2017/04/28,蓝色光标,蓝色光标2016年度业绩说明会,300058
2017/04/27,蓝英装备,蓝英装备2016年度业绩说明会,300293
2017/04/11,蓝黛传动,蓝黛传动2016年度业绩网上说明会,002765
2017/05/05,融捷股份,融捷股份2016年度业绩说明会,002192
2017/05/10,融钰集团,融钰集团2016年度业绩网上说明会,002622
2017/03/15,裕兴股份,裕兴股份2016年度业绩说明会,300305
2017/05/04,裕同科技,裕同科技2016年度业绩说明会,002831
2017/04/07,西仪股份,西仪股份2016年度业绩说明会,002265
2017/04/21,西泵股份,西泵股份2016年年度业绩网上说明会,002536
2017/04/12,西部建设,西部建设2016年度业绩网上说明会,002302
2017/04/17,西部材料,西部材料2016年度业绩网上说明会,002149
2017/05/05,西部牧业,西部牧业2016年度业绩说明会,300106
2017/03/24,西陇科学,西陇科学2016年度业绩说明会,002584
2017/04/07,视源股份,视源股份2016年度业绩说明会,002841
2017/04/28,誉衡药业,誉衡药业2016年度业绩网上说明会,002437
2017/05/05,证通电子,证通电子2016年度业绩网上说明会,002197
2017/05/04,诚益通,诚益通2016年度业绩网上说明会,300430
2017/03/24,诚迈科技,诚迈科技2016年度业绩说明会,300598
2017/04/17,诺普信,诺普信2016年度业绩网上说明会,002215
2017/04/07,豪迈科技,豪迈科技2016年度业绩说明会,002595
2017/05/05,豫金刚石,豫金刚石2016年度网上业绩说明会,300064
2017/05/12,贝因美,贝因美2016年度业绩网上说明会,002570
2017/04/27,贝斯特,贝斯特2016年度业绩网上说明会,300580
2017/04/07,贝肯能源,贝肯能源2016年度业绩说明会,002828
2017/04/13,贝达药业,贝达药业2016年度业绩网上说明会,300558
2017/04/13,贤丰控股,贤丰控股2016年度业绩说明会,002141
2017/03/24,贵州百灵,贵州百灵2016年度业绩说明会,002424
2017/04/10,赛为智能,赛为智能2016年度业绩网上说明会,300044
2017/05/05,赛升药业,赛升药业2016年度业绩网上说明会,300485
2017/05/04,赛托生物,赛托生物2016年度业绩网上说明会,300583
2017/05/05,赛摩电气,赛摩电气2016年度业绩说明会,300466
2017/05/05,赞宇科技,赞宇科技2016年度业绩网上说明会,002637
2017/03/24,赢合科技,赢合科技2016年度业绩说明会,300457
2017/05/05,赢时胜,赢时胜2016年度业绩网上说明会,300377
2017/04/21,赣锋锂业,赣锋锂业2016年度业绩说明会,002460
2017/05/04,赫美集团,赫美集团2016年度业绩网上说明会,002356
2017/04/06,超图软件,超图软件2016年度业绩说明会,300036
2017/03/31,跃岭股份,跃岭股份2016年度业绩说明会,002725
2017/03/22,跨境通,跨境通2016年度业绩说明会,002640
2017/05/12,路畅科技,路畅科技2016年度业绩网上说明会,002813
2017/04/28,路通视信,路通视信2016年度业绩网上说明会,300555
2017/05/11,软控股份,软控股份2016年度业绩说明会,002073
2017/04/07,轴研科技,轴研科技2016年度业绩说明会,002046
2017/05/05,辉丰股份,辉丰股份2016年度业绩网上说明会,002496
2017/04/19,辉煌科技,辉煌科技2016年度业绩说明会,002296
2017/05/09,辉隆股份,辉隆股份2016年度业绩网上说明会,002556
2017/04/18,辰安科技,辰安科技2016年度业绩说明会,300523
2017/04/06,达刚路机,达刚路机2016年度业绩说明会,300103
2017/05/03,达华智能,达华智能2016年度业绩网上说明会,002512
2017/04/14,达威股份,达威股份2016年度业绩网上说明会,300535
2017/04/13,达安基因,达安基因2016年度业绩网上说明会,002030
2017/04/24,达实智能,达实智能2016年度业绩网上说明会,002421
2017/05/03,达志科技,达志科技2016年度业绩网上说明会,300530
2017/04/26,达意隆,达意隆2016年度业绩网上说明会,002209
2017/04/10,迅游科技,迅游科技2016年度业绩说明会,300467
2017/04/21,迈克生物,迈克生物2016年度业绩网上说明会,300463
2017/04/12,运达科技,运达科技2016年度业绩说明会,300440
2017/04/27,远东传动,远东传动2016年度业绩网上说明会,002406
2017/04/26,远光软件,远光软件2016年度业绩说明会,002063
2017/04/21,远大智能,远大智能2016年度业绩网上说明会,002689
2017/04/19,远方光电,远方光电2016年度业绩说明会,300306
2017/05/08,远望谷,远望谷2016年度业绩网上说明会,002161
2017/04/24,迦南科技,迦南科技2016年度业绩说明会,300412
2017/04/20,迪威视讯,迪威视讯2016年度业绩网上说明会,300167
2017/04/10,迪安诊断,迪安诊断2016年度业绩说明会,300244
2017/04/06,迪森股份,迪森股份2016年度业绩说明会,300335
2017/04/06,迪瑞医疗,迪瑞医疗2016年度业绩说明会,300396
2017/03/29,通产丽星,通产丽星2016年度业绩说明会,002243
2017/04/14,通光线缆,通光线缆2016年度业绩说明会,300265
2017/03/27,通合科技,通合科技2016年度业绩说明会,300491
2017/04/28,通宇通讯,通宇通讯2016年度业绩网上说明会,002792
2017/03/28,通富微电,通富微电2016年度业绩说明会,002156
2017/04/28,通润装备,通润装备2016年度业绩网上说明会,002150
2017/04/10,通源石油,通源石油2016年度业绩网上说明会,300164
2017/05/08,通裕重工,通裕重工2016年度业绩说明会,300185
2017/05/05,通达动力,通达动力2016年度业绩网上说明会,002576
2017/05/08,通达股份,通达股份2016年度业绩说明会,002560
2017/04/14,通鼎互联,通鼎互联2016年度业绩说明会,002491
2017/05/09,道恩股份,道恩股份2016年度业绩说明会,002838
2017/04/14,邦讯技术,邦讯技术2016年度业绩说明会,300312
2017/03/15,量子高科,量子高科2016年度业绩说明会,300149
2017/05/09,金一文化,金一文化2016年年度业绩网上说明会,002721
2017/05/10,金亚科技,金亚科技2016年度业绩网上说明会,300028
2017/04/07,金信诺,金信诺2016年度业绩说明会,300252
2017/02/24,金冠电气,金冠电气2016年度业绩说明会,300510
2017/05/08,金刚玻璃,金刚玻璃2016年度业绩网上说明会,300093
2017/03/23,金利华电,金利华电2016年度业绩说明会,300069
2017/04/10,金利科技,金利科技2016年度业绩说明会,002464
2017/04/06,金力泰,金力泰2016年度业绩说明会,300225
2017/04/21,金卡智能,金卡智能2016年度业绩说明会,300349
2017/05/15,金发拉比,金发拉比2016年度业绩说明会,002762
2017/05/05,金固股份,金固股份2016年度业绩网上说明会,002488
2017/04/20,金圆股份,金圆股份2016年度业绩网上说明会,000546
2017/04/14,金城医药,金城医药2016年度网上业绩说明会,300233
2017/05/05,金太阳,金太阳2016年度业绩说明会,300606
2017/04/25,金字火腿,金字火腿2016年度业绩说明会,002515
2017/05/05,金安国纪,金安国纪2016年度业绩网上说明会,002636
2017/05/04,金新农,金新农2016年度业绩说明会,002548
2017/05/09,金明精机,金明精机2016年度业绩网上说明会,300281
2017/03/31,金智科技,金智科技2016年度业绩说明会,002090
2017/04/07,金杯电工,金杯电工2016年度业绩说明会,002533
2017/05/09,金正大,金正大2016年度业绩说明会,002470
2017/04/21,金河生物,金河生物2016年度业绩网上说明会,002688
2017/04/28,金洲管道,金洲管道2016年度业绩网上说明会,002443
2017/04/07,金石东方,金石东方2016年度业绩说明会,300434
2017/03/31,金禾实业,金禾实业2016年度业绩说明会,002597
2017/04/17,金科娱乐,金科娱乐2016年度业绩网上说明会,300459
2017/03/31,金莱特,金莱特2016年度业绩说明会,002723
2017/05/10,金螳螂,金螳螂2016年度业绩网上说明会,002081
2017/05/05,金贵银业,金贵银业2016年度业绩网上说明会,002716
2017/05/09,金轮股份,金轮股份2016年度业绩网上说明会,002722
2017/04/12,金达威,金达威2016年度业绩网上说明会,002626
2017/05/05,金运激光,金运激光2016年度业绩网上说明会,300220
2017/04/27,金通灵,金通灵2016年度业绩说明会,300091
2017/04/10,金雷风电,金雷风电2016年度业绩说明会,300443
2017/03/30,金风科技,金风科技2016年度业绩说明会,002202
2017/05/05,金龙机电,金龙机电2016年度业绩网上说明会,300032
2017/03/24,钢研高纳,钢研高纳2016年度业绩说明会,300034
2017/04/21,铁汉生态,铁汉生态2016年度业绩网上说明会,300197
2017/04/24,银之杰,银之杰2016年度业绩网上说明会,300085
2017/04/14,银信科技,银信科技2016年度网上业绩说明会,300231
2017/04/10,银宝山新,银宝山新2016年度业绩说明会,002786
2017/04/28,银江股份,银江股份2016年度业绩网上说明会,300020
2017/03/29,银河电子,银河电子2016年度业绩说明会,002519
2017/04/07,银河磁体,银河磁体2016年度业绩说明会,300127
2017/03/21,银禧科技,银禧科技2016年度业绩说明会,300221
2017/04/19,银轮股份,银轮股份2016年度业绩说明会,002126
2017/05/05,银邦股份,银邦股份2016年度业绩说明会,300337
2017/04/28,锐奇股份,锐奇股份2016年度业绩网上说明会,300126
2017/03/10,锦富技术,锦富技术2016年度业绩说明会,300128
2017/05/10,键桥通讯,键桥通讯2016年度业绩网上说明会,002316
2017/04/25,长亮科技,长亮科技2016年度业绩网上说明会,300348
2017/04/18,长信科技,长信科技2016年度业绩说明会,300088
2017/05/09,长城影视,长城影视2016年度业绩网上说明会,002071
2017/05/05,长方集团,长方集团2016年度业绩网上说明会,300301
2017/05/05,长江润发,长江润发2016年度业绩网上说明会,002435
2017/04/20,长海股份,长海股份2016年度业绩网上说明会,300196
2017/04/14,长生生物,长生生物2016年业绩网上说明会,002680
2017/04/07,长盈精密,长盈精密2016年度业绩说明会,300115
2017/05/04,长荣股份,长荣股份2016年度业绩说明会,300195
2017/04/26,长青股份,长青股份2016年年度业绩网上说明会,002391
2017/04/14,长青集团,长青集团2016年度业绩说明会,002616
2017/04/21,长高集团,长高集团2016年度业绩说明会,002452
2017/05/12,闰土股份,闰土股份2016年度业绩网上说明会,002440
2017/04/24,阳光电源,阳光电源2016年度业绩说明会,300274
2017/04/12,阳普医疗,阳普医疗2016年度业绩说明会,300030
2017/03/06,阳谷华泰,阳谷华泰2016年度业绩说明会,300121
2017/03/31,陇神戎发,陇神戎发2016年度业绩说明会,300534
2017/03/14,隆基机械,隆基机械2016年度业绩说明会,002363
2017/03/22,隆基股份,隆基股份2016年度业绩说明会,601012
2017/05/02,雄塑科技,雄塑科技2016年度业绩网上说明会,300599
2017/04/17,雄帝科技,雄帝科技2016年度业绩网上说明会,300546
2017/04/11,雄韬股份,雄韬股份2016年度业绩说明会,002733
2017/04/13,雅化集团,雅化集团2016年度业绩网上说明会,002497
2017/05/03,雅本化学,雅本化学2016年度业绩说明会,300261
2017/05/09,雅百特,雅百特2016年度业绩说明会,002323
2017/04/20,集智股份,集智股份2016年度业绩网上说明会,300553
2017/05/04,雏鹰农牧,雏鹰农牧2016年度业绩说明会,002477
2017/05/10,雪人股份,雪人股份2016年度业绩说明会,002639
2017/03/27,雪榕生物,雪榕生物2016年度业绩说明会,300511
2017/03/31,雪莱特,雪莱特2016年度业绩说明会,002076
2017/03/20,雪迪龙,雪迪龙2016年度业绩说明会,002658
2017/05/09,雷曼股份,雷曼股份2016年度业绩网上说明会,300162
2017/03/27,雷柏科技,雷柏科技2016年度业绩说明会,002577
2017/05/05,雷科防务,雷科防务2016年度业绩说明会,002413
2017/04/19,霞客环保,霞客环保2016年度业绩说明会,002015
2017/04/07,露天煤业,露天煤业2016年度业绩网上说明会,002128
2017/05/04,青岛金王,青岛金王2016年度业绩网上说明会,002094
2017/04/18,青松股份,青松股份2016年度业绩网上说明会,300132
2017/05/03,青青稞酒,青青稞酒2016年度业绩说明会,002646
2017/04/07,青龙管业,青龙管业2016年度业绩说明会,002457
2017/05/04,鞍重股份,鞍重股份2016年度业绩说明会,002667
2017/04/28,韵达股份,韵达股份2016年度业绩网上说明会,002120
2017/03/22,顺丰控股,顺丰控股2016年度业绩说明会,002352
2017/05/04,顺威股份,顺威股份2016年度业绩说明会,002676
2017/04/27,顺灏股份,顺灏股份2016年度业绩说明会,002565
2017/04/06,顺络电子,顺络电子2016年度业绩说明会,002138
2017/03/28,顺网科技,顺网科技2016年度业绩说明会,300113
2017/03/24,顾地科技,顾地科技2016年度业绩说明会,002694
2017/02/28,飞凯材料,飞凯材料2016年度业绩说明会,300398
2017/05/05,飞利信,飞利信2016年度业绩网上说明会,300287
2017/04/21,飞力达,飞力达2016年度业绩网上说明会,300240
2017/04/26,飞荣达,飞荣达2016年度业绩说明会,300602
2017/05/05,飞马国际,飞马国际2016年度业绩说明会,002210
2017/05/09,首航节能,首航节能2016年度业绩说明会,002665
2017/04/07,香雪制药,香雪制药2016年度业绩说明会,300147
2017/04/07,骅威文化,骅威文化2016年度业绩网上说明会,002502
2017/04/18,高乐股份,高乐股份2016年度业绩网上说明会,002348
2017/04/24,高争民爆,高争民爆2016年度业绩网上说明会,002827
2017/04/28,高伟达,高伟达2016年度业绩网上说明会,300465
2017/04/13,高德红外,高德红外2016年度业绩网上说明会,002414
2017/04/27,高斯贝尔,高斯贝尔2016年度业绩网上说明会,002848
2017/04/25,高新兴,高新兴2016年度业绩说明会,300098
2017/04/13,高澜股份,高澜股份2016年度业绩网上说明会,300499
2017/04/28,高盟新材,高盟新材2016年度业绩说明会,300200
2017/04/26,高科石化,高科石化2016年度业绩网上说明会,002778
2017/04/12,鱼跃医疗,鱼跃医疗2016年度业绩说明会,002223
2017/03/15,鲁亿通,鲁亿通2016年度业绩说明会,300423
2017/05/05,鲁阳节能,鲁阳节能2016年度业绩网上说明会,002088
2017/04/27,鲍斯股份,鲍斯股份2016年度业绩网上说明会,300441
2017/05/08,鸿利智汇,鸿利智汇2016年年度业绩网上说明会,300219
2017/04/20,鸿博股份,鸿博股份2016年度业绩网上说明会,002229
2017/03/31,鸿特精密,鸿特精密2016年度业绩说明会,300176
2017/04/07,鸿路钢构,鸿路钢构2016年度业绩说明会,002541
2017/05/08,鸿达兴业,鸿达兴业2016年度业绩网上说明会,002002
2017/03/24,鹏翎股份,鹏翎股份2016年度业绩说明会,300375
2017/05/09,鹏辉能源,鹏辉能源2016年度业绩网上说明会,300438
2017/04/21,鹭燕医药,鹭燕医药2016年度网上业绩说明会,002788
2017/04/11,麦捷科技,麦捷科技2016年度业绩说明会,300319
2017/05/05,麦趣尔,麦趣尔2016年度业绩网上说明会,002719
2017/04/06,麦达数字,麦达数字2016年度业绩说明会,002137
2017/04/10,麦迪电气,麦迪电气2016年度业绩网上说明会,300341
2017/04/17,黄山胶囊,黄山胶囊2016年度业绩网上说明会,002817
2017/04/14,黑牛食品,黑牛食品2016年度业绩网上说明会,002387
2017/05/10,黑猫股份,黑猫股份2016年度业绩网上说明会,002068
2017/04/07,黔源电力,黔源电力2016年度业绩说明会,002039
2017/03/30,鼎捷软件,鼎捷软件2016年度业绩说明会,300378
2017/04/28,鼎汉技术,鼎汉技术2016年度业绩网上说明会,300011
2017/04/18,鼎龙股份,鼎龙股份2016年度业绩说明会,300054
2017/04/05,齐峰新材,齐峰新材2016年度业绩说明会,002521
2017/03/24,齐心集团,齐心集团2016年度业绩说明会,002301
2017/03/27,齐翔腾达,齐翔腾达2016年度业绩说明会,002408
2017/04/11,龙力生物,龙力生物2016年度业绩网上说明会,002604
2017/04/28,龙大肉食,龙大肉食2016年度业绩网上说明会,002726
2017/05/08,龙星化工,龙星化工2016年度业绩网上说明会,002442
2017/05/08,龙泉股份,龙泉股份2016年度业绩说明会,002671
2017/04/17,龙津药业,龙津药业2016年度业绩说明会,002750
2017/05/03,龙洲股份,龙洲股份2016年度业绩说明会,002682
2017/03/28,龙源技术,龙源技术2016年度业绩说明会,300105
2017/04/17,龙蟒佰利,龙蟒佰利2016年度业绩说明会,002601
